nonstationary level,time series length,observation noise,process noise,evidence,significance_level,bayes factor error
0,50,0.1,0.1,-0.6757331952793169,-0.16835095942278588,0.004379965102156768
0,50,0.1,0.1,2.1668072213332206,0.3928174554270124,0.00015575971326250608
1,50,0.1,0.1,-2.40597991660034,-0.7401953012069025,0.00011430780658691617
2,50,0.1,0.1,-0.8065924382245354,-0.20409081578842603,0.008899283170496217
0,100,0.1,0.1,-1.023774675506928,-0.2658360723730784,0.021484401101005385
1,100,0.1,0.1,-2.234301835086268,-0.6727467066781527,0.004420229498253773
2,100,0.1,0.1,0.2982266732309474,0.06636455165693445,8.549134886033547
0,200,0.1,0.1,-0.30443359105290607,-0.072613747913165,0.8641674620924671
1,200,0.1,0.1,-2.1903781297096154,-0.6559141336348613,9.463438510687741
2,200,0.1,0.1,20.981989680180796,0.9920237082291643,4.857684696426735
0,100,0.0,0.1,2.6991325213655415,0.4628609238556085,3.7726943168845004
1,100,0.0,0.1,-2.474340296403705,-0.767803663777523,5.3791346221325305e-06
2,100,0.0,0.1,-4.603250705201839,-1.8861910161143283,0.16076262363193433
0,100,0.1,0.1,-1.0989104709067892,-0.2879264047552821,0.2507257981703858
1,100,0.1,0.1,-3.407014171503895,-1.191297872847422,0.08712008769407048
2,100,0.1,0.1,-0.054873874370113436,-0.012715337615466948,2.5415382996082356
0,100,0.2,0.1,-3.5334339998425857,-1.2560223613025667,0.18216040401733002
1,100,0.2,0.1,-3.4646153913763333,-1.2205550237037412,0.5450146534244296
2,100,0.2,0.1,-0.42733915486980806,-0.10340237772958938,0.0003462986956578099
0,100,0.3,0.1,4.043755754984659,0.6058836749886187,0.02211046852701879
1,100,0.3,0.1,-1.7997317011929788,-0.5134677464114623,0.46142704647162447
2,100,0.3,0.1,-0.5033006855894621,-0.12287152473640739,0.0005856119465390661
0,100,0.1,0.0,-5.636995999496577,-2.661841986345844,4.2163958002486965e-06
1,100,0.1,0.0,-5.202569123798396,-2.3132706422554907,0.00011707386058464971
2,100,0.1,0.0,-3.141103404393613,-1.0611535204208282,1.8695658333167348e-05
0,100,0.1,0.1,6.233693741132339,0.7619705868450986,0.11401923998878744
1,100,0.1,0.1,5.44707445323062,0.7147060548237184,0.08757096657923666
2,100,0.1,0.1,-2.347906636055181,-0.7170805293204503,0.016073191959846148
0,100,0.1,0.2,-4.56664866397256,-1.861968611834449,20.51585227262366
1,100,0.1,0.2,-0.13000580397948702,-0.03038749746668823,1.239657754873667
2,100,0.1,0.2,0.37549664385772097,0.08282895505461574,0.04609112454610843
0,50,0.1,0.1,-1.274750240520641,-0.34114280507684436,0.002575413290243642
1,50,0.1,0.1,-0.2374225310228419,-0.056190490838373464,5.478600386905602e-05
2,50,0.1,0.1,1.4112934365447904,0.27744542309732756,7.265499826841415e-05
0,100,0.1,0.1,-2.0932952311934114,-0.6193082298878532,0.040774733819890746
1,100,0.1,0.1,-2.253848905419947,-0.6802925062926224,0.0005692939572453645
2,100,0.1,0.1,-2.1950196236420965,-0.6576848270983813,0.03382320175985423
0,200,0.1,0.1,-2.664401274107635,-0.8468861624338175,9.997713597853352
1,200,0.1,0.1,-3.750410958425486,-1.371598111486489,6.864519270171323
2,200,0.1,0.1,1.5855525279260667,0.30586371487662367,1.6269480590087375
0,100,0.0,0.1,-3.2483813369302994,-1.1127014661161225,4.313562495988454
1,100,0.0,0.1,-3.419280442169777,-1.1974957520463612,0.00298717600802289
2,100,0.0,0.1,-3.846377466531086,-1.424586857045007,1.1492502461006147
0,100,0.1,0.1,-1.5229493984114844,-0.42002156514069755,0.0006725228738425027
1,100,0.1,0.1,-1.3862260406852092,-0.3760132126480342,0.016351520708677594
2,100,0.1,0.1,-1.125821515807284,-0.2959318140976013,10.722379201312943
0,100,0.2,0.1,-5.0098956369576335,-2.1694912977356697,0.014989857797264104
1,100,0.2,0.1,5.571931386177963,0.7227912966797027,0.6031472346223078
2,100,0.2,0.1,-2.447341946611149,-0.7568480246106124,0.0016610359090377834
0,100,0.3,0.1,-2.1396220926008476,-0.6366740977525362,0.435075228353907
1,100,0.3,0.1,-3.8814943090970067,-1.4442714265437808,1.0086798134459802
2,100,0.3,0.1,-1.8402405726412117,-0.5276506784197985,0.004954561431518026
0,100,0.1,0.0,-4.354513380056659,-1.7255323303288383,2.0750214683214026e-05
1,100,0.1,0.0,-4.788230172889638,-2.0117784208959875,2.618420934463815e-07
2,100,0.1,0.0,-1.4956776109484935,-0.41113239218345154,9.796698078644338e-08
0,100,0.1,0.1,-1.8878063535295908,-0.5444741196993625,0.00344406993042797
1,100,0.1,0.1,-0.6380600911332402,-0.15825986846310935,6.265420802968339e-05
2,100,0.1,0.1,0.23529374281507953,0.05273688749185501,1.6001997565550654
0,100,0.1,0.2,0.17882188197544768,0.04033907494012701,10.222805464018908
1,100,0.1,0.2,-0.8246717669868655,-0.20911379655009754,0.054619114778369116
2,100,0.1,0.2,5.303682625271864,0.705129220762759,4.05782527335818
0,50,0.1,0.1,1.9697655984486004,0.3646347765370913,0.08974986483970349
1,50,0.1,0.1,-4.573649579111457,-1.8665858838559957,0.13484587708622772
2,50,0.1,0.1,4.203535994001645,0.6201200251320335,0.007630886796250357
0,100,0.1,0.1,-0.6638436191115595,-0.16515676726950512,3.192632915260389
1,100,0.1,0.1,-3.674410842331093,-1.3304569473887105,0.46354287693932283
2,100,0.1,0.1,0.35854572454293687,0.07924215553748981,0.2857621212886093
0,200,0.1,0.1,2.0257607641848954,0.37277418630800563,12.648451152223242
1,200,0.1,0.1,-2.82656851598321,-0.9171533447763569,1.8018890513084667
2,200,0.1,0.1,-3.241072627157582,-1.1091490064589986,0.5952424317571458
0,100,0.0,0.1,-3.499686797561669,-1.2385596933587548,0.11931976701578663
1,100,0.0,0.1,-2.7407368418138796,-0.8796356964456447,1.214766128377814e-05
2,100,0.0,0.1,2.303672853907047,0.4116541226610517,0.28061009000424325
0,100,0.1,0.1,-1.889290430749348,-0.5450019897577523,0.012307146149398424
1,100,0.1,0.1,-2.495035154668979,-0.7762476463539918,0.05112796177561308
2,100,0.1,0.1,5.251938310670398,0.7015949497446126,1.4032625202632425
0,100,0.2,0.1,-0.774998139679759,-0.19536301363440467,0.0008348016277448381
1,100,0.2,0.1,-2.2418016218876406,-0.6756378514106323,1.448674102325152
2,100,0.2,0.1,0.07133938552706558,0.01629232130853464,0.00452169136861174
0,100,0.3,0.1,8.808121108446278,0.8684206037975468,0.007456942378888529
1,100,0.3,0.1,-1.9835966142303818,-0.5789183112384011,0.08083627991894081
2,100,0.3,0.1,-0.3840398189749938,-0.09245606953676333,0.015421569045378069
0,100,0.1,0.0,-6.669297683994615,-3.6444016256325105,0.00012427300456349622
1,100,0.1,0.0,-3.469303884562022,-1.2229535526426853,2.943224320035521e-06
2,100,0.1,0.0,-1.130892281050416,-0.2974458107261897,9.017539255003979e-07
0,100,0.1,0.1,-3.0840411562070145,-1.0342490208172728,0.06866636657277882
1,100,0.1,0.1,-1.3188499067821078,-0.3548305802997944,0.05881549435413849
2,100,0.1,0.1,0.050621653478036745,0.011588397697780528,2.0941094113726866
0,100,0.1,0.2,-0.09252954336305756,-0.021534301979385884,3.085212436180637
1,100,0.1,0.2,-2.4058413520674016,-0.7401397800081477,0.0586408576901027
2,100,0.1,0.2,13.47190680135246,0.9550417580861066,0.06426403617235514
0,50,0.1,0.1,3.5810019381513096,0.5615704616859831,0.008611653985909136
1,50,0.1,0.1,5.007794567011507,0.6843392796208734,0.0008616069491302176
2,50,0.1,0.1,-1.0831301121370382,-0.2832551362693436,0.10931484243828178
0,100,0.1,0.1,-3.4937519083219826,-1.2355026593082785,0.0014881955120226188
1,100,0.1,0.1,2.00400817587627,0.36962470789414326,0.0037098074513580697
2,100,0.1,0.1,8.566108709184405,0.8608801409197712,4.83233499730836
0,200,0.1,0.1,-0.6546567312496714,-0.16269464734607642,7.545783865658232e-06
1,200,0.1,0.1,-0.4205030571246679,-0.10166691173666154,0.30433752337794323
2,200,0.1,0.1,5.624363089785309,0.7261178736102352,11.48324605759189
0,100,0.0,0.1,-8.081528107248857,-5.429138930113329,0.060591049984616834
1,100,0.0,0.1,-1.3763030540529317,-0.3728728149943954,7.267253926676433e-05
2,100,0.0,0.1,-3.079313227079985,-1.0320356489427347,0.7273923331219692
0,100,0.1,0.1,-3.4403218171501457,-1.2081683547428943,0.27472615210770124
1,100,0.1,0.1,-3.668487654269512,-1.3272806864851066,0.0002474100959509673
2,100,0.1,0.1,-3.0032518498873606,-0.9967568592281757,0.03359960827988232
0,100,0.2,0.1,-1.5237120082426359,-0.4202709391336674,0.0006608275306898691
1,100,0.2,0.1,0.11629372856874573,0.026422278898992846,0.15937838173088278
2,100,0.2,0.1,0.5693764798906933,0.12287325809826855,0.0036562439054406235
0,100,0.3,0.1,0.3490588025683077,0.0772286126818974,0.010055206324745904
1,100,0.3,0.1,-2.958279976306775,-0.9761868161338665,0.43251578692463966
2,100,0.3,0.1,-2.2060035882830924,-0.6618826691255295,0.34066643856341056
0,100,0.1,0.0,-5.596610671557826,-2.627948113111054,5.079721254628683e-05
1,100,0.1,0.0,-4.675620581817227,-1.9346888241373255,0.00016908222114977176
2,100,0.1,0.0,-2.6383635216841608,-0.8358464420868641,2.1345849408864968e-05
0,100,0.1,0.1,-4.018265209663192,-1.5224729687853067,0.10150956852776054
1,100,0.1,0.1,-2.4275508822622145,-0.7488601754210571,0.007609878487066516
2,100,0.1,0.1,-1.7360665626829277,-0.4914429867053174,0.003745563630425235
0,100,0.1,0.2,1.1453085154866003,0.231809117245803,34.55568171344987
1,100,0.1,0.2,-3.6553682550189177,-1.3202609210889769,0.0019855781502231863
2,100,0.1,0.2,5.642219498459628,0.7272416527912123,0.1494938979049664
0,50,0.1,0.1,-1.5666207781511674,-0.43437292123036486,0.0007147737927341784
1,50,0.1,0.1,-1.549821522012077,-0.4288352377837894,0.0033505276705354755
2,50,0.1,0.1,-1.6525650001356502,-0.4630410105329119,0.00017840501874293952
0,100,0.1,0.1,-2.546171016272031,-0.7972856285811896,1.9010620173995012
1,100,0.1,0.1,-1.319127956975767,-0.35491732396805253,0.6333906165363429
2,100,0.1,0.1,0.1775066699998935,0.04004840841588808,0.054847010125934695
0,200,0.1,0.1,16.983886264153018,0.9799732086288973,9.006199809797607
1,200,0.1,0.1,5.8900127826576165,0.7423686425912743,0.16289968674989455
2,200,0.1,0.1,2.885021078594348,0.4853666907783335,0.2399865391248623
0,100,0.0,0.1,3.401760798846732,0.5430970941628163,7.518690483776355
1,100,0.0,0.1,-5.389611219149067,-2.4590841068482017,0.0003963715834009225
2,100,0.0,0.1,-0.7563188974768849,-0.19023273292509946,4.663104963104029
0,100,0.1,0.1,-4.044987106719909,-1.5380414510469786,0.27101120662400924
1,100,0.1,0.1,-2.1922790614195815,-0.656639095341234,0.0004835172546663825
2,100,0.1,0.1,0.5735290240824517,0.12371152958274867,3.918689051239127
0,100,0.2,0.1,-2.5979588542920147,-0.8188458162249885,0.009814333115839851
1,100,0.2,0.1,-4.594120410380672,-1.8801296694135359,0.7975646553766986
2,100,0.2,0.1,-1.9275278986423274,-0.558665023260343,0.31419568300906
0,100,0.3,0.1,1.0196749376107594,0.20926218876998193,0.0016819387691230999
1,100,0.3,0.1,-1.9906739339134696,-0.5814934348284058,0.004916858959498278
2,100,0.3,0.1,2.140902549795496,0.3891849277337289,0.0036546016996341427
0,100,0.1,0.0,-3.562316028464472,-1.2710756601798519,2.4323653017558648e-05
1,100,0.1,0.0,-5.298934492764291,-2.3876103359688607,9.803107296836494e-05
2,100,0.1,0.0,-2.1378245984158055,-0.6359968376056762,6.689030540915291e-06
0,100,0.1,0.1,-3.3560942271329215,-1.165755483728935,0.04520668818334184
1,100,0.1,0.1,-2.4527341861537666,-0.7590306977308252,0.026166696196408233
2,100,0.1,0.1,-2.7982286123302256,-0.9046836826796982,8.476991322679472
0,100,0.1,0.2,-2.8567919010112113,-0.930541714276335,0.5402634028581941
1,100,0.1,0.2,-2.583322313897626,-0.8127262817143184,0.12158253117330697
2,100,0.1,0.2,20.30140113969718,0.9906704674118963,0.004380139827674417
0,50,0.1,0.1,3.875113123846072,0.5902785626380773,2.2768547066558136
1,50,0.1,0.1,-0.9578492987457504,-0.24676594131993101,0.007117568584065762
2,50,0.1,0.1,-3.052826333419816,-1.0196803184243883,0.013963536387906726
0,100,0.1,0.1,-2.283396569270896,-0.6917635239872859,0.0002751735321030451
1,100,0.1,0.1,-1.7875896510619274,-0.5092422871457365,0.008252929970710936
2,100,0.1,0.1,0.3242652473180424,0.07194551205816269,1.784619170649545
0,200,0.1,0.1,1.4165329442383545,0.2783166171026856,0.6427596200670185
1,200,0.1,0.1,4.283331032568107,0.6270360147893403,2.581898129528549e-07
2,200,0.1,0.1,2.140965815283386,0.38919382566674476,0.4313382224581055
0,100,0.0,0.1,-3.694548054578349,-1.3412878180626322,9.119453211492038
1,100,0.0,0.1,-3.6647817159413734,-1.3252956094818256,5.377277280476277
2,100,0.0,0.1,13.871734649074982,0.9589959707080409,2.586755011070079
0,100,0.1,0.1,-4.216605098587518,-1.6403439804751985,2.593278094430704
1,100,0.1,0.1,2.156485918070452,0.39137272881467455,0.03826084529426454
2,100,0.1,0.1,-0.28281233222407137,-0.06728703354885068,1.5114612856889058
0,100,0.2,0.1,-0.9402035360138017,-0.2417105001078208,0.0006242237792480577
1,100,0.2,0.1,-4.631664638685823,-1.905135971633519,10.569129328016128
2,100,0.2,0.1,-0.9318414923294833,-0.23932197154422807,0.0022211219050195727
0,100,0.3,0.1,1.595463065780843,0.30744591796524856,0.014632419544656305
1,100,0.3,0.1,-1.456933780142278,-0.3985995301766019,0.002037452215259107
2,100,0.3,0.1,-0.7089626722960206,-0.1773247317653024,0.00027229677591596933
0,100,0.1,0.0,-4.208587620456624,-1.6354741575447145,1.6923821562000365e-06
1,100,0.1,0.0,-4.4772456405259975,-1.8036549547733856,0.003362405645750267
2,100,0.1,0.0,-2.289493468033296,-0.6941401957697269,2.432518725969766e-06
0,100,0.1,0.1,0.6821260992624714,0.14535178467017684,0.44123454989505
1,100,0.1,0.1,-2.275637178782085,-0.688743606743017,0.025915546369982605
2,100,0.1,0.1,1.2320487889123939,0.24699974875161446,2.5805659718906444
0,100,0.1,0.2,2.6344368647951817,0.45479941454831985,0.6548818429345971
1,100,0.1,0.2,4.677204415566053,0.6593726165881932,0.028386941036358117
2,100,0.1,0.2,-3.620795443176648,-1.3018633824817045,1.4685963032941027
0,50,0.1,0.1,14.65745005277056,0.9657819706307378,0.0005934660161249013
1,50,0.1,0.1,-1.376739304867668,-0.37301072762989373,0.00011162742347199545
2,50,0.1,0.1,-3.497647542346507,-1.2375088112667507,3.2097565716983845e-05
0,100,0.1,0.1,-2.1471719371571916,-0.6395217926358494,12.922234879476882
1,100,0.1,0.1,-3.2567090834393584,-1.1167565306798366,0.09756872177647974
2,100,0.1,0.1,-2.3740717476110533,-0.7274567178829965,0.5323342697274758
0,200,0.1,0.1,-5.315079432676598,-2.4002272477973463,30.30255331203738
1,200,0.1,0.1,-3.387739468252607,-1.1815940819934028,1.0773236864462485
2,200,0.1,0.1,-1.3399995181343207,-0.3614445314086703,1.3761907544009149
0,100,0.0,0.1,-3.0444565446086953,-1.0157917083256676,0.0011725059678708064
1,100,0.0,0.1,-2.10346316075029,-0.6231038805635514,0.011254902134146974
2,100,0.0,0.1,-1.842420646032158,-0.5284177216977728,4.950808160892994
0,100,0.1,0.1,-3.6966178737642146,-1.3424039265160048,0.016751063218181143
1,100,0.1,0.1,2.785231982919589,0.4734049144821846,0.013783020781192033
2,100,0.1,0.1,0.6708499357430611,0.14312986489592194,0.9862161577577453
0,100,0.2,0.1,11.052160924932867,0.9215154978960534,0.30956811637143977
1,100,0.2,0.1,-1.4263754103720303,-0.3887930709741634,0.4956469739246634
2,100,0.2,0.1,-1.4109178254357708,-0.3838588088005397,0.07048351872210457
0,100,0.3,0.1,-2.4271535898103944,-0.7487001970661957,0.0007797991311282979
1,100,0.3,0.1,-5.5069021283507364,-2.5537773318139982,2.6731052416143593
2,100,0.3,0.1,-0.19910012882859526,-0.04691160235680325,0.3847882667543333
0,100,0.1,0.0,-5.066014893520374,-2.2107130212331882,9.541170536192585e-05
1,100,0.1,0.0,-3.6327703755388043,-1.308219138045156,0.09231333923365166
2,100,0.1,0.0,-3.2728291419769997,-1.1246280662777859,1.5229602703328434e-05
0,100,0.1,0.1,-3.5455735496214755,-1.262337294894512,20.102972089003085
1,100,0.1,0.1,3.6191587115148227,0.5654055970346139,0.04785554276312639
2,100,0.1,0.1,2.6768387867696926,0.4600965267681374,0.008966976674439773
0,100,0.1,0.2,2.265703310139496,0.4064877748275738,0.08316476324532847
1,100,0.1,0.2,-0.07894666090009447,-0.01834436855981947,1.9862888068337714
2,100,0.1,0.2,-1.0466939383916243,-0.2725339972057834,6.149163971775637e-05
0,50,0.1,0.1,-0.7280672125379207,-0.1825151711523001,0.0003362285465318013
1,50,0.1,0.1,1.693210467631626,0.322859245286755,0.12689156585211586
2,50,0.1,0.1,3.9478663085233574,0.5970850619352751,0.010557427945430343
0,100,0.1,0.1,-3.991169161972122,-1.506784012254819,17.015529868649633
1,100,0.1,0.1,2.3566707648503122,0.4187902066614051,0.37060095808132987
2,100,0.1,0.1,-3.371520529350221,-1.1734620069300354,11.803803675992018
0,200,0.1,0.1,-5.99854704630098,-2.9797400410482604,13.006029376480177
1,200,0.1,0.1,-0.5988738357116768,-0.1478559336307126,0.19370437622064884
2,200,0.1,0.1,24.044146274756066,0.9960591911253248,5.804734880340378
0,100,0.0,0.1,-2.768503626601789,-0.891691718840024,4.081437223886553
1,100,0.0,0.1,-0.2049480303540728,-0.04832224880681446,5.7500857104084014e-06
2,100,0.0,0.1,-4.100190256702783,-1.5705083897115926,0.02226040251441399
0,100,0.1,0.1,3.8353518315184605,0.5865101847293047,0.0193452622586281
1,100,0.1,0.1,-3.4768378394350274,-1.226813184157717,0.03948597841657977
2,100,0.1,0.1,0.07499623550464485,0.017120275033224108,0.001044762041145403
0,100,0.2,0.1,-1.6049562208660446,-0.44709026560175524,0.0009282619133526033
1,100,0.2,0.1,-2.644951730386031,-0.8386335182777904,0.0015484870752852627
2,100,0.2,0.1,-0.6103544065491607,-0.1508943039844468,0.17816610320672555
0,100,0.3,0.1,-1.42239749665518,-0.38752159046242607,0.010260735235189973
1,100,0.3,0.1,-1.9931093888600002,-0.5823805601190024,0.12804204190124466
2,100,0.3,0.1,-0.9909487366999814,-0.2563043793141928,0.0006050799917754132
0,100,0.1,0.0,-3.9472047066395195,-1.4815353755360827,2.98319887747211e-06
1,100,0.1,0.0,-3.608213903303415,-1.2952045190765467,6.2225368384169e-05
2,100,0.1,0.0,-3.5558312280550575,-1.2676870648677467,2.3952777673149236e-05
0,100,0.1,0.1,3.7089133314505407,0.5742950825714647,0.004730625142680138
1,100,0.1,0.1,-3.41242776828035,-1.1940310873640572,0.056256146147922785
2,100,0.1,0.1,-2.0511621475832027,-0.6036744675371835,1.3584862629608974
0,100,0.1,0.2,-1.5724256885622068,-0.43629142901560747,0.015859782366988283
1,100,0.1,0.2,-2.1098551221999147,-0.6254945294111314,0.07022945718074111
2,100,0.1,0.2,5.33940881665126,0.707544954483064,0.41334308614052007
0,50,0.1,0.1,3.081062689247645,0.5080808483385539,0.04481824959506943
1,50,0.1,0.1,0.978481390786491,0.20172622698867126,0.04976547825392937
2,50,0.1,0.1,-1.9800801236702505,-0.5776403755656341,0.01502849959865759
0,100,0.1,0.1,-3.965510796127605,-1.4920174530368788,0.11746940197462499
1,100,0.1,0.1,-3.8987270658784743,-1.4539895363275344,0.06377196178860275
2,100,0.1,0.1,-1.7025842117734484,-0.47998877392235206,0.005925869578548843
0,200,0.1,0.1,-4.368554549672437,-1.7343585058536748,29.949670132876953
1,200,0.1,0.1,-5.5371180810236105,-2.578588880146364,20.79355361690299
2,200,0.1,0.1,0.0817419642287251,0.0186457591657736,18.192848575444476
0,100,0.0,0.1,-0.9850579000503945,-0.25460146406723916,8.613707983494399e-05
1,100,0.0,0.1,-3.724087492704805,-1.3572668525287153,0.00021507141859217362
2,100,0.0,0.1,9.106336698528173,0.8771524979286922,4.557186477022376
0,100,0.1,0.1,-3.8476331155970414,-1.4252879643582275,0.4017358753123793
1,100,0.1,0.1,0.34402411572232405,0.07615824243125358,0.7588440835255406
2,100,0.1,0.1,7.934219974999963,0.8390918645154744,1.9928149937431512
0,100,0.2,0.1,3.0334051163638516,0.5026530163248096,1.596802690310465
1,100,0.2,0.1,-3.002967115640973,-0.9966259511816737,0.014599013139051641
2,100,0.2,0.1,1.7402768441536516,0.33015809150062847,0.16633124700971175
0,100,0.3,0.1,-1.5549577992828385,-0.43052608022442707,0.009085527622202652
1,100,0.3,0.1,-3.6931871526274715,-1.3405542687955947,0.03161990156682072
2,100,0.3,0.1,-1.9992952061364027,-0.5846360092801084,0.0936295558254513
0,100,0.1,0.0,-4.297566873368221,-1.690027298964702,0.00013785431696651038
1,100,0.1,0.0,-3.960992492725688,-1.4894261615816449,0.003105666508804415
2,100,0.1,0.0,-1.212357223644516,-0.32201298954040425,2.774080878300081e-05
0,100,0.1,0.1,-3.7921649879104007,-1.3945091382270847,0.1046696473478667
1,100,0.1,0.1,1.4870705661616967,0.28994344116422477,0.033365949212955534
2,100,0.1,0.1,7.248088401752809,0.8115521617708413,14.758741616876094
0,100,0.1,0.2,5.574299749282259,0.7229424272858102,0.0443148602259501
1,100,0.1,0.2,-1.5319473670979031,-0.42296669929441144,0.18110621187061254
2,100,0.1,0.2,6.220642476661819,0.7612541933537079,8.633449320145264
0,50,0.1,0.1,-3.8999654218360815,-1.4546893715754696,0.0009360590454912161
1,50,0.1,0.1,-3.6728509249171677,-1.3296200342504316,0.0008570229452322668
2,50,0.1,0.1,5.0465224840874265,0.6871416492319453,0.025300508752661037
0,100,0.1,0.1,-1.442522772713659,-0.3939663087335441,1.1950159266501408
1,100,0.1,0.1,-3.844359881135015,-1.4234607375272685,0.06570540488608345
2,100,0.1,0.1,5.856486640828582,0.7403721147358278,0.1404753162176039
0,200,0.1,0.1,-5.467633227476706,-2.521788919765974,4.8946541418164085
1,200,0.1,0.1,3.5127690365750706,0.5546278088905408,0.731199457250516
2,200,0.1,0.1,11.012997771747573,0.9208045514677505,13.827595190630749
0,100,0.0,0.1,5.923569644212233,0.7443516255584932,1.4205045925659123
1,100,0.0,0.1,-5.409785648694401,-2.475190087980097,4.244273779310845
2,100,0.0,0.1,-2.5970152217403406,-0.8184506613835298,0.1877157482805334
0,100,0.1,0.1,-4.165714380977871,-1.609584944338391,3.741146906839321
1,100,0.1,0.1,-4.333699316640206,-1.7125011542635105,5.633558030303192
2,100,0.1,0.1,6.5080863540630505,0.7765443374093319,0.887479319790065
0,100,0.2,0.1,-3.2508166524769906,-1.1138865001820584,30.251364829363915
1,100,0.2,0.1,-3.9067015893860733,-1.4584996960797443,0.0037862803605975223
2,100,0.2,0.1,3.9779802195963065,0.5998692040252201,1.011918578315687
0,100,0.3,0.1,0.2671149910660886,0.05965222586256713,0.0769200348604111
1,100,0.3,0.1,-2.4165056953973836,-0.7444180409384393,0.449110002666418
2,100,0.3,0.1,1.3351215081533605,0.26466057834924606,5.732713420732138e-05
0,100,0.1,0.0,-3.3530978480911733,-1.1642617539065196,0.00018664623776327625
1,100,0.1,0.0,-2.833635753039311,-0.9202756518226509,0.0005641163079544813
2,100,0.1,0.0,-1.6338037532203797,-0.4567343978004925,5.660482041075583e-07
0,100,0.1,0.1,-3.7504571293606794,-1.3716233246746206,0.007167077569060421
1,100,0.1,0.1,8.120320126813406,0.8458413184567002,0.00492877025604902
2,100,0.1,0.1,-2.0075775344158617,-0.5876609149210836,0.018974783236476486
0,100,0.1,0.2,-4.0045856910596305,-1.5145401190549839,0.2713441137327014
1,100,0.1,0.2,-1.3419753913101666,-0.36206407733149537,0.0023178168498643845
2,100,0.1,0.2,-0.7531631056098227,-0.18936816692793657,0.07044882148345438
0,50,0.1,0.1,-2.586329549398378,-0.8139819234141343,0.0002943005347901284
1,50,0.1,0.1,0.3212927126734212,0.07131008643405234,0.04242009598144001
2,50,0.1,0.1,-1.0406198101247022,-0.2707554501083218,0.0009501433403656126
0,100,0.1,0.1,-1.6908231326922754,-0.47598625532231886,0.16299235701183717
1,100,0.1,0.1,-3.2086380423267737,-1.0934558402405257,0.061838547916553244
2,100,0.1,0.1,-2.313960990912209,-0.7037116734091593,0.4559736834650895
0,200,0.1,0.1,1.141746465224157,0.231178794477078,1.2226633096851092
1,200,0.1,0.1,-2.4369879589393304,-0.7526645230977353,0.11708069005067757
2,200,0.1,0.1,81.25975207736609,0.9999999925178779,10.076504830564659
0,100,0.0,0.1,-3.8686718647165486,-1.437065414576307,1.4049851630452919
1,100,0.0,0.1,1.5617343088617075,0.3020463719465678,0.048540467996681276
2,100,0.0,0.1,-1.0646461491495194,-0.27780509338281467,1.9537786149223542
0,100,0.1,0.1,-4.976498581828079,-2.1452115235530425,25.197553463388893
1,100,0.1,0.1,-4.009534957495982,-1.5174073493626863,0.5358227138845932
2,100,0.1,0.1,6.007057431834144,0.7492192153859683,2.464714973172191
0,100,0.2,0.1,-3.757077659786752,-1.375241463746573,0.09252982074330385
1,100,0.2,0.1,-1.8757939064968963,-0.5402080560985756,0.0013023251602720305
2,100,0.2,0.1,-1.916075866140846,-0.5545603501655199,0.03305245145769594
0,100,0.3,0.1,8.8320535699856,0.8691436979907369,0.011874439729326024
1,100,0.3,0.1,-1.772683399127599,-0.504071007644745,0.002570133086030652
2,100,0.3,0.1,7.7668765626492275,0.8327707108328474,0.007610704998609542
0,100,0.1,0.0,-3.6920770834796817,-1.3399560928646763,6.282048364686892e-05
1,100,0.1,0.0,-4.168421939660657,-1.611212367115201,0.002781629009659889
2,100,0.1,0.0,-0.4401446240505836,-0.10666063617948396,9.704581429670866e-06
0,100,0.1,0.1,4.884288380893772,0.6752335471447136,0.3759996822326769
1,100,0.1,0.1,-0.4855564572423011,-0.11829310119872849,0.0009975940024334784
2,100,0.1,0.1,-3.0674405180937008,-1.026488072004677,3.909227003709188
0,100,0.1,0.2,-0.6390564994057745,-0.15852564023003435,1.4686319856063903
1,100,0.1,0.2,-3.840571191528462,-1.4213474855563955,0.016276695717203794
2,100,0.1,0.2,25.717326160592194,0.9973191816722818,0.2775481366194564
0,50,0.1,0.1,2.5566342385950676,0.44494428817265774,0.00011503809072955598
1,50,0.1,0.1,-0.39831818832691374,-0.09605366557853046,0.05935751731344964
2,50,0.1,0.1,-2.1779380121460195,-0.6511776490426748,1.471299162335521e-05
0,100,0.1,0.1,-4.551169069187934,-1.851785831080472,1.3533938144529756
1,100,0.1,0.1,2.0644159679447047,0.37833215700243383,0.20279057918186946
2,100,0.1,0.1,-3.5329010100881018,-1.2557455069853245,0.14716689038473912
0,200,0.1,0.1,-6.7168930899790595,-3.695580701122811,2.91698338372815
1,200,0.1,0.1,-4.943335318400769,-2.121285765891442,0.6841945314472015
2,200,0.1,0.1,9.629893345064556,0.8911043164168158,6.620770115068902
0,100,0.0,0.1,-0.16837577020197805,-0.039531315963168945,0.38924924940150035
1,100,0.0,0.1,-2.55155949731936,-0.7995169832294711,0.0192700300682035
2,100,0.0,0.1,-1.6944736987782978,-0.47722745243865083,0.8524684225765756
0,100,0.1,0.1,-2.461247783078446,-0.7624823571880375,0.003476344144685232
1,100,0.1,0.1,2.6276593205483905,0.45394791722905226,0.02905578443875891
2,100,0.1,0.1,0.050366110791288984,0.011530236980066944,1.6346265879291524
0,100,0.2,0.1,-1.5677562897305988,-0.4347480031332671,0.006671429409981137
1,100,0.2,0.1,-3.873117367401014,-1.439561308053777,0.003568662799569005
2,100,0.2,0.1,-1.177338662247082,-0.31139603493850543,2.3945429038387976e-05
0,100,0.3,0.1,-2.186139826660579,-0.6542989064685076,0.003226982208052286
1,100,0.3,0.1,9.275103067314687,0.8818347730908799,0.7927327261402964
2,100,0.3,0.1,3.487787489573573,0.552058550461356,2.816683826885521
0,100,0.1,0.0,-5.234409228282884,-2.337650999395406,9.65488365524319e-09
1,100,0.1,0.0,-3.6935471347964786,-1.340748282939869,0.0002117591930677751
2,100,0.1,0.0,-1.5219562053749367,-0.4196968559091996,3.576624711304934e-07
0,100,0.1,0.1,-2.930751578815717,-0.9637000802975324,0.04004862729209792
1,100,0.1,0.1,-0.9927752338602978,-0.25683284998748235,0.003027874026099231
2,100,0.1,0.1,8.212973655873682,0.8490953458264284,3.2992859273602377
0,100,0.1,0.2,4.611158894560172,0.6541529221671906,0.021473093175081486
1,100,0.1,0.2,-3.841882698750143,-1.4220788082853812,0.00040178516124590724
2,100,0.1,0.2,-1.3726376453896052,-0.3717146107862208,0.0018771638339868501
0,50,0.1,0.1,-2.0929615927025544,-0.6191838343855536,0.017250381590529055
1,50,0.1,0.1,-0.9287460999954529,-0.23843897138843273,0.0070160850149424345
2,50,0.1,0.1,0.4627409033693177,0.1010699269762464,0.03329538450599499
0,100,0.1,0.1,0.3795902053892117,0.08369305242817948,0.045711746720152276
1,100,0.1,0.1,-4.870557598844165,-2.0694160511865385,0.6421732449062314
2,100,0.1,0.1,3.344385025823733,0.5370207816004384,0.6688015442964997
0,200,0.1,0.1,-3.583633244614457,-1.2822505712875514,1.4488974694844158e-05
1,200,0.1,0.1,-3.419617283894903,-1.1976661979067598,0.2913309989811252
2,200,0.1,0.1,3.281637302834159,0.530283009451948,1.2347732122125807
0,100,0.0,0.1,-3.4621668299034463,-1.2193034229463562,0.05938726763862622
1,100,0.0,0.1,3.737044696949603,0.5770436687602419,1.0313615028206461e-05
2,100,0.0,0.1,-3.4349183822514817,-1.2054226890952755,0.2030127422970007
0,100,0.1,0.1,-4.151018421343943,-1.600769372549561,0.09465214401138304
1,100,0.1,0.1,-1.9448322502022222,-0.5648878729827309,0.1077976029238721
2,100,0.1,0.1,16.97528114767222,0.9799334881804966,0.165277774352372
0,100,0.2,0.1,7.369295756112226,0.8167388428824004,0.05711740418137451
1,100,0.2,0.1,-3.0876139547985297,-1.0359232194812176,0.010515568434084095
2,100,0.2,0.1,0.9164198119558359,0.19023683243700618,0.10964515363570872
0,100,0.3,0.1,-2.482615563042483,-0.7711753375178374,0.04449894833669599
1,100,0.3,0.1,0.662572301761255,0.14149511671965154,0.027378969426983736
2,100,0.3,0.1,-0.3004372244372406,-0.07162718549588609,0.0002186408260276317
0,100,0.1,0.0,-3.9979436280555185,-1.5106973420094736,8.73433835703712e-06
1,100,0.1,0.0,-4.83392970676006,-2.0436378109277253,6.0760773082397124e-05
2,100,0.1,0.0,-2.4701996899947334,-0.7661190255380894,1.8473990911825243e-07
0,100,0.1,0.1,-2.9433137174165447,-0.9693883828218572,0.006242161734280917
1,100,0.1,0.1,-3.6658687425092373,-1.325877697113639,0.014924350434848195
2,100,0.1,0.1,0.8620826741506483,0.18004176376594605,0.19340981404202598
0,100,0.1,0.2,-0.8861286297272006,-0.22634555978307414,5.752706666991765
1,100,0.1,0.2,-4.116774012725536,-1.5803427715345082,0.05676145422187832
2,100,0.1,0.2,2.7794564152058765,0.47270414370868374,5.283617500592791
0,50,0.1,0.1,-2.811560642497276,-0.9105396899827174,0.0024036760699856392
1,50,0.1,0.1,-1.6993329820592789,-0.4788812344481985,0.0008785480877170899
2,50,0.1,0.1,1.7798776248970958,0.3362382264428999,0.012989310485935386
0,100,0.1,0.1,1.5997316490716047,0.3081262794660061,6.773064868393639
1,100,0.1,0.1,-1.4744600749062426,-0.40425509243619207,1.574259808988543e-05
2,100,0.1,0.1,2.717798488640926,0.46516459229567564,3.1219325212878735
0,200,0.1,0.1,-4.02323619284873,-1.5253618725620912,23.156764032733577
1,200,0.1,0.1,1.6155303400607175,0.3106385935523097,0.37702861759804807
2,200,0.1,0.1,3.5038763681497875,0.5537149248939159,7.298537145312784
0,100,0.0,0.1,-3.6504434875531846,-1.3176313069379364,0.0037085342551831917
1,100,0.0,0.1,1.1122590335784788,0.22594094281189037,0.003975003352930238
2,100,0.0,0.1,-0.5322444777535337,-0.1303799555204479,2.3218589750654606
0,100,0.1,0.1,-3.1002237612102275,-1.0418431436858957,0.00926907833261935
1,100,0.1,0.1,2.477733372976643,0.43476810188600623,0.06622896465462781
2,100,0.1,0.1,-1.4986271058738798,-0.41209108304188136,1.7490045319305254
0,100,0.2,0.1,1.856563606431143,0.34785579515556864,0.007144158143109414
1,100,0.2,0.1,1.5406366317194067,0.2986475202852398,2.9290658646359278
2,100,0.2,0.1,-1.855604730791567,-0.5330646621866137,0.024082462089245735
0,100,0.3,0.1,-3.004307310993482,-0.9972421878251254,0.023220508889157904
1,100,0.3,0.1,1.4001365634308982,0.2755868193774018,0.04815203572929575
2,100,0.3,0.1,-1.347540562436581,-0.36381058316003867,0.0100144744914724
0,100,0.1,0.0,-4.400665407870077,-1.754650727088627,0.00010832923363631144
1,100,0.1,0.0,-3.283079049267292,-1.12964838322522,0.0009599836985623196
2,100,0.1,0.0,-2.528708995049035,-0.7900736489158751,3.422781303791819e-07
0,100,0.1,0.1,-4.055336700788299,-1.5440970248020838,2.9490334090236145
1,100,0.1,0.1,-4.835378558720494,-2.0446533698282745,1.1624130766136556
2,100,0.1,0.1,-2.0481436806012163,-0.6025602565967985,0.8115439393778745
0,100,0.1,0.2,-3.3253389352034968,-1.1504725015034412,0.22397802039750891
1,100,0.1,0.2,-1.5632144671807169,-0.43324833760573433,0.17113624744282824
2,100,0.1,0.2,-3.2144359726782805,-1.096252517916394,0.23721255780533249
0,50,0.1,0.1,-0.9457202711176527,-0.24328881639898414,0.006204165855756194
1,50,0.1,0.1,-0.4280119704287776,-0.10357333173136674,0.00014363791917542632
2,50,0.1,0.1,0.2940431047762581,0.06546474521880774,0.00700973808283673
0,100,0.1,0.1,-2.299380392745424,-0.6980013815896136,0.40371481605438353
1,100,0.1,0.1,-0.9168293755197875,-0.2350454429193356,0.06129378997557848
2,100,0.1,0.1,-2.884164864706876,-0.9427480712657803,1.3782790713586972
0,200,0.1,0.1,5.8120794363263855,0.737703765244603,25.667221083691015
1,200,0.1,0.1,-3.832544295954754,-1.416876336607296,0.5446394705623743
2,200,0.1,0.1,-0.9218219311258207,-0.2364660408855923,8.806035227640512
0,100,0.0,0.1,-4.715290826438908,-1.9616182842992544,0.5975216670541582
1,100,0.0,0.1,0.5759370957558627,0.12419727845089223,0.00047600973176267693
2,100,0.0,0.1,-2.021738561157693,-0.5928462452579126,0.14958540730205874
0,100,0.1,0.1,-1.5007315030368653,-0.4127754851380727,18.527765228362345
1,100,0.1,0.1,-1.0192741411972865,-0.2645249832156209,0.6866774907430273
2,100,0.1,0.1,-2.9449205749491423,-0.9701171768055203,0.22587746405174136
0,100,0.2,0.1,-3.9816695691942003,-1.501306760533914,6.876945369426903
1,100,0.2,0.1,-0.6089052287110084,-0.15051033127674862,0.004663228528744618
2,100,0.2,0.1,0.12493455661968243,0.028357406952807418,0.0012783627355840608
0,100,0.3,0.1,-1.5400010683035135,-0.42560794428170445,0.4442984809934166
1,100,0.3,0.1,-0.7003742662748216,-0.17499880961748238,0.022315786209521023
2,100,0.3,0.1,-2.351341508065004,-0.7184391201107563,0.09644709633913418
0,100,0.1,0.0,-3.9239189808753947,-1.4682656429260077,3.348914441717146e-05
1,100,0.1,0.0,-5.7801979173704705,-2.784598315556036,3.5948478431781292e-06
2,100,0.1,0.0,-4.0502976736769,-1.541146874607895,2.7860440211638254e-05
0,100,0.1,0.1,-3.8309971086336994,-1.4160154704024133,0.0641940812461017
1,100,0.1,0.1,2.120900495248334,0.3863652431648643,0.02488921567044084
2,100,0.1,0.1,2.3117092971092483,0.41274182615297006,0.09884514129253956
0,100,0.1,0.2,-3.3003928024410243,-1.1381554685898987,1.0405990844773187
1,100,0.1,0.2,3.8252816888844565,0.5855502985647993,0.001858029095063969
2,100,0.1,0.2,4.673237358031489,0.6590613287780782,4.961508862950324
0,50,0.1,0.1,-2.7264756915803154,-0.873473563476713,0.0058666979053549236
1,50,0.1,0.1,-1.3950781345171928,-0.3788207592995143,0.026943654087743747
2,50,0.1,0.1,4.945391308653033,0.6797708451714315,0.0001396949918202164
0,100,0.1,0.1,-2.939552139365249,-0.9676833644113041,0.08860568871040594
1,100,0.1,0.1,-3.9551023261618496,-1.4860521385797876,0.3467399654379285
2,100,0.1,0.1,-2.6398607377847254,-0.8364794532845334,0.02829687190971112
0,200,0.1,0.1,2.837076784073005,0.47965387876307475,9.891424505818105
1,200,0.1,0.1,-0.1758458029868094,-0.04132088859232175,5.2122449555761206
2,200,0.1,0.1,34.32310194191112,0.9996304358751383,2.71129324702319
0,100,0.0,0.1,-2.909658688901774,-0.9541858706935524,1.0303614406290857
1,100,0.0,0.1,-4.5051649872670625,-1.821736778050865,0.04211633309657101
2,100,0.0,0.1,9.179137869417946,0.8791946374462998,1.8698739819020953
0,100,0.1,0.1,-2.2396447815948304,-0.6748058845999529,0.5813472456527915
1,100,0.1,0.1,-3.227277962969785,-1.1024602630903524,0.11098564431278274
2,100,0.1,0.1,9.807649006265672,0.8954714082685342,0.006719573591205184
0,100,0.2,0.1,2.3863489260847413,0.4227484504516732,0.023648765118182948
1,100,0.2,0.1,-3.64263308403363,-1.3134669969765351,0.002056928896206809
2,100,0.2,0.1,1.4311814616543683,0.28074671542732854,0.0009558390605845422
0,100,0.3,0.1,4.537053648248056,0.6482009720144384,0.03528677978255508
1,100,0.3,0.1,0.9153122914593216,0.190030303525078,0.01632357463249865
2,100,0.3,0.1,-1.01630991290024,-0.26366219034333804,2.6814810772948322e-05
0,100,0.1,0.0,-5.822371860725626,-2.821529232816236,1.441553307295088e-07
1,100,0.1,0.0,-4.010978417283439,-1.518244196334709,0.015122586045261606
2,100,0.1,0.0,-3.4770501977235737,-1.2269220719787524,3.7510744290383217e-05
0,100,0.1,0.1,-2.652381980299541,-0.8417818888799673,0.017420424656618375
1,100,0.1,0.1,-4.123044679931851,-1.5840711536304868,0.04072583210624874
2,100,0.1,0.1,-3.44102783041955,-1.2085273560544247,0.41265727047323986
0,100,0.1,0.2,-1.307494029224735,-0.35129261384851507,20.242454899725942
1,100,0.1,0.2,2.2970146674864074,0.4107514354161961,0.00915933798768789
2,100,0.1,0.2,4.376562495144536,0.6349572306590462,10.984734491648783
0,50,0.1,0.1,-0.9328173315831206,-0.2396004726441019,0.00011745478461253058
1,50,0.1,0.1,-0.05928380460483404,-0.013744195310902763,0.001108743537086916
2,50,0.1,0.1,-2.0884602456827723,-0.6175064627488231,0.002570512226298243
0,100,0.1,0.1,-4.776811208154368,-2.0038699118704546,0.002369984094832009
1,100,0.1,0.1,9.495711029968328,0.8876872924530539,0.005802904035069841
2,100,0.1,0.1,-1.4245371171906114,-0.3882053433623256,0.6133999796913835
0,200,0.1,0.1,-4.79212976464526,-2.014483953947232,3.9809223041725335
1,200,0.1,0.1,1.48926933368559,0.2903028411140113,0.383525851854714
2,200,0.1,0.1,9.517779121761938,0.8882565468975818,2.62804922663752
0,100,0.0,0.1,3.4297134558563043,0.5460284316445722,0.39582752841910007
1,100,0.0,0.1,-2.6022623904447646,-0.8206490507938089,0.0010782031753733521
2,100,0.0,0.1,0.7855992694058198,0.16547361336030486,0.376146038778145
0,100,0.1,0.1,-3.2296607276716562,-1.1036140982975642,0.008061495882501327
1,100,0.1,0.1,-3.151993933346489,-1.066328631110907,0.5168465783541953
2,100,0.1,0.1,-2.7348926917347853,-0.8771080370130655,0.1400032488873787
0,100,0.2,0.1,23.85821502282965,0.9958868125908651,0.9121573432945683
1,100,0.2,0.1,7.6387558377041795,0.8277638075239226,0.09236444231550271
2,100,0.2,0.1,-1.3906526448780991,-0.3774164474035615,0.0005281995957189971
0,100,0.3,0.1,3.6345313353977056,0.5669412016708275,0.004404514874289842
1,100,0.3,0.1,-3.068619986425986,-1.0270385056853129,0.26528709022739216
2,100,0.3,0.1,-1.129073663053041,-0.2969026160888959,0.06943778042224505
0,100,0.1,0.0,-3.9475935383091136,-1.48175756181275,1.3372258446391151e-05
1,100,0.1,0.0,-3.8407787120534085,-1.421463188455577,0.018585616724153608
2,100,0.1,0.0,-2.453789044185571,-0.7594580006554208,3.2851628269284045e-08
0,100,0.1,0.1,-3.1196805504395124,-1.0510113091309474,0.016587743160968567
1,100,0.1,0.1,-2.9346569480430484,-0.9654667209895247,7.751759771709052
2,100,0.1,0.1,19.326900308884547,0.9883235729834942,0.09791980461468018
0,100,0.1,0.2,-2.008348364141817,-0.5879427340307015,0.3090237964931889
1,100,0.1,0.2,0.8031038487274047,0.16883046776205213,0.14987778291038928
2,100,0.1,0.2,16.18441685536023,0.9759254424390007,0.06665332964758532
0,50,0.1,0.1,-0.33535718939968573,-0.0802784657015474,7.169957278925562e-05
1,50,0.1,0.1,-1.580628558999666,-0.4390068321667544,0.0001482116924711213
2,50,0.1,0.1,-1.238000334628196,-0.3298419645987991,0.13392903012235136
0,100,0.1,0.1,-4.2602461005057535,-1.6670097909781663,0.41530099979395924
1,100,0.1,0.1,-1.6123971835906588,-0.4495717556679988,0.0005867497835948639
2,100,0.1,0.1,-1.8566447982105958,-0.5334318511829947,0.004532075510336431
0,200,0.1,0.1,-5.8184042647151655,-2.8180395821406306,8.514909546741224
1,200,0.1,0.1,0.9451669745560316,0.19557917986096407,3.3208790143564233
2,200,0.1,0.1,8.450063237858979,0.8571126847541136,2.446708842183317
0,100,0.0,0.1,-1.4502665079360617,-0.39645405283514434,0.008664043381238194
1,100,0.0,0.1,-4.4609131627505105,-1.7931310729961893,0.3995102357644272
2,100,0.0,0.1,-2.236160953298427,-0.6734629256762559,2.7133492222404865
0,100,0.1,0.1,-2.644037726684108,-0.8382466054603064,0.3701122039000796
1,100,0.1,0.1,-2.75493659800384,-0.8857914389047552,0.2886860349907201
2,100,0.1,0.1,4.703394910985496,0.6614206172568117,0.5080775998476903
0,100,0.2,0.1,-3.5528362381896006,-1.2661237573089372,0.04352862771216314
1,100,0.2,0.1,0.09718215993096485,0.022128510857633232,0.0003050351969463609
2,100,0.2,0.1,-1.4495627999608385,-0.3962277970838466,0.00030096015525404884
0,100,0.3,0.1,-2.8486387461689633,-0.9269208439212273,2.7098093474136506
1,100,0.3,0.1,-0.6729274941731155,-0.16759640575567047,0.016629469130234283
2,100,0.3,0.1,-3.2122668178242044,-1.0952057717240664,0.04161750335275234
0,100,0.1,0.0,-5.277830117081521,-2.3711883054181877,9.307467115476549e-06
1,100,0.1,0.0,-4.500812856474005,-1.8189104892499102,0.13250687225973476
2,100,0.1,0.0,2.395219303147394,0.42392627183312914,3.5797952836291e-06
0,100,0.1,0.1,-4.830599488552941,-2.04130481033043,0.30076647515302357
1,100,0.1,0.1,-0.6275180552411233,-0.1554517256350536,0.010828379896407794
2,100,0.1,0.1,-2.281831104002742,-0.6911538179275574,0.06367007287233425
0,100,0.1,0.2,0.7341751367416343,0.15553338227026015,0.02015441401081081
1,100,0.1,0.2,-1.4827646209661596,-0.40694286729856866,0.002282611541565401
2,100,0.1,0.2,4.353473274393407,0.6330113164573485,0.00013074467409705798
0,50,0.1,0.1,8.541948404391439,0.8601040442822282,0.01594700570788285
1,50,0.1,0.1,-2.1113825803748014,-0.6260663330347374,0.02281185791938811
2,50,0.1,0.1,-1.4527499973495672,-0.397252835870916,0.0006728899794523153
0,100,0.1,0.1,-3.889419660562366,-1.448736000056984,2.2916727466409803
1,100,0.1,0.1,-4.251204447326421,-1.6614630723101875,0.8865040851876448
2,100,0.1,0.1,11.500971541713348,0.9292212569443146,2.441356642201676
0,200,0.1,0.1,1.4778481894961646,0.28843401216833375,2.3962059996893523
1,200,0.1,0.1,-2.5943149831258157,-0.8173203857908189,5.514895068984572
2,200,0.1,0.1,-0.0704782365673213,-0.016360606345709128,26.982579500742403
0,100,0.0,0.1,-3.9520711077720447,-1.4843175695166888,2.9734803114211528
1,100,0.0,0.1,-2.1228758332461526,-0.6303752854504499,1.3832485208005384e-05
2,100,0.0,0.1,-1.1646789594389892,-0.3075788760820788,2.0575848192987687
0,100,0.1,0.1,8.52624234032193,0.8595972009320852,0.0983566472479684
1,100,0.1,0.1,6.323311609346077,0.7668320582483554,0.5306429133602111
2,100,0.1,0.1,1.3339959208117746,0.26446997127338046,1.4218487185852542
0,100,0.2,0.1,3.372928798284107,0.540053709944939,0.006399450442945962
1,100,0.2,0.1,1.3109296997838074,0.26055303624880244,0.0022181255726478485
2,100,0.2,0.1,4.224191685659253,0.6219225009876383,0.45313475520986646
0,100,0.3,0.1,-4.746554239850804,-1.9830149092031157,0.22080789234338993
1,100,0.3,0.1,-1.5691934784310333,-0.4352228755817664,0.0029250896665995946
2,100,0.3,0.1,-2.9327172106792805,-0.9645890589158741,0.009899769116100632
0,100,0.1,0.0,-5.315476967890888,-2.4005385047878853,0.00022170004542038902
1,100,0.1,0.0,-4.502720530379962,-1.8201489906469148,0.00010037605475723663
2,100,0.1,0.0,-1.7133361631596213,-0.48365736335256004,1.6681735617904452e-05
0,100,0.1,0.1,1.1467220229384725,0.23205910127639595,2.2658616133997254
1,100,0.1,0.1,3.491765277671675,0.5524686409621037,0.08140870131731459
2,100,0.1,0.1,-2.1526814572024815,-0.6416030325922053,6.177337633003134
0,100,0.1,0.2,1.5815708537736162,0.30522702894939213,10.698640485017698
1,100,0.1,0.2,-3.4806289575063087,-1.2287579008982759,0.023256090998150434
2,100,0.1,0.2,1.721005525869267,0.32717914056173913,0.19010249983248445
0,50,0.1,0.1,-1.130832644695266,-0.2974279946103662,0.1855607890435394
1,50,0.1,0.1,-2.8603410786590033,-0.9321200525481825,0.009361647049699922
2,50,0.1,0.1,2.51759353290589,0.43993214553665616,0.0042010053513974865
0,100,0.1,0.1,-0.9022802677089797,-0.23091489432331747,0.01639376631196875
1,100,0.1,0.1,-4.729597738857591,-1.971390796738834,4.90308559742526
2,100,0.1,0.1,9.249620745220808,0.881139398012485,0.013673501033182317
0,200,0.1,0.1,-4.141202132980842,-1.5948975338544544,21.276625311103928
1,200,0.1,0.1,-3.4965031393483974,-1.236919286288492,6.518225267196352
2,200,0.1,0.1,18.06876815175604,0.9844000507743802,8.674930446042026
0,100,0.0,0.1,-1.3255208635841498,-0.356913259588971,9.196270414232402e-08
1,100,0.0,0.1,-0.5585478047265513,-0.13724694924091296,0.008946497884789665
2,100,0.0,0.1,-3.6843083415466014,-1.335774076644911,2.1110826072377376
0,100,0.1,0.1,-1.351238625273621,-0.36497237667398674,0.014462858382000173
1,100,0.1,0.1,-2.958658278577471,-0.9763589639627017,0.11780609726899287
2,100,0.1,0.1,1.6444863818412039,0.31521953616914555,0.22385592312400843
0,100,0.2,0.1,-3.408099811033231,-1.1918457170081704,0.17599524818759668
1,100,0.2,0.1,-1.0307908614047567,-0.26788272953789916,0.00487775483063079
2,100,0.2,0.1,-0.9554369034190974,-0.24607358687797065,2.4168256513549213
0,100,0.3,0.1,-3.0924064686034143,-1.0381711356154772,0.0015528645955310435
1,100,0.3,0.1,-1.21996741422739,-0.3243315984968653,0.001289218550045147
2,100,0.3,0.1,0.9234437795502519,0.1915454268317789,0.009285869022556945
0,100,0.1,0.0,-4.870108312188387,-2.069098530149528,0.00016730752845837412
1,100,0.1,0.0,-3.12387354554232,-1.05299246098647,0.0003513428238638098
2,100,0.1,0.0,-4.323104589541797,-1.7058920018654247,8.202303623893595e-09
0,100,0.1,0.1,-5.582031119655757,-2.6157892726931733,8.65046367206689
1,100,0.1,0.1,4.124886242859274,0.6131778132534937,0.1593786473287791
2,100,0.1,0.1,-2.9894463749651634,-0.9904195903442099,0.09693989426913993
0,100,0.1,0.2,0.4775903015307099,0.10413830025705473,3.221745528090749
1,100,0.1,0.2,1.2684433304980882,0.2532836392285961,0.0017889903960470153
2,100,0.1,0.2,3.560894781904599,0.5595358951676341,0.1493021810652086
0,50,0.1,0.1,1.695726820779508,0.32325147493710726,0.6608861071435524
1,50,0.1,0.1,0.3847971334535256,0.08479099070405793,0.006903063718896939
2,50,0.1,0.1,-1.320770887432984,-0.35542998441793494,0.001642075407897642
0,100,0.1,0.1,-1.1965938686928674,-0.31722324736514396,0.49116794697358557
1,100,0.1,0.1,1.018542748936853,0.20905601965264042,0.0014958575208029175
2,100,0.1,0.1,7.71537336195392,0.8307757243532653,3.3352642323963324
0,200,0.1,0.1,-3.0808102281102636,-1.0327362067265762,0.5026601595534061
1,200,0.1,0.1,-3.9736546195756777,-1.4966948300073923,1.1974509476243989
2,200,0.1,0.1,15.026746815031144,0.9685713795291021,0.09642280066049616
0,100,0.0,0.1,-1.6156835829509495,-0.45066909279884326,3.0441922195688905e-05
1,100,0.0,0.1,-2.2381974972948027,-0.674247849321338,0.07926325008734832
2,100,0.0,0.1,3.6270443171369973,0.5661939862051739,0.11037814497700657
0,100,0.1,0.1,-4.409737101706147,-1.7604107508868418,0.9142603023614985
1,100,0.1,0.1,-3.9513172907213128,-1.4838863970049334,0.6730692829334431
2,100,0.1,0.1,-0.4686684650260528,-0.11395294631046227,0.387539183101594
0,100,0.2,0.1,-1.7608821911728942,-0.49998950046151003,0.44700709243770503
1,100,0.2,0.1,-2.517291357386386,-0.7853737113585828,0.16926555650216604
2,100,0.2,0.1,1.4619643374135038,0.2858267713994581,0.0002160042500824865
0,100,0.3,0.1,-1.622430791001488,-0.45292460693292846,0.0014569909183947691
1,100,0.3,0.1,-3.815458709702111,-1.4073867781764768,0.0270210345561235
2,100,0.3,0.1,8.557356396253118,0.8605994907275518,0.029889762501800372
0,100,0.1,0.0,-3.3761426425238006,-1.1757764123776142,5.402783077254371e-05
1,100,0.1,0.0,-5.292558418006816,-2.3826404803321273,9.64145677402303e-05
2,100,0.1,0.0,-1.336505079224515,-0.36034952065868353,2.163298766081365e-06
0,100,0.1,0.1,-3.9047770674257047,-1.4574104838820374,0.3692372392669314
1,100,0.1,0.1,-3.41378460224999,-1.1947166592774159,0.008021666061019807
2,100,0.1,0.1,-3.6111922152037845,-1.2967790680747266,0.3848721416313037
0,100,0.1,0.2,-3.1674458049839234,-1.0736935674352805,1.5561735213181793
1,100,0.1,0.2,-4.901243557594833,-2.091180433535742,13.752961358787635
2,100,0.1,0.2,-0.33942499633606216,-0.08129077947624941,0.00708530592469234
0,50,0.1,0.1,-0.056012564788894784,-0.012980899461106699,0.17265362544576834
1,50,0.1,0.1,-1.8774413819756437,-0.5407924375395006,0.0018155291328781223
2,50,0.1,0.1,-1.0595773832120627,-0.27631460317536716,0.0012481909640963632
0,100,0.1,0.1,-3.3688917589355842,-1.172146815506562,0.0018616977404789692
1,100,0.1,0.1,0.5407825777992809,0.11707921200240023,0.009338388143032906
2,100,0.1,0.1,-1.9822398030551571,-0.5784251068601092,0.04658318384800071
0,200,0.1,0.1,-3.814404127283626,-1.4068022716586848,24.612188782921205
1,200,0.1,0.1,-3.2913235555138005,-1.1336950788099585,0.263737121221142
2,200,0.1,0.1,23.778322247006287,0.9958104461659433,3.971120578414939
0,100,0.0,0.1,-5.418843598760935,-2.4824457517978957,1.7455829292733778
1,100,0.0,0.1,-4.32994963706386,-1.7101602033504508,0.00534461274241424
2,100,0.0,0.1,18.065405776022942,0.9843879683733677,1.1118210884166664
0,100,0.1,0.1,-2.7879091186237455,-0.9001632389457934,0.8930761541319832
1,100,0.1,0.1,-1.101403018530707,-0.2886657969029345,0.0015408417459726125
2,100,0.1,0.1,1.2182569536853742,0.24460465430378253,0.32882204359224665
0,100,0.2,0.1,21.37068512385152,0.9927065755667379,0.016654092553165842
1,100,0.2,0.1,-1.7937639043961981,-0.5113894641532695,0.16917568669817085
2,100,0.2,0.1,0.6345880923198571,0.1359453917278881,1.8229789011887583
0,100,0.3,0.1,-1.1735539728680227,-0.3102537075867129,0.01762947518396341
1,100,0.3,0.1,-1.4539032783116115,-0.3976239294813706,0.00039678285780365394
2,100,0.3,0.1,-2.9499172011647667,-0.9723851319648706,0.126491830086534
0,100,0.1,0.0,-5.89860151304693,-2.889198873656859,2.4995102176664526e-05
1,100,0.1,0.0,-3.9579323761494134,-1.4876726852323712,0.0001317752168369114
2,100,0.1,0.0,-2.882035904486662,-0.9417959477793891,4.818564321225534e-06
0,100,0.1,0.1,-0.8841685300893647,-0.22579219859028865,0.7616461665374039
1,100,0.1,0.1,0.6150195119170824,0.13204332225907345,4.5171649051310464e-05
2,100,0.1,0.1,-1.2373718628399664,-0.3296495357923368,0.1796648945405357
0,100,0.1,0.2,-4.1018522365788375,-1.571492272983873,6.348772192468037
1,100,0.1,0.2,2.786249603545321,0.4735282895803692,0.008486689272305779
2,100,0.1,0.2,-3.884252626643673,-1.4458243401849713,0.18892659788538332
0,50,0.1,0.1,-2.1382960056164984,-0.6361744273701069,0.009131705772884652
1,50,0.1,0.1,-2.1043118002370993,-0.623421076542265,0.004008586507297714
2,50,0.1,0.1,2.405518870746474,0.42529084829009967,0.0022746644632732245
0,100,0.1,0.1,1.7370197819897846,0.32965554423409915,14.981180047438055
1,100,0.1,0.1,-1.406782241306045,-0.3825416517270299,0.056979720213245016
2,100,0.1,0.1,0.11106043768196147,0.025248401119536412,2.6105547339414814
0,200,0.1,0.1,-2.6543982187822746,-0.8426371458105038,0.9851637526753263
1,200,0.1,0.1,-4.10565256582296,-1.5737434630637228,3.8965390098275066
2,200,0.1,0.1,-3.5159766661227754,-1.2469720310229495,6.220112487451896
0,100,0.0,0.1,-2.728508265431952,-0.8743505869650481,1.1709371672846784e-08
1,100,0.0,0.1,-3.4884553939653022,-1.2327779747243546,0.13239214771166494
2,100,0.0,0.1,-1.3059307805853124,-0.3508063018431884,0.001171219160359301
0,100,0.1,0.1,-3.9718817725494002,-1.4956758544311555,0.3812552949695493
1,100,0.1,0.1,-2.8331774354393744,-0.9200730128927728,0.008584415042191942
2,100,0.1,0.1,-0.7017708476008002,-0.1753767203074199,0.7863414669285571
0,100,0.2,0.1,-3.5651136479575856,-1.2725391032261504,0.005565431419120729
1,100,0.2,0.1,-2.964839247108814,-0.979173761316976,0.023514377022377207
2,100,0.2,0.1,-0.4840474392890961,-0.11790460185237683,0.20749007720226098
0,100,0.3,0.1,-1.6389235126414023,-0.45845270824924045,0.682664130192563
1,100,0.3,0.1,-2.4325860820559564,-0.7508889755743609,0.04968873441030302
2,100,0.3,0.1,-1.5797859620972043,-0.43872767018436454,0.00840770011636478
0,100,0.1,0.0,-2.701891568817578,-0.8628983450209402,2.187718719566168e-05
1,100,0.1,0.0,-5.207602062557645,-2.3171125410324356,4.765427284460425e-06
2,100,0.1,0.0,-4.560384195893482,-1.8578433495146958,5.0616527465615515e-05
0,100,0.1,0.1,-1.850240671242639,-0.5311723116968776,0.11852931420299145
1,100,0.1,0.1,-3.0355794975549437,-1.011675606705099,0.00019073036675726953
2,100,0.1,0.1,1.6060729209979387,0.30913576912800633,0.0025552130246461477
0,100,0.1,0.2,12.541838029383827,0.9443050014389092,0.10913567069378377
1,100,0.1,0.2,-3.5017951025566125,-1.2396466775443895,0.05730691019056039
2,100,0.1,0.2,21.590765063127577,0.9930669633870606,0.2448402600224079
0,50,0.1,0.1,-2.175031854779255,-0.6500731042881247,0.009741360689440544
1,50,0.1,0.1,-1.2369183832018995,-0.32951070429983687,0.0013956612228609422
2,50,0.1,0.1,-0.8119476002854633,-0.20557646178290545,0.4920844339496957
0,100,0.1,0.1,-1.721234629919919,-0.48635813013228435,0.12284255888187212
1,100,0.1,0.1,-1.9730078157445745,-0.5750733434912734,0.008127472046079961
2,100,0.1,0.1,-1.6504916025134673,-0.4623426959378034,4.7823311260620605
0,200,0.1,0.1,5.660360328130173,0.7283786101023797,0.687258846509073
1,200,0.1,0.1,-2.0733390374429677,-0.6118844430045804,2.155224024595245
2,200,0.1,0.1,36.97330884400196,0.9997992437311117,3.3099353070056696
0,100,0.0,0.1,-4.996500243527052,-2.1597303693037952,0.039823885811547846
1,100,0.0,0.1,-2.514360056029921,-0.7841690673177462,0.001080457990571546
2,100,0.0,0.1,-2.034767485482361,-0.5976319920344129,0.18205218198443723
0,100,0.1,0.1,-4.556021634997918,-1.8549740393246203,5.090161316973085
1,100,0.1,0.1,7.333494182505658,0.8152218639921217,0.011204381929516286
2,100,0.1,0.1,7.028606576141483,0.8017837103801903,1.8422728640046586
0,100,0.2,0.1,-2.912072909511896,-0.9552724945294484,0.10735223346280719
1,100,0.2,0.1,-0.40485028844026216,-0.09770344919238205,0.012296886594043346
2,100,0.2,0.1,1.0081853767129598,0.20716746755595095,0.045936765792833394
0,100,0.3,0.1,-1.1094608455271073,-0.29105898526890206,0.0007180708847758333
1,100,0.3,0.1,3.2701758012782323,0.5290417382570187,0.014332836397850345
2,100,0.3,0.1,-1.0056610450850605,-0.26056749585423167,0.0016326413027911602
0,100,0.1,0.0,-5.180393577347957,-2.2963958425739057,0.00015318170538901893
1,100,0.1,0.0,-4.563185972907437,-1.8596876334045946,5.017984859915882e-05
2,100,0.1,0.0,-3.192540557984719,-1.0857106359270374,6.060357316541465e-08
0,100,0.1,0.1,-1.182359559245675,-0.31291302220749584,1.4444302125514126
1,100,0.1,0.1,-0.9732986215662026,-0.25120900729120854,6.568537648517503e-08
2,100,0.1,0.1,1.219345160979012,0.24479390924033229,0.898063798601491
0,100,0.1,0.2,-1.4399523616748677,-0.39314152131141,0.04395652130070927
1,100,0.1,0.2,-1.667935415762864,-0.46822813354604165,0.04314995646917594
2,100,0.1,0.2,3.021228542901099,0.5012566182504623,0.19434005257280318
0,50,0.1,0.1,-2.5293974694200125,-0.7903574465628453,0.049007809735065855
1,50,0.1,0.1,7.930427977368019,0.8389513078769277,0.0587403963902425
2,50,0.1,0.1,0.3165365142761745,0.07029246976742065,0.011192035535122038
0,100,0.1,0.1,0.6239616907040934,0.1338286175277984,0.13796910565850434
1,100,0.1,0.1,0.5624679597447291,0.12147686227580268,1.4319602482214515
2,100,0.1,0.1,-1.4219064697671677,-0.3873647218115648,0.09074211499742742
0,200,0.1,0.1,-5.017380106007314,-2.1749581901388098,16.84414435872965
1,200,0.1,0.1,-4.367509155171866,-1.7337003949503256,0.25408242958091465
2,200,0.1,0.1,-0.5554063250120238,-0.1364246163438847,10.059643853212966
0,100,0.0,0.1,-3.785149432692462,-1.390644191571047,5.24256598062664
1,100,0.0,0.1,-4.856171404249583,-2.059265298005298,9.129596591724992e-05
2,100,0.0,0.1,64.64963781958284,0.999999657203627,10.266820363894428
0,100,0.1,0.1,-1.764020809290414,-0.5010739249731522,0.6455010711720792
1,100,0.1,0.1,-1.9980037964979362,-0.5841648750446109,0.029357105787203824
2,100,0.1,0.1,-0.5940268932024518,-0.14657558389500602,0.045386918845348276
0,100,0.2,0.1,0.15338837289035004,0.03470254159103614,0.6337413164331456
1,100,0.2,0.1,-1.48173939595154,-0.4066107740208671,1.3207795812608298
2,100,0.2,0.1,0.9391041213504349,0.19445540523359217,13.17961103025971
0,100,0.3,0.1,6.841174394491451,0.7930418371402712,0.024359408454945736
1,100,0.3,0.1,-2.888157766127391,-0.9445350542770017,0.15296153900303663
2,100,0.3,0.1,-1.1174328529016835,-0.2934310586848823,1.8259843397161814e-05
0,100,0.1,0.0,-3.983381670899524,-1.5022930350537158,1.4317305391906037e-05
1,100,0.1,0.0,-4.971134338986775,-2.141329074256973,6.420484068694547e-05
2,100,0.1,0.0,-2.572410456710828,-0.808177436964254,7.072262645993261e-07
0,100,0.1,0.1,-1.9452526349435475,-0.5650393570221044,0.024530006115665262
1,100,0.1,0.1,-2.436949304790443,-0.7526489236699836,0.014709951993857565
2,100,0.1,0.1,0.4407178153300868,0.09649987191056297,3.320857226207538
0,100,0.1,0.2,-3.546009530286882,-1.2625644183948563,4.138857399613991
1,100,0.1,0.2,0.027637106111314383,0.006343473533037214,0.006808228625081122
2,100,0.1,0.2,-1.4139884440792936,-0.3848375928732515,0.0020732446921137293
0,50,0.1,0.1,-1.4685918870783357,-0.4023589440268873,0.0023139889418269445
1,50,0.1,0.1,0.4500067198833042,0.09843025740328237,0.00142587160875273
2,50,0.1,0.1,-0.0878580962905742,-0.02043608912113326,0.00034829093894628456
0,100,0.1,0.1,-0.6977493815107638,-0.17428885249623094,0.15818799426500077
1,100,0.1,0.1,-3.4874954995876446,-1.232284532076875,0.00969832951439567
2,100,0.1,0.1,-2.60751430441795,-0.822852089632214,1.4805667059794878
0,200,0.1,0.1,-6.024578894058861,-3.00366645606742,0.4730175989906776
1,200,0.1,0.1,-4.072111598362022,-1.5539427622560384,4.768623302817415
2,200,0.1,0.1,-1.2296602969147181,-0.32729063362500144,2.415510106307435
0,100,0.0,0.1,-3.420605267709173,-1.1981662055544624,0.32743133045582895
1,100,0.0,0.1,5.675218235306607,0.7293062824541369,0.0019015267428502997
2,100,0.0,0.1,-3.546666058679399,-1.2629064789380768,2.7549363271891445
0,100,0.1,0.1,-3.454656523384539,-1.2154688714657205,0.05989470642653491
1,100,0.1,0.1,-3.848314907746728,-1.4256687364297238,0.037405536132894185
2,100,0.1,0.1,17.082312690977272,0.9804219816645645,2.6974195964226215
0,100,0.2,0.1,-3.20123456967528,-1.0898901398522436,0.0006905756726132156
1,100,0.2,0.1,1.1338193155071519,0.22977418847277142,0.0013819228278749022
2,100,0.2,0.1,0.8023979666664621,0.1686953623509061,0.1340211694552031
0,100,0.3,0.1,2.8014159964386094,0.47536362282692624,0.17730064961349057
1,100,0.3,0.1,3.1237794923266065,0.5128956020095485,0.05777755086596417
2,100,0.3,0.1,-0.9044902862926414,-0.2315414362621837,0.0041502278575557576
0,100,0.1,0.0,-1.7223301571357865,-0.4867331178993326,1.8219182378514537e-06
1,100,0.1,0.0,-4.290371237604721,-1.6855740003709117,5.423052601259495e-05
2,100,0.1,0.0,-3.5418874480129214,-1.2604179365987278,6.963974274853276e-06
0,100,0.1,0.1,-1.4231107149119095,-0.3877494743141445,1.2882252678767174
1,100,0.1,0.1,-2.7952261263162725,-0.9033673385914338,0.5386401755442176
2,100,0.1,0.1,-0.07113615872043912,-0.016514588687013276,3.7205047654268215
0,100,0.1,0.2,-3.1201896428112654,-1.0512517486154738,0.0007507270254022019
1,100,0.1,0.2,3.2372430976331987,0.5254568702456015,0.043409535963625796
2,100,0.1,0.2,7.919069619687193,0.8385295565347547,0.0054189743759907065
0,50,0.1,0.1,-1.5416038152253766,-0.4261341564502301,0.0043354370025574475
1,50,0.1,0.1,1.4075414390240135,0.2768209172613887,0.004341618661977882
2,50,0.1,0.1,1.723001923131737,0.3274883567951947,6.75167833293556e-08
0,100,0.1,0.1,-1.791525927933884,-0.5106108259652948,0.010410513320292077
1,100,0.1,0.1,-3.059602448037459,-1.0228340005402283,0.06714189258215705
2,100,0.1,0.1,23.637218822354228,0.995672091028054,9.069407974167637
0,200,0.1,0.1,4.317778857506323,0.6299826280441048,18.779931326457255
1,200,0.1,0.1,-5.249261627311361,-2.3490849431547685,3.6819962433502544
2,200,0.1,0.1,9.809663364522706,0.8955198798050903,2.7891408384135694
0,100,0.0,0.1,4.6789951191942265,0.6595130367368868,0.060684684062932856
1,100,0.0,0.1,0.6699562888990243,0.1429535287663355,0.04968527697862386
2,100,0.0,0.1,-2.3124491870174393,-0.7031187048593284,0.021934834854115036
0,100,0.1,0.1,-4.453660134183201,-1.7884702373152819,0.015307134013237784
1,100,0.1,0.1,2.0404754755408376,0.37489574881525123,0.00048670306690173486
2,100,0.1,0.1,-1.5938929282446272,-0.443408614214438,2.262079552413894
0,100,0.2,0.1,1.8569127466795943,0.34790822055979564,0.0013585510182021043
1,100,0.2,0.1,1.5896862716527171,0.3065241000497064,0.4890220790496179
2,100,0.2,0.1,-0.47493170813832036,-0.11556060926524281,0.0003057228456914522
0,100,0.3,0.1,-2.2466139257168254,-0.6774956110671082,0.004841449168011138
1,100,0.3,0.1,-2.6020256291519988,-0.8205497984451755,0.05404552352832935
2,100,0.3,0.1,-1.4745502496051288,-0.4042842499779129,0.0003081767451598474
0,100,0.1,0.0,-4.386244300750778,-1.7455188517030304,3.1363199084033932e-06
1,100,0.1,0.0,-3.7194262601260064,-1.3547381824457099,0.0002527492495941626
2,100,0.1,0.0,-3.2408880659433077,-1.1090593763009484,2.6635741040701267e-05
0,100,0.1,0.1,-4.836597295608015,-2.045507894171083,0.19480697892809404
1,100,0.1,0.1,0.5175096011411116,0.11233511529625162,0.2993266813278248
2,100,0.1,0.1,0.6785549098752487,0.14464872120103867,0.006533235583201381
0,100,0.1,0.2,1.1015903784604326,0.22403709160617435,13.091763713875398
1,100,0.1,0.2,-0.7047273495991633,-0.1761771418778073,0.008076313319429967
2,100,0.1,0.2,3.6282735340859604,0.566316752270669,0.5175367844349359
0,50,0.1,0.1,10.852666780741412,0.9178262092311383,0.014793072588654909
1,50,0.1,0.1,-3.034565347933121,-1.011205901941155,0.007021427131511653
2,50,0.1,0.1,-0.8620002838413525,-0.21955117336574892,0.0007614838299586323
0,100,0.1,0.1,-3.52671321450418,-1.2525338260417245,1.6176329156652085
1,100,0.1,0.1,-2.6380639637384173,-0.8357198175392602,0.0033563259039707093
2,100,0.1,0.1,-0.8978327085201065,-0.2296549739666054,0.12765005716091662
0,200,0.1,0.1,-4.912123736914704,-2.0989343339721978,1.9470663524569747
1,200,0.1,0.1,-4.639352301080672,-1.9102830513596518,0.21469045817665738
2,200,0.1,0.1,-2.9973149622435447,-0.9940291197259274,20.920865354985885
0,100,0.0,0.1,-3.824128013212334,-1.4121971572851488,0.14801520128287576
1,100,0.0,0.1,0.025375304542217175,0.005825843371493611,0.00030859236892435374
2,100,0.0,0.1,-3.0645559273291867,-1.0251425223544919,0.1153809033466758
0,100,0.1,0.1,-2.371171957098796,-0.7263036775300251,0.29763699090505297
1,100,0.1,0.1,-1.743322997865525,-0.49393705612584204,0.037462891238968926
2,100,0.1,0.1,-1.8421278659026272,-0.5283146867125925,0.0006368467114469803
0,100,0.2,0.1,-1.1250326879928356,-0.2956964497838894,0.0012275313982742012
1,100,0.2,0.1,7.947287209529734,0.8395752840314062,0.17668040099104637
2,100,0.2,0.1,9.465841766115764,0.8869121823027927,0.02612610632979661
0,100,0.3,0.1,3.8851656358565076,0.5912258384506667,0.00042844047263546113
1,100,0.3,0.1,-3.758837598700959,-1.376204203818471,0.35204886110564326
2,100,0.3,0.1,3.917847247651318,0.5942904083828937,0.0465362556259616
0,100,0.1,0.0,-4.698070591570753,-1.9498984056572701,0.00035208823455038337
1,100,0.1,0.0,-4.076757232584992,-1.556676168381391,0.007451301732312998
2,100,0.1,0.0,-0.9941916694973318,-0.25724282829733225,2.8639997012512254e-06
0,100,0.1,0.1,-2.2559601945087397,-0.681109566107386,3.220372506761057
1,100,0.1,0.1,-0.8894140331288879,-0.22727363149350688,0.005292522319282254
2,100,0.1,0.1,1.3288427764475093,0.26359670620420883,1.4118583854708935
0,100,0.1,0.2,-0.7736572063145352,-0.1949939887483665,0.9787261574487176
1,100,0.1,0.2,1.8497103080970632,0.3468258794622805,0.023217441030962703
2,100,0.1,0.2,9.456402319345074,0.8866661171514172,0.13496555283608586
0,50,0.1,0.1,1.4896790952548464,0.2903697986543693,0.01113144004364415
1,50,0.1,0.1,1.412785187160566,0.2776935695009918,0.0013389325916531788
2,50,0.1,0.1,0.6649481689265934,0.14196464507634932,0.005508297272115308
0,100,0.1,0.1,-2.572075734015589,-0.8080380811291445,0.6864827871505406
1,100,0.1,0.1,0.2588169534669462,0.057853791649677744,0.018742056185276804
2,100,0.1,0.1,3.3871782886453117,0.5415603512204406,5.711317384644797
0,200,0.1,0.1,-4.542217394261964,-1.8459137858595134,19.41926876945104
1,200,0.1,0.1,-4.050386289406287,-1.5411987260337305,4.993275622503179
2,200,0.1,0.1,-1.1086322266241326,-0.29081267916223275,13.201345642274017
0,100,0.0,0.1,1.6553327479958924,0.3169276197046018,0.16212679305937577
1,100,0.0,0.1,-0.31617785274432153,-0.07551825281034952,5.897203194979573e-05
2,100,0.0,0.1,-0.6561527019127432,-0.16309521810137673,3.2135861218215522
0,100,0.1,0.1,-2.890654080021821,-0.9456530894872688,0.1722160625818981
1,100,0.1,0.1,-2.7803897380941613,-0.8968761402103829,0.0020470740574161242
2,100,0.1,0.1,-0.6583426363127337,-0.1636818579580097,1.180060365896082
0,100,0.2,0.1,-2.212403048984407,-0.6643333086649919,0.004961849532651222
1,100,0.2,0.1,-0.6479505188688848,-0.16090064338566923,0.026872076495153142
2,100,0.2,0.1,16.839236460596695,0.9792949466467193,0.05112742156399508
0,100,0.3,0.1,-1.6797994810211059,-0.47224452556528806,0.00010856183309462228
1,100,0.3,0.1,-1.3399797295723785,-0.3614383280215252,0.006299305019345302
2,100,0.3,0.1,0.40055018487831573,0.08810469119106468,0.029307213539387148
0,100,0.1,0.0,-1.3095258437753963,-0.3519249539905873,6.225483021014609e-05
1,100,0.1,0.0,-3.9028004731041994,-1.4562923028708896,1.807342843969922e-05
2,100,0.1,0.0,-2.4932005171038583,-0.7754974451493686,2.712815179656161e-06
0,100,0.1,0.1,-3.525705281731452,-1.2520111071685611,0.09536025169446277
1,100,0.1,0.1,-3.0626378884909173,-1.024248326236843,0.13197282097676744
2,100,0.1,0.1,9.195007002947644,0.8796352551077762,0.4081007898596142
0,100,0.1,0.2,6.787017855682125,0.7904449098485545,1.4844356694600662
1,100,0.1,0.2,-2.52540234765898,-0.7887112347457028,0.4102891321929958
2,100,0.1,0.2,19.00364274363521,0.9874213009776857,0.7147081822162682
0,50,0.1,0.1,-2.475187573928887,-0.7681485832946244,0.538070737677329
1,50,0.1,0.1,-1.7330483667421548,-0.4904068456682038,0.0006696350855729626
2,50,0.1,0.1,-1.8907158084108142,-0.5455091508761165,0.012417614427341794
0,100,0.1,0.1,2.2104442903750994,0.39888776042994833,6.349823264788498
1,100,0.1,0.1,-2.226468048811249,-0.6697321325991401,0.011105379940772753
2,100,0.1,0.1,-1.7367913371944774,-0.49169190768187154,0.02389374032914906
0,200,0.1,0.1,-2.701261346993027,-0.8626280321198407,0.11785850808176139
1,200,0.1,0.1,-1.6433346522806067,-0.4599348147823754,0.020056316769452513
2,200,0.1,0.1,19.515850827883746,0.9888206921109427,24.755510307281362
0,100,0.0,0.1,8.90205175601051,0.8712358917814584,4.413155228996487
1,100,0.0,0.1,-4.015613843005664,-1.520933469688126,0.02121881355157439
2,100,0.0,0.1,16.082016634386495,0.9753510549547463,0.38750697535759226
0,100,0.1,0.1,-1.3982785890597298,-0.3798372307795803,1.611412909061154
1,100,0.1,0.1,-3.5418455030256957,-1.2603961051577204,0.033927600626545505
2,100,0.1,0.1,0.5991654365048698,0.12886902494174401,0.005266444871958351
0,100,0.2,0.1,2.763528837679581,0.470766756638038,0.09529175979572974
1,100,0.2,0.1,4.440053810866498,0.6402551222583683,0.0007850884780622822
2,100,0.2,0.1,-0.3221726825935889,-0.07700388092989963,0.010742912015907647
0,100,0.3,0.1,5.664041187127641,0.728608725037847,0.05060320184405129
1,100,0.3,0.1,-1.2021048399450975,-0.31889579616812536,0.0020379820355063355
2,100,0.3,0.1,-2.1174924803541737,-0.62835558490855,0.030270699719217302
0,100,0.1,0.0,-4.495363883581661,-1.81537589797101,6.639935443028438e-05
1,100,0.1,0.0,-4.054875463192133,-1.5438268461708433,1.3057365463478564e-05
2,100,0.1,0.0,-3.025846370159236,-1.0071722175170263,3.6045411989523116e-05
0,100,0.1,0.1,-3.581480792025137,-1.28111972132162,0.003295165578375719
1,100,0.1,0.1,-3.932663476753765,-1.4732404891659332,0.08738853359511636
2,100,0.1,0.1,-0.9493616259337061,-0.24433169269238397,7.874989715569539
0,100,0.1,0.2,2.220263830790719,0.40024535951653484,0.007942609730273685
1,100,0.1,0.2,1.1533316273773224,0.23322695518179026,0.30130223495550523
2,100,0.1,0.2,-1.9574506440070447,-0.5694412547400858,0.008824907977902611
0,50,0.1,0.1,-0.37323106364107594,-0.0897405368720654,0.09250308704175458
1,50,0.1,0.1,-0.4243535565333622,-0.10264409404290897,0.0013513233647071742
2,50,0.1,0.1,-1.964176850057937,-0.571873835537785,0.03660073535520766
0,100,0.1,0.1,-2.965545427569141,-0.9794956091723672,1.2911172090424525
1,100,0.1,0.1,-2.0685391105900997,-0.6101039337419327,0.027451545195411264
2,100,0.1,0.1,-1.9934343061376414,-0.5824989502985878,6.992558351988089
0,200,0.1,0.1,-3.5489305969998974,-1.2640867321761569,4.097409175061278
1,200,0.1,0.1,-3.886715160102916,-1.447211563003604,0.26574273026723605
2,200,0.1,0.1,5.0373874353736925,0.6864828832865697,1.1458864897600127
0,100,0.0,0.1,-3.448810400674977,-1.2124885919717685,0.371965510352317
1,100,0.0,0.1,1.5890397498069873,0.30642085657983975,0.053175257041508425
2,100,0.0,0.1,-3.285085158807435,-1.1306323457228098,29.354593322606526
0,100,0.1,0.1,-1.8752569910045447,-0.5400176529309182,0.05393354129689351
1,100,0.1,0.1,0.8525732530244166,0.17824439554081783,0.1536406205302448
2,100,0.1,0.1,-2.608490055959649,-0.8232616851106505,0.38665710059844594
0,100,0.2,0.1,-3.31253455569007,-1.1441415635327532,0.26731910500887157
1,100,0.2,0.1,-2.8608226079856784,-0.9323342906024819,0.045806426455615584
2,100,0.2,0.1,-2.3956210908181745,-0.7360495200712922,0.4819180433900667
0,100,0.3,0.1,-1.1539025541674799,-0.30433832559943474,0.014254659009390665
1,100,0.3,0.1,4.6084573957594746,0.653937723458866,0.05630953016257147
2,100,0.3,0.1,-2.273138165397559,-0.6877721509462813,0.2102717706604568
0,100,0.1,0.0,-4.518319417763815,-1.8302965486463116,0.00017410312499150035
1,100,0.1,0.0,-3.497649529832201,-1.2375098352304335,0.0018074149948507801
2,100,0.1,0.0,-3.111493904450513,-1.047148702456858,6.805602638419877e-05
0,100,0.1,0.1,-3.4585917750084345,-1.2174772733736914,0.009382610029264205
1,100,0.1,0.1,-1.66719906847564,-0.46797921623283045,0.2983688414378974
2,100,0.1,0.1,6.9899973885396065,0.8000136927827999,2.2019274323377616
0,100,0.1,0.2,0.8078534525230006,0.16973896838254288,2.6549685116522053
1,100,0.1,0.2,-3.8460411848206517,-1.4243991243697334,0.0343783988054899
2,100,0.1,0.2,0.002469341968626599,0.000568425385689908,28.457905209517953
0,50,0.1,0.1,10.680915428171808,0.9145113503466181,0.0003137285787558614
1,50,0.1,0.1,6.982083527158819,0.7996489387166997,0.011432700530001231
2,50,0.1,0.1,2.0883448364784623,0.3817480193525973,0.001420389926508951
0,100,0.1,0.1,3.897777178828865,0.5924111620321852,0.3830636451737809
1,100,0.1,0.1,-2.5066805808003085,-0.781016972151215,0.0009653277681726367
2,100,0.1,0.1,-2.241847729760957,-0.6756556413000097,0.2848242242285034
0,200,0.1,0.1,-3.0156868034132387,-1.0024822737631092,0.0123242780139114
1,200,0.1,0.1,-2.5022926691244,-0.7792184232653143,0.17822519280532692
2,200,0.1,0.1,17.647908512943328,0.9828126409865464,5.268961404051912
0,100,0.0,0.1,2.2438485944938056,0.4034935547931434,8.04603671682968
1,100,0.0,0.1,-0.5990942940113451,-0.14791420303105496,0.03931659461362695
2,100,0.0,0.1,-3.428111590192647,-1.2019687894459463,0.6366473154298123
0,100,0.1,0.1,-3.2083556420098875,-1.0933197175411706,16.580267080466864
1,100,0.1,0.1,-4.142457018037166,-1.5956474325451588,0.01253702059790995
2,100,0.1,0.1,0.4865881592227553,0.10599245494497589,3.456939976113571
0,100,0.2,0.1,-3.659146761715596,-1.3222805038246626,0.018416362562086272
1,100,0.2,0.1,-3.7463130108192026,-1.3693613570636622,0.03377742872893805
2,100,0.2,0.1,0.7018401824059711,0.14922252761904997,1.6705190550100728
0,100,0.3,0.1,-1.4208797956111583,-0.38703678691567855,0.001981074275418212
1,100,0.3,0.1,-2.440483222108225,-0.7540756599707448,0.08548664192908303
2,100,0.3,0.1,-1.5509939374585202,-0.4292210162611041,0.0014495949642183872
0,100,0.1,0.0,-4.484512685037791,-1.8083502345541485,9.31505878127315e-05
1,100,0.1,0.0,-4.129962389156271,-1.5881905007651511,8.55477488956379e-05
2,100,0.1,0.0,-3.492860872439809,-1.2350440514184475,2.9872181658322286e-06
0,100,0.1,0.1,-3.52202549766039,-1.250103782719703,2.8836375465731297
1,100,0.1,0.1,-3.6436173037914568,-1.3139913457882009,0.03267509070974067
2,100,0.1,0.1,6.003393117150539,0.7490075324077774,0.4313666499451648
0,100,0.1,0.2,-3.126631838248119,-1.0542967724645664,1.5139983972697908
1,100,0.1,0.2,-2.3148851158926513,-0.7040742407696297,0.12123191618303733
2,100,0.1,0.2,18.563305907663946,0.9860790328311339,2.2852859938029475
0,50,0.1,0.1,15.121765786381477,0.9692515363305525,0.14974857778654602
1,50,0.1,0.1,-1.3442997303709034,-0.3627932475636675,0.0022594515679586653
2,50,0.1,0.1,9.018146794999664,0.8746323975285859,8.035443671120252e-05
0,100,0.1,0.1,-1.2400197236230606,-0.330460460293184,0.1927078352577918
1,100,0.1,0.1,-3.4844451542970196,-1.23071719743238,0.15546616714799683
2,100,0.1,0.1,-0.18898929754806534,-0.04447711725324033,7.194024727360363
0,200,0.1,0.1,-3.3641238655036547,-1.1697634369284344,5.580075002632211
1,200,0.1,0.1,2.9160666274984592,0.48903243003919905,7.406396198061571e-07
2,200,0.1,0.1,11.28044577529077,0.925534446410754,1.5615438294939425
0,100,0.0,0.1,-3.7255991993950266,-1.358087520644216,1.125904283040037
1,100,0.0,0.1,-3.8370030856487802,-1.4193589555540016,0.007175482527416149
2,100,0.0,0.1,2.7024884335983197,0.46327582558585456,0.2986945268582322
0,100,0.1,0.1,-3.4232182458445424,-1.1994891531662106,0.2562699443427642
1,100,0.1,0.1,0.6157915475809523,0.13219760327825303,0.13095477268601233
2,100,0.1,0.1,0.1957378994750543,0.04406973862730956,1.5844254704257366
0,100,0.2,0.1,-1.6716258040133471,-0.46947628078869164,0.06680693555636857
1,100,0.2,0.1,-3.6674923653540703,-1.3267473959719447,0.0010884875843610276
2,100,0.2,0.1,5.308476338995476,0.7054545176123777,0.07283468349479685
0,100,0.3,0.1,2.667422011312724,0.4589245879256414,0.0006863601704748465
1,100,0.3,0.1,-1.786095764105169,-0.5087232269848412,0.3535028475835318
2,100,0.3,0.1,-0.513899713181675,-0.1256152576885825,5.4957404420284875e-05
0,100,0.1,0.0,-4.408363160311023,-1.7595376007787853,1.4990238971878131e-05
1,100,0.1,0.0,-6.27391444553946,-3.240249821621612,1.0469047908673284e-05
2,100,0.1,0.0,-4.109341452341224,-1.5759305230645198,7.648052784467403e-07
0,100,0.1,0.1,-1.7886070569820065,-0.5095958932759612,0.0019938174989303165
1,100,0.1,0.1,-2.7208336001284854,-0.8710412401484535,0.01168250145970551
2,100,0.1,0.1,1.809638624746014,0.34077125279354814,0.6418319434358499
0,100,0.1,0.2,nan,nan,nan
1,100,0.1,0.2,-3.229269378102855,-1.1034245468725281,0.023219216005908414
2,100,0.1,0.2,3.9535657650183498,0.5976134798819435,2.515111361607462
0,50,0.1,0.1,1.0274096173778133,0.21066922038551483,0.9037216903902472
1,50,0.1,0.1,-1.3153631763812725,-0.3537432919793537,6.172658066697179e-05
2,50,0.1,0.1,1.1108748031634936,0.22569418700241428,0.004564288326116611
0,100,0.1,0.1,15.15143119945529,0.9694608545750414,0.001009989495192149
1,100,0.1,0.1,-1.0930312671018665,-0.2861840711057182,0.022314987616745167
2,100,0.1,0.1,1.3169880804156677,0.26158384094939735,0.6156621719424127
0,200,0.1,0.1,-0.10161787975733956,-0.023674271228480537,1.6628587632789396
1,200,0.1,0.1,-4.878053810983886,-2.074718642811048,19.566062513759743
2,200,0.1,0.1,6.933450594556421,0.7973927692868817,21.833849065513554
0,100,0.0,0.1,3.7094080094583854,0.5743435692265775,7.895474692857674e-07
1,100,0.0,0.1,-2.6883271368420587,-0.8570889833840185,0.8290041187449684
2,100,0.0,0.1,33.27999322812119,0.9995301051586964,1.882680246574335
0,100,0.1,0.1,-3.925920799211613,-1.46940361693897,1.2563228493673466
1,100,0.1,0.1,-3.16125819116786,-1.0707411747154874,0.008892397652874695
2,100,0.1,0.1,-1.9789125307356146,-0.5772162867871602,0.7044065690000723
0,100,0.2,0.1,-2.24058809262727,-0.6751697009788771,0.11031119881539263
1,100,0.2,0.1,3.013030301874069,0.5003142438211826,0.07722603766366537
2,100,0.2,0.1,-1.266687216042566,-0.3386551761277534,0.021779479093877015
0,100,0.3,0.1,-1.278825264103469,-0.34240180181891966,0.01342280995861365
1,100,0.3,0.1,-3.154691614129024,-1.0676125587003655,0.005724111739591062
2,100,0.3,0.1,-0.7951250850357245,-0.20091566116197646,0.002846098555026693
0,100,0.1,0.0,-3.1227886369181057,-1.0524796681371713,1.2520149513595906e-05
1,100,0.1,0.0,-4.200205898340322,-1.6303926954490136,0.0004016619724801006
2,100,0.1,0.0,-2.370327752101628,-0.725968141939102,6.664442363665216e-05
0,100,0.1,0.1,4.254082540571431,0.6245157317876651,8.48473643406794
1,100,0.1,0.1,1.7432382362239096,0.3306146914428858,0.3158658141546867
2,100,0.1,0.1,1.251190259826772,0.2503112841029914,0.014231277274436394
0,100,0.1,0.2,2.1792934036221947,0.3945606283770068,1.3337006160097982
1,100,0.1,0.2,3.433089194252801,0.5463811632301991,1.0686087404504838
2,100,0.1,0.2,-0.9626064892487594,-0.248132376525932,0.2897084781646919
0,50,0.1,0.1,-0.46103142005229975,-0.1119957874106392,0.008499204001997728
1,50,0.1,0.1,-2.011381394451887,-0.5890521104639928,0.0019328601380612243
2,50,0.1,0.1,-1.0026904789714257,-0.25970556486369967,0.1325967252280927
0,100,0.1,0.1,-3.125028559384295,-1.0535385305668385,1.0942384965055691
1,100,0.1,0.1,-2.867510358348699,-0.935312206536453,0.003520090831616882
2,100,0.1,0.1,-1.1523192912351097,-0.30386290299429786,0.0026280840560911635
0,200,0.1,0.1,1.0832652588792842,0.2207559872280218,4.686980042194502
1,200,0.1,0.1,-0.6834378934792047,-0.17042553820468886,0.16858946798849742
2,200,0.1,0.1,5.63400953713066,0.7267255390606665,5.883139974198762
0,100,0.0,0.1,-3.1023909051876952,-1.0428622844939865,4.07704881773141e-05
1,100,0.0,0.1,-4.15370448390264,-1.6023784167120998,1.3169830143406813
2,100,0.0,0.1,-1.211965997068511,-0.3218939036800592,0.28316930490070735
0,100,0.1,0.1,0.3027106801528644,0.06732801482025297,0.0003431510665655442
1,100,0.1,0.1,-2.5282975496783413,-0.7899040675236526,0.002333075017347955
2,100,0.1,0.1,0.5101574367670245,0.1108311161255906,0.4922391538346232
0,100,0.2,0.1,-3.6768154468553487,-1.3317476335946359,0.9356635455413624
1,100,0.2,0.1,1.4075869358224975,0.2768284932638534,0.28668670722006717
2,100,0.2,0.1,8.100446210288602,0.845134250408759,0.044365789450927805
0,100,0.3,0.1,-1.8189774142870174,-0.5201895451845739,0.015426512472538591
1,100,0.3,0.1,1.4193014217405253,0.27877651876184406,0.1678917501892463
2,100,0.3,0.1,-0.7967959936594429,-0.20137779146347023,0.0020050643717956914
0,100,0.1,0.0,-4.622840807280413,-1.8992394182153807,0.0002982670180525114
1,100,0.1,0.0,-3.6248711849098014,-1.3040246358960554,0.00041037328261237356
2,100,0.1,0.0,-1.867107036323719,-0.53713037130187,2.663069215493053e-07
0,100,0.1,0.1,-1.8521798331918853,-0.5318561458673758,1.2916356591056264
1,100,0.1,0.1,-2.555784073844946,-0.8012683054818526,1.2403305719491944
2,100,0.1,0.1,1.500964658736528,0.29221144769545115,0.017716229870736143
0,100,0.1,0.2,-1.004942065988262,-0.260358824848665,0.4124732833616258
1,100,0.1,0.2,-1.066816355264554,-0.2784437829193649,0.0030903812819116734
2,100,0.1,0.2,3.6423217757724973,0.5677173327943283,0.05246754357571088
0,50,0.1,0.1,-2.4058188258781126,-0.7401307541931654,0.06294461982856012
1,50,0.1,0.1,-0.3741377887818529,-0.08996807793876016,0.001404085640385221
2,50,0.1,0.1,0.30859688921061634,0.06859125527739451,0.02205546011857511
0,100,0.1,0.1,0.4294509306389446,0.09415288199890315,0.12212803699532543
1,100,0.1,0.1,-3.1152625727086387,-1.048925923455529,0.01008029899174698
2,100,0.1,0.1,-3.2676824455463684,-1.1221117232352982,0.08386050379428364
0,200,0.1,0.1,-5.075468312931287,-2.2177094893764173,0.46321215287498607
1,200,0.1,0.1,0.43296714310774453,0.09488599328683411,1.2287690728037874
2,200,0.1,0.1,17.740852365317036,0.9831765615548353,3.487167956969976
0,100,0.0,0.1,-4.659966986539526,-1.9241301496028096,0.009113035723358531
1,100,0.0,0.1,5.381528300231036,0.7103675820104365,1.9130281144843773
2,100,0.0,0.1,-1.8514242692175462,-0.5315896643229248,0.264822858207388
0,100,0.1,0.1,8.386613277186356,0.8550097922028639,0.05012464904149344
1,100,0.1,0.1,-2.743050971949744,-0.8806375237465476,0.002410832620385532
2,100,0.1,0.1,3.490804471485682,0.5523696209459908,0.25865156967720976
0,100,0.2,0.1,-0.7708099882351743,-0.19421081199344803,7.033777444148474
1,100,0.2,0.1,-1.0761474688420438,-0.2811935596915969,0.004693603749656338
2,100,0.2,0.1,1.3473813459800477,0.2667334643357824,0.0023774790513721245
0,100,0.3,0.1,-2.662254066864316,-0.8459732640805047,0.02107053344848927
1,100,0.3,0.1,-0.8164692581976002,-0.206832301615266,0.00925700297514969
2,100,0.3,0.1,-1.7075199154776604,-0.4816717192166562,0.011711475103916607
0,100,0.1,0.0,-5.1946755926386965,-2.3072540675715323,0.0001493967415847944
1,100,0.1,0.0,-4.651308281974522,-1.9183060010217345,0.0003286818752268156
2,100,0.1,0.0,-2.7624609615724447,-0.889061496432783,7.14341299029372e-06
0,100,0.1,0.1,-4.253149933121362,-1.662655580788718,0.966469682000061
1,100,0.1,0.1,9.495109459084517,0.8876717341770102,0.5507066049870653
2,100,0.1,0.1,-0.971995912549326,-0.25083375112593576,3.779681475550575
0,100,0.1,0.2,0.7107615669416005,0.15096842187696624,0.44811127348322133
1,100,0.1,0.2,-0.6844301864684963,-0.1706929921548852,0.0035241840653437682
2,100,0.1,0.2,-0.861865950455506,-0.21951345151767288,0.003392116990842706
0,50,0.1,0.1,-1.1830195285212013,-0.3131125522803828,0.12867068562067446
1,50,0.1,0.1,-1.1625522702686784,-0.3069387267833674,0.0016086841409333774
2,50,0.1,0.1,-2.2120413428059997,-0.6641946988973333,0.6190839881189558
0,100,0.1,0.1,-0.47543095576547545,-0.11568885703799081,0.13061248401481737
1,100,0.1,0.1,-3.9074753919777323,-1.4589377773828436,0.028461727482519343
2,100,0.1,0.1,-0.8802600082859708,-0.2246895181543913,0.0883264312697967
0,200,0.1,0.1,-1.832317110890926,-0.5248661054769888,2.4640032445091373
1,200,0.1,0.1,10.695648903427127,0.9148008798853421,0.01539479212321529
2,200,0.1,0.1,10.973418722140991,0.9200795118660522,3.952823071613327
0,100,0.0,0.1,-4.581768032495345,-1.8719495277203975,0.03968594206615564
1,100,0.0,0.1,-3.718396316081342,-1.3541798145378534,0.07307809450157429
2,100,0.0,0.1,4.53127287933642,0.6477323906603756,1.9312202770604636
0,100,0.1,0.1,3.4598867706662038,0.549171541604258,0.3129296007710738
1,100,0.1,0.1,-0.7692369927401201,-0.19377835241667318,0.015563217056854834
2,100,0.1,0.1,-3.3051661714873966,-1.1405068261309785,2.630891838791342
0,100,0.2,0.1,-1.2180137130179909,-0.32373597352966343,0.03829187852738908
1,100,0.2,0.1,-3.31079158045793,-1.143281217393446,0.0030169424335354184
2,100,0.2,0.1,-2.046841180730237,-0.602079702125649,0.008056414152321095
0,100,0.3,0.1,-3.3011950092263054,-1.1385504543246037,0.05960278135258498
1,100,0.3,0.1,-1.8772822406663954,-0.5407359783295673,0.0016308655506278619
2,100,0.3,0.1,-0.2492754738334509,-0.05907702640268786,2.3070808960339635
0,100,0.1,0.0,-4.736841231911333,-1.9763508430969572,0.00014956841707636947
1,100,0.1,0.0,-3.4909796725056372,-1.2340761242631224,0.001649561359431729
2,100,0.1,0.0,-0.3117396366941831,-0.07441970232140194,6.982121131619114e-06
0,100,0.1,0.1,2.186889907044268,0.39561871278915894,1.7437334984728197
1,100,0.1,0.1,1.354618066950937,0.2679543010911509,0.026062395507375886
2,100,0.1,0.1,-1.8110328913851936,-0.5174112135374636,0.8441373965733159
0,100,0.1,0.2,-0.38694762616392575,-0.0931877655268627,0.10489851700007502
1,100,0.1,0.2,-4.567500667226615,-1.8625301307742612,0.06970215214838836
2,100,0.1,0.2,0.1326960237349879,0.030092321302861436,0.8126708443357936
0,50,0.1,0.1,1.7949614726974819,0.33853959456846006,3.3538139309171976e-05
1,50,0.1,0.1,-1.4456035259766398,-0.39495549694002086,0.05856927813842383
2,50,0.1,0.1,-0.36029078413214705,-0.08649836824580115,1.2407551058596327e-06
0,100,0.1,0.1,-0.7843142578865572,-0.19792995756329912,0.1173386089144552
1,100,0.1,0.1,-3.7562435941137116,-1.374785340717553,0.0016464217386243736
2,100,0.1,0.1,2.458421034513545,0.4322490147490272,0.10601473408211723
0,200,0.1,0.1,-1.8230130895129506,-0.5216028356800864,4.5922520576124075
1,200,0.1,0.1,-3.809889177946068,-1.404301446930773,28.96917057689125
2,200,0.1,0.1,12.425133090032176,0.9427880578280313,8.082534742974179
0,100,0.0,0.1,4.7246659888224904,0.6630748727086833,0.0001105073135439154
1,100,0.0,0.1,19.048510374560454,0.9875505844782866,0.05383384400876399
2,100,0.0,0.1,10.895514020037886,0.9186329448922808,4.375644704946641
0,100,0.1,0.1,-2.8948561220526647,-0.9475365286990358,0.03368718622276598
1,100,0.1,0.1,-2.2935462215999185,-0.6957218730837844,0.0005102025097667258
2,100,0.1,0.1,-0.533620301190447,-0.1307381110270449,0.10054008145968213
0,100,0.2,0.1,-0.021409826569703753,-0.00494196618110454,34.04987689174362
1,100,0.2,0.1,-1.2567017334322341,-0.33558081916771654,0.8842783912670763
2,100,0.2,0.1,-0.1810251230541322,-0.04256349048493924,0.0512205759603636
0,100,0.3,0.1,-0.49630170775841387,-0.12106339131690791,0.0001626875953468517
1,100,0.3,0.1,-3.792591929580035,-1.3947445466939308,0.011401949877739745
2,100,0.3,0.1,6.139174447864415,0.7567333608337419,0.04218244143371996
0,100,0.1,0.0,-4.708262583024334,-1.9568293354220607,4.5850267577632004e-05
1,100,0.1,0.0,-5.467484716750067,-2.5216684912293887,3.6804038676801477e-06
2,100,0.1,0.0,-2.2601072540100837,-0.6827156171520556,3.4199048894965594e-07
0,100,0.1,0.1,-3.7623529898705,-1.3781283979573815,0.0378836263300964
1,100,0.1,0.1,0.21222490033350225,0.04769183056881687,0.00043132202740882856
2,100,0.1,0.1,-1.5970909449915391,-0.44447188927096537,0.40891870395862817
0,100,0.1,0.2,-4.002690154401413,-1.5134428536869482,0.566966152609035
1,100,0.1,0.2,-2.5311946172447826,-0.7910984651432771,0.015985500419128856
2,100,0.1,0.2,14.726866184395863,0.9663245520381984,0.9600542568182734
0,50,0.1,0.1,-0.5554376066486169,-0.13643280188419737,0.0013120221809718741
1,50,0.1,0.1,-0.44217811398626355,-0.10717892740549528,0.031267229133501676
2,50,0.1,0.1,-2.4754263802861223,-0.7682458115001563,0.0016394667759997853
0,100,0.1,0.1,-2.6904285704593107,-0.857987795987889,0.5076124026633256
1,100,0.1,0.1,2.807018134680559,0.47603993598007543,0.0896291680302112
2,100,0.1,0.1,-2.879142004335586,-0.9405024724950599,2.2466129645614012
0,200,0.1,0.1,-3.2738750705315027,-1.1251398104670436,0.3272878403523105
1,200,0.1,0.1,-5.12385448708325,-2.2537594968518233,10.388626990592401
2,200,0.1,0.1,17.717111521068617,0.9830843438744371,0.4125139627078608
0,100,0.0,0.1,-0.6338386219301134,-0.15713455305142388,0.56659014961311
1,100,0.0,0.1,1.5331686607858641,0.29744046240263033,0.0001943112181865499
2,100,0.0,0.1,4.905585016647628,0.6768222162757611,0.00846226937881854
0,100,0.1,0.1,-1.3771838726212966,-0.3731512837647646,0.005289362078734339
1,100,0.1,0.1,-3.028477422341992,-1.0083885753233188,0.47925312277872445
2,100,0.1,0.1,-1.8679169955902162,-0.5374170728706489,1.3952737942592985
0,100,0.2,0.1,0.4625676207686869,0.10103405913657881,0.5606151732446378
1,100,0.2,0.1,-1.5559125632763802,-0.43084060527441825,0.045594268681380605
2,100,0.2,0.1,-1.1703708454770196,-0.30929371924463744,0.1546956346130169
0,100,0.3,0.1,-0.5109634871934847,-0.12485449652287661,0.0856013976562818
1,100,0.3,0.1,3.3556917557209753,0.5382245667735097,0.07663270965696553
2,100,0.3,0.1,-0.6372236768985287,-0.15803681894303678,0.0004086093225977352
0,100,0.1,0.0,-5.347607033281991,-2.4257897319362196,2.3893826826694733e-05
1,100,0.1,0.0,-3.7563073967922476,-1.3748202292056608,7.36074163226291e-05
2,100,0.1,0.0,-3.8271057079964383,-1.4138516222063449,3.713470327726719e-05
0,100,0.1,0.1,-0.5326906724764423,-0.13049609687209718,0.006659376957700672
1,100,0.1,0.1,-2.9128562771605604,-0.9556252126574007,0.032108917902275776
2,100,0.1,0.1,-3.074065875099759,-1.0295819297107909,0.13025804842167768
0,100,0.1,0.2,1.6118529085797957,0.31005462275640017,0.02824642821585413
1,100,0.1,0.2,1.8351656289586813,0.34463470862193923,9.289261687341245e-05
2,100,0.1,0.2,10.522849494794022,0.9113425878224475,4.746811000946222
0,50,0.1,0.1,-1.5306261745589753,-0.42253387614589744,0.003261467510703284
1,50,0.1,0.1,-1.699805385659225,-0.4790421084279963,0.005432723443960143
2,50,0.1,0.1,-0.4852778803860061,-0.11822137093315366,9.79402245472943e-09
0,100,0.1,0.1,-3.923584630178137,-1.46807562564361,0.22348609368568162
1,100,0.1,0.1,-2.9097266122964625,-0.9542164342815578,0.002010927799441707
2,100,0.1,0.1,5.809841554237149,0.737568571423078,0.3867182289047524
0,200,0.1,0.1,-2.5773119957735826,-0.8102193361806296,23.72739602552401
1,200,0.1,0.1,-1.9762968497190534,-0.5762666425332448,0.03185276944280198
2,200,0.1,0.1,4.235511619919493,0.6229066810234554,4.815151612026757
0,100,0.0,0.1,-3.4208042619439114,-1.1982669280922003,5.187282000562307
1,100,0.0,0.1,-2.4258354680861123,-0.7481695318018085,0.008519376865597887
2,100,0.0,0.1,3.002284409962522,0.4990763239572943,4.743002748154803
0,100,0.1,0.1,-0.2514300915320996,-0.05960258505991356,0.04254060608264362
1,100,0.1,0.1,-2.6986208975345747,-0.861495924622321,0.07650289240788553
2,100,0.1,0.1,-2.15267137503186,-0.6415992216060322,0.3114228520684621
0,100,0.2,0.1,-2.5949516765286376,-0.8175868318933668,0.03143119526249768
1,100,0.2,0.1,0.7223608426363275,0.1532330170030889,0.030300721975945334
2,100,0.2,0.1,1.0333585072225908,0.21174969170587798,0.003398409947931686
0,100,0.3,0.1,-1.5077477719098193,-0.41505974718026906,0.004155827605895523
1,100,0.3,0.1,-2.621226599801446,-0.8286166086239148,0.03529639115379654
2,100,0.3,0.1,-0.9432420149001518,-0.24257954897539102,0.0034615930007948206
0,100,0.1,0.0,-5.415519884516506,-2.4797816086777598,1.0725432201128575e-05
1,100,0.1,0.0,-3.5453837249213214,-1.2622384131146656,0.00022215247649733143
2,100,0.1,0.0,-2.3761955742258882,-0.728301701167885,0.00022864891164832608
0,100,0.1,0.1,18.609113712504236,0.9862250944807641,2.8171444959740204
1,100,0.1,0.1,-2.883223813251024,-0.9423271523002774,0.002509239928694452
2,100,0.1,0.1,4.67839457566693,0.6594659508565286,0.09178782909770188
0,100,0.1,0.2,2.149424895166319,0.39038238084376065,1.7335273549359487
1,100,0.1,0.2,-3.4191732031829365,-1.1974414906365634,0.007556680358562986
2,100,0.1,0.2,-2.591649315448211,-0.8162052701266509,0.4816375947588054
0,50,0.1,0.1,0.0210488141397115,0.004834942420131272,0.31587336209996064
1,50,0.1,0.1,-1.11900463209544,-0.2938992561961762,0.5908483162554666
2,50,0.1,0.1,-1.6125218821950855,-0.44961337769581,0.12441354201016416
0,100,0.1,0.1,-3.665171463306873,-1.3255042970297155,0.5006574818084624
1,100,0.1,0.1,-2.420823958538359,-0.7461534077706384,0.005985908088867458
2,100,0.1,0.1,3.373573105899337,0.5401219412783081,0.15026803534626226
0,200,0.1,0.1,-2.6882781204521278,-0.8570680235772858,19.86643473860286
1,200,0.1,0.1,-4.435283472704413,-1.776696080703764,7.522155960189589
2,200,0.1,0.1,-0.7723369701774098,-0.19463077103904625,1.263737158392187
0,100,0.0,0.1,-3.6146091584739732,-1.2985868395819091,0.043439237059721886
1,100,0.0,0.1,-4.230069057258566,-1.6485422527989475,0.1626243447564333
2,100,0.0,0.1,6.674793269882383,0.7849592960777648,0.006838120322135141
0,100,0.1,0.1,4.406374867623752,0.6374545047532427,0.7443158246681661
1,100,0.1,0.1,0.16936540227703556,0.03824719909665886,1.7204682667575968
2,100,0.1,0.1,3.1256853377081195,0.5131093146030594,3.5004821978485556
0,100,0.2,0.1,-1.0653398976161121,-0.278009228173445,0.009631729889090786
1,100,0.2,0.1,-2.1039525797515655,-0.6232868031369077,0.00017430967742827503
2,100,0.2,0.1,16.355347296532873,0.9768545691072554,0.03094552391912251
0,100,0.3,0.1,-0.6680355517325293,-0.16628195233067267,0.0032429699943630035
1,100,0.3,0.1,-1.5293734416645668,-0.4221236019978276,0.6302231752494332
2,100,0.3,0.1,0.9588354361021525,0.19810693721585193,0.006785567808520843
0,100,0.1,0.0,-5.278075466795739,-2.371378762236273,1.0764601004007572e-06
1,100,0.1,0.0,-4.70794783423668,-1.9566150511600817,4.6166629286915937e-05
2,100,0.1,0.0,-0.40013508671059017,-0.09651230247945386,3.5100673090352964e-05
0,100,0.1,0.1,0.15541455798925377,0.03515279256735293,0.00851869465801583
1,100,0.1,0.1,1.1338031991230464,0.22977133020987006,0.00438086579826151
2,100,0.1,0.1,-0.5369487394928903,-0.13160504228566672,0.35383944085028196
0,100,0.1,0.2,3.94750126342032,0.5970511936010322,9.175515727689191
1,100,0.1,0.2,-2.3537813358088733,-0.719404795141459,0.4528698497544521
2,100,0.1,0.2,2.8371437582431858,0.47966190315261115,0.9980299545040082
0,50,0.1,0.1,0.5695513865736693,0.12290858257189285,0.40713128434257295
1,50,0.1,0.1,0.33255847629838187,0.07371602141041711,0.02457135831773044
2,50,0.1,0.1,33.23544585836926,0.9995252604495964,5.5195313959260515e-05
0,100,0.1,0.1,0.957101051630091,0.1977866318281094,0.013362869818185814
1,100,0.1,0.1,-1.1214588537441263,-0.2946306523150999,0.0006865904041746786
2,100,0.1,0.1,-0.5428732589916528,-0.13314979851589137,0.09666781640752228
0,200,0.1,0.1,-5.390275727430396,-2.4596134172566204,33.407297622503535
1,200,0.1,0.1,15.482395808042357,0.9717016952553522,3.5553111532040007
2,200,0.1,0.1,6.472529195757644,0.7747073204341307,2.241155864185422
0,100,0.0,0.1,1.76068830678922,0.33329890361365255,5.530023948332145
1,100,0.0,0.1,1.4271150421971115,0.2800729432797845,4.891001657109858e-05
2,100,0.0,0.1,20.480419320903064,0.9910472167972044,2.470342847938718
0,100,0.1,0.1,-3.236654983631012,-1.1070046708561128,0.011149814267648984
1,100,0.1,0.1,-3.9125989928794747,-1.46184042774745,0.2803660202462292
2,100,0.1,0.1,-1.7835879307933586,-0.5078522663101501,1.2364302171637152
0,100,0.2,0.1,-1.6391557510227046,-0.4585307008940116,7.502902274673367
1,100,0.2,0.1,-2.543900612008159,-0.7963462893328941,0.010413690415216996
2,100,0.2,0.1,-1.0537964973347334,-0.27461683334952847,1.5079668798242523
0,100,0.3,0.1,-4.709448321895272,-1.9576367382988087,2.31355075254006
1,100,0.3,0.1,-1.6053013160648542,-0.44720525756343954,0.0010811998644358078
2,100,0.3,0.1,-1.7935956404459719,-0.5113309077023671,0.00018014735752615508
0,100,0.1,0.0,-6.723838060186729,-3.7030955920156563,9.02908150766519e-05
1,100,0.1,0.0,-4.579357269939731,-1.8703557549717447,1.6167834219081392e-06
2,100,0.1,0.0,-2.6996501154977377,-0.8619371257337569,8.902351859954167e-07
0,100,0.1,0.1,6.008337088184302,0.74929309750115,1.0647240027259248
1,100,0.1,0.1,-0.5409934048012462,-0.13265941801817083,0.0840034767883226
2,100,0.1,0.1,6.002827529982174,0.7489748432143762,4.6826046846779406
0,100,0.1,0.2,-2.696960401861637,-0.8607843302504221,0.016441007860003673
1,100,0.1,0.2,5.8925906145120965,0.742521518873,0.002716892309669325
2,100,0.1,0.2,10.424946528297443,0.9093212870836489,0.20827145613887393
0,50,0.1,0.1,2.183747787054815,0.395181284789099,0.0032430852737236407
1,50,0.1,0.1,-0.22507571284430317,-0.05319204782131792,0.0034901734871799657
2,50,0.1,0.1,-3.1552586888865637,-1.0678825523316204,0.00025491599314861135
0,100,0.1,0.1,-4.776974752039625,-2.003983031844723,0.48877937268031146
1,100,0.1,0.1,-2.5116183391467386,-0.783043070347206,0.0036755498935292603
2,100,0.1,0.1,0.5111466630351171,0.11103362596292887,0.12663632325654062
0,200,0.1,0.1,-4.76775363609144,-1.9976116200866985,19.2007111786003
1,200,0.1,0.1,4.632506067146711,0.6558487167324245,3.738567128709593
2,200,0.1,0.1,17.44611679848433,0.9819951992278418,3.7966759766060396
0,100,0.0,0.1,-2.8373694079057934,-0.9219272337809832,2.44565160509143
1,100,0.0,0.1,-4.109682065191534,-1.5761325586605808,0.1704243060259082
2,100,0.0,0.1,-4.856501619929355,-2.0594979179944937,0.01579511940761352
0,100,0.1,0.1,1.749954390455001,0.3316490634561694,1.1406817235645108
1,100,0.1,0.1,1.6323125202856028,0.31329731106720926,0.2603854315734255
2,100,0.1,0.1,11.7015518758428,0.9324158567949495,4.406924720653087
0,100,0.2,0.1,-1.5608238428876855,-0.4324596065556603,4.223411955813373
1,100,0.2,0.1,1.147989847305819,0.2322832515076726,0.0025232020041263186
2,100,0.2,0.1,-0.14570989024303552,-0.034120122653318985,0.6782166693803975
0,100,0.3,0.1,0.25865157396169675,0.0578179140028281,0.0017511625626731974
1,100,0.3,0.1,-0.9405506303589004,-0.24180974334805327,0.0003039870461855616
2,100,0.3,0.1,-1.6519645544629633,-0.46283874779298584,0.0025931025841498126
0,100,0.1,0.0,-4.311229085130883,-1.698503020470283,2.016138658282044e-05
1,100,0.1,0.0,-4.236162176706355,-1.6522607458823306,2.445195462672723e-06
2,100,0.1,0.0,-2.4248584877260795,-0.7477763112387683,2.3668759277885568e-05
0,100,0.1,0.1,-3.08589341751305,-1.035116810884841,0.19207867676235665
1,100,0.1,0.1,-2.815944547422136,-0.9124692224629016,0.1370132434048282
2,100,0.1,0.1,0.6480695242766941,0.13862344373305302,0.6914461623180415
0,100,0.1,0.2,-0.9681122358922802,-0.24971569353304557,0.010761888957356662
1,100,0.1,0.2,-0.18145815575088353,-0.042667449113704015,0.11382776439620661
2,100,0.1,0.2,-0.12143276269861587,-0.028355502618660378,0.010838562892875872
0,50,0.1,0.1,0.7238597025383584,0.15352520724297025,2.4739588951247368e-05
1,50,0.1,0.1,-1.3063588390956764,-0.3509394494318556,2.372090887475345e-05
2,50,0.1,0.1,-1.202167309338049,-0.3189147674458521,0.00023487766185564034
0,100,0.1,0.1,-3.6157172947142313,-1.2991734167718971,0.2146353755657897
1,100,0.1,0.1,-1.2570649562750158,-0.3356925253415115,0.15722129196454532
2,100,0.1,0.1,-2.8917477800738474,-0.9461431322906089,2.052088116501043
0,200,0.1,0.1,-3.1084314679140856,-1.04570566015017,1.8663944368069174
1,200,0.1,0.1,-3.439744911168071,-1.207875046635404,0.004997019749545446
2,200,0.1,0.1,42.261290192762324,0.9999405884366206,3.9457637448949714
0,100,0.0,0.1,1.0161932858456915,0.20862801595686098,0.6353439131508907
1,100,0.0,0.1,-3.2080942726838564,-1.0931937400942875,0.011320733193457916
2,100,0.0,0.1,14.93900254783284,0.9679299420111956,14.051978126158314
0,100,0.1,0.1,-2.6165636452914316,-0.8266543041207792,0.006676523765717805
1,100,0.1,0.1,-4.000449171550481,-1.512146238234735,0.030191574484945236
2,100,0.1,0.1,-1.1005464526343343,-0.2884116563665462,1.5797892484377298
0,100,0.2,0.1,3.0360741146919046,0.5029585717757599,0.0019908224966529767
1,100,0.2,0.1,-3.582706780532635,-1.2817637592848259,0.4157580998453785
2,100,0.2,0.1,-1.073555152780683,-0.28042903982231393,0.0016551396859791432
0,100,0.3,0.1,-3.0044969336190515,-0.9973293937628898,0.09959387132090118
1,100,0.3,0.1,-3.610327185375271,-1.296321640077096,0.01807487620363533
2,100,0.3,0.1,-1.9125836221444565,-0.553310801272132,0.015283667277970574
0,100,0.1,0.0,-5.621086656969125,-2.6484522416407534,4.4871095594417254e-05
1,100,0.1,0.0,-3.9566620253925233,-1.4869451248190448,0.00024086880796732766
2,100,0.1,0.0,-3.2953042883314603,-1.1356517151950807,3.180633898395408e-05
0,100,0.1,0.1,-0.8100343817648785,-0.20504548031027192,0.008315313859922045
1,100,0.1,0.1,-2.8078530208092105,-0.9089093364119574,0.01548356643092497
2,100,0.1,0.1,-0.8058160364877185,-0.20387557597285344,0.07465860925379143
0,100,0.1,0.2,4.942295102866641,0.6795424635272349,0.04580535427151257
1,100,0.1,0.2,-0.7869953983199829,-0.19866973441985403,0.029029582914204554
2,100,0.1,0.2,-4.109958965863733,-1.5762968148526286,0.0030391226706913796
0,50,0.1,0.1,-1.2783098935990926,-0.3422425105373861,0.00025104253211927577
1,50,0.1,0.1,-3.744287406779521,-1.3682565148280728,0.343975822096942
2,50,0.1,0.1,-0.4131148436229429,-0.09979435030946515,0.01019110483095629
0,100,0.1,0.1,-1.0992732463942327,-0.2880339925012869,0.8060708864493261
1,100,0.1,0.1,0.7731454698391405,0.16307709659031489,0.13559050120129607
2,100,0.1,0.1,-3.0897918912277875,-1.0369444674006054,0.08490994696879597
0,200,0.1,0.1,-2.070327057941485,-0.6107669340442436,12.785655507864256
1,200,0.1,0.1,-4.232588209180627,-1.6500790017215725,0.6104407538636074
2,200,0.1,0.1,14.804690901553519,0.9669226346774947,2.2805900537920474
0,100,0.0,0.1,-4.414523215794843,-1.763454520474672,0.0025293124506576706
1,100,0.0,0.1,-2.8999366559733026,-0.9498161605047739,0.004645939147362064
2,100,0.0,0.1,1.0597482604495532,0.21652494428235602,15.512635998023661
0,100,0.1,0.1,-2.736448587662072,-0.8777806469807021,0.035660541976727744
1,100,0.1,0.1,-1.6045831819508134,-0.4469659725651145,0.014848410117130686
2,100,0.1,0.1,-0.15833231831397163,-0.03713008357044223,0.22948415972438568
0,100,0.2,0.1,-2.9629525460552,-0.9783141376304794,1.102072990212981
1,100,0.2,0.1,-2.254180430891519,-0.6804207789397076,0.024317853886382395
2,100,0.2,0.1,-2.370630930648602,-0.7260886350147564,0.00965444958125246
0,100,0.3,0.1,1.7065370016854389,0.32493389938856077,0.00039586455867740187
1,100,0.3,0.1,-1.4309398804348477,-0.3902534710143424,0.0005205803947155677
2,100,0.3,0.1,-3.6743378795236397,-1.3304177953247796,0.39403498107332185
0,100,0.1,0.0,-3.68688260349915,-1.337159007146386,4.407640598572094e-05
1,100,0.1,0.0,-5.701026326867139,-2.716230408616812,1.873808805193172e-07
2,100,0.1,0.0,-3.9941223345279653,-1.508489187800551,8.113393056037879e-06
0,100,0.1,0.1,1.1720491696466664,0.23652453872852153,0.0042595109841213445
1,100,0.1,0.1,-1.9348979234794583,-0.5613123404727203,0.005408689100412001
2,100,0.1,0.1,-1.8923045676060317,-0.5460746406908079,0.3677247827956347
0,100,0.1,0.2,-4.159322512383029,-1.6057470288199482,0.040603369903560914
1,100,0.1,0.2,-2.5648457780256004,-0.8050306376914107,0.0084315133378872
2,100,0.1,0.2,3.254740760795261,0.5273649513968361,5.148342923433767
0,50,0.1,0.1,-2.4758490005533726,-0.7684178912548312,8.279574582017946e-05
1,50,0.1,0.1,0.20733293513760792,0.04661853044748987,0.002474628112056564
2,50,0.1,0.1,2.3163989734358403,0.413375627511519,0.0026437792722166335
0,100,0.1,0.1,-3.0513209986831553,-1.0189803859545608,0.07597228943227777
1,100,0.1,0.1,-0.07925270760541789,-0.018416133671622203,0.006784544308517342
2,100,0.1,0.1,-2.006133442887223,-0.5871330826245857,1.4655685557389158
0,200,0.1,0.1,-2.398897823299869,-0.7373598559446397,30.685904035423412
1,200,0.1,0.1,-4.040061871458167,-1.5351647472870544,3.404749802728037
2,200,0.1,0.1,19.471112264266782,0.988704933984025,5.943783069203227
0,100,0.0,0.1,-3.946097542314553,-1.480902828411557,0.0023259731106049565
1,100,0.0,0.1,-5.03947368781404,-2.191151102895328,8.291185528825268
2,100,0.0,0.1,-1.9591729347292737,-0.5700637747742068,3.786512043574434
0,100,0.1,0.1,-3.9407748363064155,-1.4778641005067055,2.821135441391906
1,100,0.1,0.1,-0.5361230094711397,-0.13138990912801818,0.15009895688588598
2,100,0.1,0.1,-2.3404155236769966,-0.7141213031251776,3.441945492728338
0,100,0.2,0.1,-1.9833900356711742,-0.5788432094523637,0.0032694175395952306
1,100,0.2,0.1,-3.8133848315005947,-1.406237457772983,0.05732246257180988
2,100,0.2,0.1,-1.61885218340167,-0.4517278831290634,0.0017286292571410443
0,100,0.3,0.1,-3.5830009091451895,-1.2819182983737596,0.17374561924105422
1,100,0.3,0.1,-2.0382546186848356,-0.5989153131571552,0.008888300689207465
2,100,0.3,0.1,1.1509772921807082,0.23281117044434307,0.006722230535771285
0,100,0.1,0.0,-3.8514298302910523,-1.4274091408869847,2.6589706685836537e-05
1,100,0.1,0.0,-3.5353596496197257,-1.2570228972080435,0.03626755142021615
2,100,0.1,0.0,0.6657700056138217,0.14212699994068678,8.23249767308307e-06
0,100,0.1,0.1,-1.7566903470282058,-0.49854239740970074,0.0032468853639424245
1,100,0.1,0.1,-4.819011338030258,-2.0332006040531434,0.03133411664941087
2,100,0.1,0.1,-0.2443966903949663,-0.057887946988116834,0.03599817674432712
0,100,0.1,0.2,-2.951908075178839,-0.9732895115167017,0.5338586512555854
1,100,0.1,0.2,-0.9967878405527579,-0.25799462077230473,0.7103916615251713
2,100,0.1,0.2,-0.6880037100444152,-0.1716566748211985,0.7789595378185392
0,50,0.1,0.1,-1.3723541660418181,-0.371625077050749,1.2424054968431423e-05
1,50,0.1,0.1,-0.7501084361897021,-0.18853190275349108,3.408856323784451
2,50,0.1,0.1,-1.6498141335210834,-0.46211459850448633,0.0004224788827213589
0,100,0.1,0.1,-2.2039139677336794,-0.6610832417775201,0.043416062316561047
1,100,0.1,0.1,-1.8101087065396255,-0.5170883406242544,1.5667924901503536
2,100,0.1,0.1,-4.130206572853318,-1.5883360268353304,1.4364656999243564
0,200,0.1,0.1,-2.3865972611953197,-0.7324460777796924,4.097282585648925
1,200,0.1,0.1,-3.95494128824451,-1.485959956603494,0.1788707080982881
2,200,0.1,0.1,43.385715094077014,0.9999541405870921,0.05571383704350728
0,100,0.0,0.1,-4.557723690292515,-1.8560931592356185,0.9302661250207412
1,100,0.0,0.1,-1.3831339238029174,-0.3750338588812965,1.4914637640140778e-05
2,100,0.0,0.1,7.587339334489334,0.825712569758079,3.7497526604677405
0,100,0.1,0.1,-2.184273250694547,-0.6535880498431947,0.1881309000152069
1,100,0.1,0.1,-3.405796411873005,-1.1906835201177586,0.0036662701512218503
2,100,0.1,0.1,-2.445423844440178,-0.7560722675828184,0.2777980398054396
0,100,0.2,0.1,1.0464622380807134,0.2141244520089135,5.622039315798902
1,100,0.2,0.1,-1.3921867353497974,-0.37790308833252073,1.4217730268773163
2,100,0.2,0.1,1.4194859903587203,0.27880716902297575,4.5173001089858126e-05
0,100,0.3,0.1,-1.591695457785487,-0.4426784540116384,0.018911746799766267
1,100,0.3,0.1,-2.641146231164421,-0.8370231239280248,0.02458054311937985
2,100,0.3,0.1,-2.0273623935716363,-0.5949102141023015,0.03974248451690024
0,100,0.1,0.0,-4.774731723187177,-2.002431945847013,0.00012510379313393266
1,100,0.1,0.0,-4.170538830604336,-1.6124854662308667,0.0001602562528526889
2,100,0.1,0.0,-3.969960959107566,-1.494572301890206,1.7124171262760095e-06
0,100,0.1,0.1,0.32212014586944104,0.07148700686432896,0.03943641779015613
1,100,0.1,0.1,-0.456855372815563,-0.11092703908449075,0.0018330598123372157
2,100,0.1,0.1,-1.563541946902813,-0.4333564157608414,1.9469513190285186
0,100,0.1,0.2,-1.7168241884101973,-0.48484943768845556,0.0456935729923593
1,100,0.1,0.2,-3.0440118732332473,-1.015585323252553,0.025663751365598047
2,100,0.1,0.2,-0.041110538893085045,-0.009510996171147257,0.038262117997979996
0,50,0.1,0.1,10.89221428890053,0.9185710994302122,0.0005435999720505373
1,50,0.1,0.1,-1.365779769587867,-0.36955026712662953,9.52536994777249e-05
2,50,0.1,0.1,-1.6485181753538736,-0.46167836071025947,0.015697429360043025
0,100,0.1,0.1,-4.439074777535975,-1.7791211397606044,1.441117800144993
1,100,0.1,0.1,-2.8169936914017235,-0.9129312817402138,0.19206590652099553
2,100,0.1,0.1,-1.4792703598403103,-0.40581131975517026,3.094463149048244
0,200,0.1,0.1,-1.054229397576736,-0.2747438921679226,0.345649537243963
1,200,0.1,0.1,-2.7080007316129984,-0.8655207033664081,17.805778068487328
2,200,0.1,0.1,16.234153722721658,0.9761995796317998,2.4188305641916292
0,100,0.0,0.1,-0.6107966445466781,-0.1510115044390612,0.0001377001930019299
1,100,0.0,0.1,-2.548734126243807,-0.798346659873308,0.14895821263253334
2,100,0.0,0.1,8.286636952160523,0.851633345214744,2.555076111171851
0,100,0.1,0.1,-3.5644669745591506,-1.2722007426806923,1.0961585572654546
1,100,0.1,0.1,2.7408972515145673,0.46800166283579947,0.09475754817501285
2,100,0.1,0.1,19.802247335138553,0.9895341316733305,0.32433220061891177
0,100,0.2,0.1,1.052068973903119,0.2151383616478869,0.0006007576246413578
1,100,0.2,0.1,-3.205830421822451,-1.092102903393401,4.984973597907292
2,100,0.2,0.1,-1.3653808429691185,-0.36942447115454824,0.00022260932258492635
0,100,0.3,0.1,12.767067073367752,0.9471197752066668,0.034264378786345334
1,100,0.3,0.1,-1.0280398831876167,-0.2670798611012135,0.05764910468499119
2,100,0.3,0.1,-1.6312700614947206,-0.45588478086875805,0.028640878353151992
0,100,0.1,0.0,-4.0060071224933615,-1.5153632543926112,7.756980632580051e-05
1,100,0.1,0.0,-4.119247433702072,-1.581812762976965,0.00025148300433135677
2,100,0.1,0.0,-2.504202926047739,-0.7800011898075168,8.841038486210424e-05
0,100,0.1,0.1,-0.24903609070151114,-0.059018651682519074,0.06398937327141124
1,100,0.1,0.1,4.6835770576914895,0.6598720713799239,0.016449335725298525
2,100,0.1,0.1,-4.1018060091802395,-1.5714649015180608,0.943618558033873
0,100,0.1,0.2,-2.525866063164923,-0.7889022335848646,0.013297306311478399
1,100,0.1,0.2,1.0565405660758302,0.21594605669205058,0.17465030474478577
2,100,0.1,0.2,-1.3776963128639061,-0.373313316560842,0.021756157078568535
0,50,0.1,0.1,-2.6232536762956613,-0.8294703175928628,0.06231266561533415
1,50,0.1,0.1,0.7099268271579608,0.1508052172819594,3.1112693662177045e-05
2,50,0.1,0.1,-1.75673292613551,-0.49855708949375543,0.0010865182002511016
0,100,0.1,0.1,-5.233343488268998,-2.336832054655902,0.45917997201538613
1,100,0.1,0.1,-3.508016395959857,-1.2428572833332052,3.2264088164434552
2,100,0.1,0.1,2.9046529988168226,0.48768779763847503,0.18691763989197363
0,200,0.1,0.1,-2.562494722985752,-0.804053748025455,3.0179289568796435
1,200,0.1,0.1,-0.9768296763037526,-0.25222672320491446,2.587315390652464
2,200,0.1,0.1,17.999407593355862,0.9841489060278942,14.662948839435018
0,100,0.0,0.1,4.548814380961722,0.6491523581096933,1.2659555127445804e-07
1,100,0.0,0.1,-1.2196817045803483,-0.3242444774572155,0.28444247175336845
2,100,0.0,0.1,4.677056498150649,0.6593610148796034,2.73508767922348
0,100,0.1,0.1,-5.5497976206533295,-2.5890520942807673,0.001219228190612572
1,100,0.1,0.1,1.8472432850571499,0.34645473650804726,0.0009103689183921804
2,100,0.1,0.1,2.1576805304211324,0.391540120687385,1.7156020042930775
0,100,0.2,0.1,-1.7525677095304268,-0.4971205474928151,0.003186379320060953
1,100,0.2,0.1,3.6978603823637335,0.5732102685503958,0.9345882619726107
2,100,0.2,0.1,2.628411706334686,0.4540425088614687,0.3600016241326648
0,100,0.3,0.1,1.3380310932001973,0.2651530589442388,0.007284539616028453
1,100,0.3,0.1,2.778919260716928,0.4726389214079457,0.09407035198306973
2,100,0.3,0.1,-1.4662253253436042,-0.4015949773903442,0.001376202520480748
0,100,0.1,0.0,-4.976349575715069,-2.1451036134313237,1.4607351361184133e-05
1,100,0.1,0.0,-4.364747233132225,-1.7319624343326234,0.00015602920953709543
2,100,0.1,0.0,-2.128553584115555,-0.6325081512134971,1.6078629372542727e-05
0,100,0.1,0.1,-2.9453746705715105,-0.9703231818078839,0.5257894729009517
1,100,0.1,0.1,2.619674666089301,0.4529430581123539,0.013065973075135493
2,100,0.1,0.1,-1.0054384351412584,-0.26050288355097395,0.10186747444838112
0,100,0.1,0.2,-0.429217595460833,-0.10387973219980107,0.0025767140651052674
1,100,0.1,0.2,-2.1652240518477512,-0.6463508991242708,0.017264982281789583
2,100,0.1,0.2,3.927050960540834,0.5951492912150895,0.18343187944096412
0,50,0.1,0.1,-1.4682585780531898,-0.40225132097941163,0.000685970713075894
1,50,0.1,0.1,-1.0071488661084973,-0.2609994193978351,6.166223387853678e-05
2,50,0.1,0.1,0.9728418169776791,0.20068894737202825,0.6351716753815397
0,100,0.1,0.1,-2.7902579826069953,-0.9011912124422157,0.042834154539129955
1,100,0.1,0.1,-3.537422490340168,-1.2580952075524183,5.658804611911364
2,100,0.1,0.1,-1.0070889331238528,-0.2609820176254163,0.5908031297910836
0,200,0.1,0.1,-3.9757418567318004,-1.497895040209277,25.27762909276312
1,200,0.1,0.1,0.7510932579478498,0.15881663773368482,4.984609788982432
2,200,0.1,0.1,3.2470229610775965,0.5265242900797306,4.341936271291842
0,100,0.0,0.1,-4.638697056509985,-1.9098439936696923,0.32353402934521525
1,100,0.0,0.1,-4.197137039438548,-1.6285346353131223,0.4395820912735725
2,100,0.0,0.1,8.694877585678032,0.864944510467262,20.447960309212405
0,100,0.1,0.1,-4.781073051081943,-2.00681913314865,4.476304889773676
1,100,0.1,0.1,-1.6958874699692739,-0.4777084167773964,0.011506117010515446
2,100,0.1,0.1,-2.194178448638806,-0.6573637850250083,0.25896274123664337
0,100,0.2,0.1,-3.5567383639702967,-1.2681607792069696,0.40690828900549025
1,100,0.2,0.1,-3.688667768071679,-1.3381198922702127,0.0011607450825273469
2,100,0.2,0.1,5.325417344428254,0.7066012457303286,0.006133490372819412
0,100,0.3,0.1,-1.43780737907358,-0.3924536179145921,0.00017618336917981246
1,100,0.3,0.1,6.088322516845926,0.753868188357012,0.04681797145032844
2,100,0.3,0.1,-4.662691403085221,-1.925965090686335,0.0028333987176521903
0,100,0.1,0.0,-4.582553396161581,-1.8724689284628466,0.00012770065939349674
1,100,0.1,0.0,-3.4321147667938545,-1.203999423997367,8.341603923412542e-05
2,100,0.1,0.0,-3.269545695526565,-1.1230223663837475,1.5361452667029224e-05
0,100,0.1,0.1,-5.134574673050852,-2.261801043327625,13.783579695928168
1,100,0.1,0.1,-2.778311731924106,-0.8959687426671568,1.2573994295517097
2,100,0.1,0.1,12.972955109742465,0.9495681976945993,0.5895032576678987
0,100,0.1,0.2,-3.2132755836780125,-1.0956924961963566,0.4557591249308005
1,100,0.1,0.2,-0.9639422436993393,-0.24851632218072472,0.018670735261916503
2,100,0.1,0.2,10.359907583001956,0.9079530841055439,12.675322900485272
