nonstationary level,time series length,observation noise,process noise,evidence,significance_level,bayes factor error
0,50,0.1,0.1,-4.501996827090231,-1.8196790834420837,7.559784784288818e-06
1,50,0.1,0.1,-3.4850166203477078,-1.2310107454912842,1.8641064818745464e-05
2,50,0.1,0.1,3.5066323812951588,0.5539980455416409,2.0632350164589244e-05
0,50,0.1,0.1,-3.7116688842043373,-1.3505358990089356,0.00945217530342031
1,50,0.1,0.1,-3.7693078328952225,-1.3819398118125448,9.159372872747832e-08
2,50,0.1,0.1,2.079579107233074,0.3804988894143754,1.1016483877688126e-05
0,50,0.1,0.1,-3.378274665172994,-1.176844798830352,2.501044806759811e-07
0,50,0.1,0.1,-3.832016657327882,-1.4165827202015038,0.004069115876508877
1,50,0.1,0.1,-3.039382225741074,-1.0134378224307423,0.09721045923532687
2,50,0.1,0.1,3.079625434680005,0.5079180256273547,4.5858328507680003e-07
0,100,0.1,0.1,-3.942499362349649,-1.4788482230013003,1.937532529995206e-08
1,100,0.1,0.1,-0.5199187216748266,-0.12717636084321948,0.00012533621195922297
2,100,0.1,0.1,4.8181835464627785,0.6702523984459479,1.1478314729095792e-08
0,200,0.1,0.1,-4.141189771412208,-1.5948901478618502,4.80881301105087e-07
1,200,0.1,0.1,18.76222609738289,0.9867022736875756,3.9588251243682855e-05
2,200,0.1,0.1,20.035456056484087,0.9900813082329114,3.003179571226081e-05
0,100,0.0,0.1,-5.668621528267423,-2.688605018767168,7.874686613862585e-05
1,100,0.0,0.1,9.253942470778997,0.8812576190401697,1.0098613205139285e-06
2,100,0.0,0.1,9.456306120504742,0.8866636067099299,1.1558377468599221e-05
0,100,0.1,0.1,-3.1821646006852293,-1.0807335031616385,4.065979635761444e-09
1,100,0.1,0.1,-4.610461747663667,-1.890987239630466,3.606917031760788e-08
2,100,0.1,0.1,-0.48181452751371356,-0.11732998235778824,1.5062981104390057e-06
0,100,0.2,0.1,-2.726185652283143,-0.8733484495657409,9.772092499397996
1,100,0.2,0.1,-2.628902542795629,-0.8318514571035645,2.1851683657170855
2,100,0.2,0.1,-2.0938509933767064,-0.619515464356649,0.09545162487952205
0,100,0.3,0.1,-3.0176508138948965,-1.0033880613703796,1.491177566541158
1,100,0.3,0.1,-2.2784345317909183,-0.6898317010971959,0.0007992360513551942
2,100,0.3,0.1,-0.25558869859958583,-0.060617698393041985,0.004320243444038647
0,100,0.1,0.0,-5.7429503536731,-2.7522782446540046,5.831591186836168e-08
1,100,0.1,0.0,-3.686618344341997,-1.337016800209581,1.849362575417655e-08
2,100,0.1,0.0,5.045803337884869,0.6870898388743731,8.343665461152802e-06
0,100,0.1,0.1,-4.167499261280713,-1.6106576620980437,0.0001576559023732569
1,100,0.1,0.1,-1.1041355750679753,-0.28947687333479233,4.187260233640012e-07
2,100,0.1,0.1,0.2128687670756735,0.04783300530949619,8.808044880158359e-06
0,100,0.1,0.2,-4.710326778080267,-1.958235045939975,0.0009615201868217355
1,100,0.1,0.2,-3.77322115345428,-1.384087086364822,2.5240105588827865e-06
2,100,0.1,0.2,1.9004955462281212,0.35441943832195677,1.7490452067895864e-05
0,50,0.1,0.1,-3.025066830586512,-1.0068119712277688,2.7845413387467387e-06
1,50,0.1,0.1,-4.602473269861699,-1.8856744021197156,0.007033750174361917
2,50,0.1,0.1,4.189770740440613,0.6189140600050841,1.695099824657494e-05
0,100,0.1,0.1,-3.564987781074475,-1.2724732416320768,0.00032511464915743553
1,100,0.1,0.1,-3.601704864902311,-1.291767131511926,1.2627162395723417e-07
2,100,0.1,0.1,7.825971449690301,0.8350308050567637,1.843911809935001e-07
0,200,0.1,0.1,-4.9708829261829335,-2.141147228176993,4.3319778649130444e-08
1,200,0.1,0.1,5.335336857091719,0.7072706190673376,1.653673629788505e-05
2,200,0.1,0.1,32.8849498696188,0.9994853582525383,6.46375935800739e-06
0,100,0.0,0.1,-2.7230159877083264,-0.8719816995536676,5.4469111065138126e-08
1,100,0.0,0.1,11.563091384599138,0.9302264433193814,1.8497760494076173e-05
2,100,0.0,0.1,110.87176921397598,0.9999999999918187,1.6996535687832764e-05
0,100,0.1,0.1,-2.8493064387678424,-0.9272171151717852,3.4027269604884605e-09
1,100,0.1,0.1,-0.1665664653792959,-0.039098329275101484,2.3689514053326015e-05
2,100,0.1,0.1,11.1097242455744,0.9225489026337031,1.6799718264996647e-05
0,100,0.2,0.1,-0.36461892773559873,-0.08758170344449301,0.01007713104191269
1,100,0.2,0.1,-2.5163080995911136,-0.784969542301958,0.15804482383413598
2,100,0.2,0.1,-4.330447764207438,-1.7104710711697209,0.2194999155387147
0,100,0.3,0.1,-0.9257777436603505,-0.23759280080406686,0.2732807758170105
1,100,0.3,0.1,-1.6561806847735454,-0.46425956102535104,0.004271287678827631
2,100,0.3,0.1,-2.4462683400700196,-0.7564137730849003,0.020339788756354588
0,100,0.1,0.0,-3.8302196081220585,-1.4155829792687284,0.01107039923382528
1,100,0.1,0.0,-2.0676943950014217,-0.6097907942276886,3.073059267675642e-06
2,100,0.1,0.0,9.271012885068245,0.8817234327449139,8.454516643498274e-06
0,100,0.1,0.1,-1.3797548977280614,-0.37396443055349105,3.1556718282972793e-06
1,100,0.1,0.1,-1.9792671174115453,-0.5773450663906587,2.0234914547912377e-07
2,100,0.1,0.1,1.0214050482482109,0.20957713438687764,8.536509537128822e-06
0,100,0.1,0.2,-3.751521255197392,-1.3722045005747132,0.0006600812655620805
1,100,0.1,0.2,-4.471293192498805,-1.7998148924187247,6.116943559791301e-09
2,100,0.1,0.2,-2.684912416140052,-0.8556293867100773,3.6495451122802524e-06
0,50,0.1,0.1,-3.9712133293371554,-1.495291762696327,4.466893315369709
1,50,0.1,0.1,-2.1365960692674015,-0.6355341134318804,0.0013070027085356276
2,50,0.1,0.1,-3.380572756212399,-1.1779969919943247,8.76480804045465e-06
0,100,0.1,0.1,-5.542613087105002,-2.5831196338431317,1.8177418242934972e-06
1,100,0.1,0.1,-0.458839904265418,-0.11143479903398767,2.6961334009248724e-05
2,100,0.1,0.1,7.962863266702761,0.8401496198873861,8.453966705401137e-06
0,200,0.1,0.1,-3.0687082668655408,-1.0270797103693488,4.301132507096281e-08
1,200,0.1,0.1,-1.6881950810785482,-0.47509336010581604,5.9235910573836735e-05
2,200,0.1,0.1,30.147293735398414,0.9990333469480283,1.1743856680645291e-06
0,100,0.0,0.1,-4.6130581625402876,-1.892716123329433,1.388389873977973e-07
1,100,0.0,0.1,21.833373003707504,0.993443641394766,4.238256302929785e-05
2,100,0.0,0.1,175.00935171131445,1.0,8.797079358976458e-05
0,100,0.1,0.1,-0.7364934805236868,-0.18481173782750515,4.694052190602412e-08
1,100,0.1,0.1,-1.723557849844949,-0.48715345697727086,6.850053812413484e-05
2,100,0.1,0.1,1.5092046845111398,0.29355308725950746,4.81800816018154e-06
0,100,0.2,0.1,-3.525348197625304,-1.2518259507025968,4.20158990965289
1,100,0.2,0.1,-1.7913642833901446,-0.5105546020288345,0.09767159843957884
2,100,0.2,0.1,-2.3466896366305554,-0.716599428744678,0.01905331822233923
0,100,0.3,0.1,-2.523395835114477,-0.7878850113643541,0.7179800590978656
1,100,0.3,0.1,-1.836326383712366,-0.5262744648510962,0.004801795659217026
2,100,0.3,0.1,-2.027553879971669,-0.594980537433804,0.0002990096814381828
0,100,0.1,0.0,-4.961345179467996,-2.1342563754787194,6.866021808117305e-08
1,100,0.1,0.0,-0.9646020048368957,-0.24870600571450963,6.898462639361401e-09
2,100,0.1,0.0,2.437677266829165,0.4295307057274881,2.923235080647816e-07
0,100,0.1,0.1,-3.9262669163050274,-1.4696004273745737,0.001788339072564513
1,100,0.1,0.1,-0.19830121925382302,-0.04671903468360594,6.266276046368317e-06
2,100,0.1,0.1,6.6474321896798045,0.7836002368831556,7.295273983358205e-06
0,100,0.1,0.2,-3.0715071904721167,-1.0283865356102448,7.885204835423725e-05
1,100,0.1,0.2,-3.715794672787704,-1.3527699642554358,2.7676416765021454e-07
2,100,0.1,0.2,12.015505010991294,0.9371291258320411,4.972409218037555e-07
0,50,0.1,0.1,-4.988640272297257,-2.154016981147951,16.867265481832284
1,50,0.1,0.1,-4.027943046253081,-1.5281003258945014,2.850549162774067e-08
2,50,0.1,0.1,-0.047564106509849644,-0.011012233399245508,1.7892932522656465e-06
0,100,0.1,0.1,-5.327277879447978,-2.4097912184000814,0.0012497683296985988
1,100,0.1,0.1,-3.1371351105955707,-1.0592710357525599,1.2425030025686812e-05
2,100,0.1,0.1,9.868643419687302,0.8969291973589506,1.4054244413434915e-05
0,200,0.1,0.1,-3.543253257371721,-1.2611289254814917,4.123909425420832e-09
1,200,0.1,0.1,0.6933306730599382,0.14755389113505657,1.195965533278771e-07
2,200,0.1,0.1,29.372850452581936,0.998844646312667,1.1846728873152795e-05
0,100,0.0,0.1,-6.776792461961946,-3.760792424498688,1.0478713183861976e-06
1,100,0.0,0.1,17.641846720606583,0.982788634477182,1.8562909141931756e-06
2,100,0.0,0.1,196.02850880223062,1.0,7.765571155131475e-06
0,100,0.1,0.1,-4.96691108019138,-2.1382758010130942,3.0287570825152283e-05
1,100,0.1,0.1,-2.114267563718285,-0.6271468746905764,6.277456678054834e-09
2,100,0.1,0.1,-3.5739974461061133,-1.2771924991102153,1.9037483270522745e-05
0,100,0.2,0.1,-2.8807414945669443,-0.9412172838753237,0.06212903746794414
1,100,0.2,0.1,-0.9522753139413167,-0.24516679674318476,0.010949364429243902
2,100,0.2,0.1,-3.5556941438349643,-1.2676154868902394,0.009450015456423143
0,100,0.3,0.1,-2.8465780424426934,-0.9260067473316758,3.7412571047307166
1,100,0.3,0.1,-2.712063093073218,-0.8672665153053747,0.005688021388844754
2,100,0.3,0.1,-1.4552646924506645,-0.3980621213817317,0.0015439812445594324
0,100,0.1,0.0,-4.565692071873705,-1.8613382941155328,3.306929357553752e-08
1,100,0.1,0.0,2.7579478545190184,0.4700862183000811,1.0029680685940393e-07
2,100,0.1,0.0,5.6031852136773495,0.7247790569528739,5.881602292968569e-06
0,100,0.1,0.1,-2.877961686219063,-0.9399751577109265,0.005189346646248958
1,100,0.1,0.1,-4.956495950976853,-2.1307586927224667,1.025685158843418e-07
2,100,0.1,0.1,-1.5849289635112709,-0.44043244925157876,3.694792139913052e-05
0,100,0.1,0.2,-4.749143003075861,-1.984793568996051,0.010476728133077703
1,100,0.1,0.2,-4.976090709919617,-2.1449161518082422,8.571139468074604e-08
2,100,0.1,0.2,16.715303497994714,0.9786955831930665,6.488849315296e-08
0,50,0.1,0.1,-4.451230028806473,-1.7869103784381024,2.0408580230127424
1,50,0.1,0.1,-3.853623930066738,-1.4286358024424763,0.00905026623559629
2,50,0.1,0.1,1.669289282417763,0.31911922512104884,5.153971555869094e-06
0,100,0.1,0.1,-5.458344444556744,-2.514264492152312,0.026077662025655042
1,100,0.1,0.1,-1.637281152773049,-0.4579012733492138,9.795851910243209e-08
2,100,0.1,0.1,-1.7152204130850555,-0.48430120939075394,9.703560706062161e-07
0,200,0.1,0.1,-5.8776402522752225,-2.87047284863232,0.014089586943419096
1,200,0.1,0.1,-1.8812040558291527,-0.5421279395609542,1.6652541476230582e-05
2,200,0.1,0.1,21.93374106412707,0.9935934253111166,6.488099551196143e-06
0,100,0.0,0.1,0.08247521989504578,0.018811435416453137,8.678890768106893e-07
1,100,0.0,0.1,33.948985508783664,0.9995971888819059,2.100141806332898e-06
2,100,0.0,0.1,204.18968841312247,1.0,2.4506414997887484e-06
0,100,0.1,0.1,-5.12738811239873,-2.2564079867955926,0.0004968972608108456
1,100,0.1,0.1,-1.0017700339046598,-0.25943861076724306,2.0499790373962145e-08
2,100,0.1,0.1,4.365275042957676,0.6340072388566891,6.792614920218637e-08
0,100,0.2,0.1,-2.39591456519274,-0.7361668375328276,0.006856456544009751
1,100,0.2,0.1,-1.420721436241873,-0.3869862114938545,0.6563883519433011
2,100,0.2,0.1,-2.65406727080457,-0.8424967355985562,0.00016265650320360068
0,100,0.3,0.1,-3.6738243956227423,-1.330142276907762,0.6887165457465859
1,100,0.3,0.1,-1.683493640519237,-0.4734973666889528,0.024142920438910143
2,100,0.3,0.1,-3.1354980143222306,-1.0584949288117453,0.005865041014590105
0,100,0.1,0.0,0.9601898882584379,0.1983569879265067,5.872260464686816e-09
1,100,0.1,0.0,-3.712415687289293,-1.3509401266629206,7.304532413401058e-05
2,100,0.1,0.0,10.637587840500329,0.913654200333629,9.581838531393124e-06
0,100,0.1,0.1,-2.939289185259704,-0.9675642298661908,3.675718186550362e-07
1,100,0.1,0.1,-0.4731053431278504,-0.11509157440427842,7.430861740001513e-07
2,100,0.1,0.1,-0.1118432682201962,-0.026087334237901327,3.269499214875319e-05
0,100,0.1,0.2,-4.668744736862134,-1.930046236879213,0.021178655095046895
1,100,0.1,0.2,-1.4085986899458591,-0.3831200245277582,6.662763053989995e-09
2,100,0.1,0.2,14.443566824933638,0.9640546002724564,2.37802741908163e-08
0,50,0.1,0.1,-2.0896749720791425,-0.6179589443451463,2.3976731276459077e-05
1,50,0.1,0.1,-4.609289474721607,-1.8902069928379368,1.3476067649452866e-05
2,50,0.1,0.1,-2.3937764237529073,-0.7353122891172283,4.759012477508171e-06
0,100,0.1,0.1,-4.811635602834709,-2.028053613108517,5.252187181555263e-05
1,100,0.1,0.1,-3.7053300187882083,-1.3471076117589162,2.6565731276633515e-06
2,100,0.1,0.1,8.213802909362752,0.8491241572135982,6.2426331160411815e-06
0,200,0.1,0.1,-2.4602823784122743,-0.7620906138755732,5.390961793297631e-05
1,200,0.1,0.1,4.318282225882328,0.6300255123674985,2.9535623493775115e-07
2,200,0.1,0.1,13.33167627577642,0.9535663982281986,7.574443435422205e-06
0,100,0.0,0.1,-5.601786328737929,-2.632274258061425,3.1389657452824367e-07
1,100,0.0,0.1,20.69285846948391,0.9914746120057559,5.3167354530770655e-05
2,100,0.0,0.1,72.43609774445503,0.9999999429323189,2.0947325126445692e-05
0,100,0.1,0.1,-3.06258651720979,-1.024224382203669,0.03778738696569696
1,100,0.1,0.1,-1.9691250664157312,-0.5736658003963533,8.096611916799177e-08
2,100,0.1,0.1,5.433138728495862,0.7137891277940464,1.3443077190932177e-05
0,100,0.2,0.1,-3.016555190298079,-1.0028827170752384,1.1525972046008164
1,100,0.2,0.1,-2.6344765180045493,-0.8342040658340222,0.012925945186121635
2,100,0.2,0.1,2.6352344772353082,0.4548995352860782,0.46839073703635714
0,100,0.3,0.1,-0.7282008758655479,-0.18255156612199364,0.0006816524796304215
1,100,0.3,0.1,-1.3822300435268158,-0.3747477081913084,0.01754447772981102
2,100,0.3,0.1,-1.7678798140014582,-0.502408325002689,0.016348220911035178
0,100,0.1,0.0,-4.5184246188171695,-1.8303651089888735,6.254938932674205e-08
1,100,0.1,0.0,1.865590345276156,0.3492098583930213,2.6679629861991133e-05
2,100,0.1,0.0,4.455988769746113,0.6415726651140312,4.202704898884942e-06
0,100,0.1,0.1,3.872529849228103,0.5900347792417402,5.6224048663700005e-05
1,100,0.1,0.1,-6.234925904782667,-3.2023535795789435,0.00022566346492057564
2,100,0.1,0.1,9.572493628047381,0.8896555136978386,4.0258751446829215e-06
0,100,0.1,0.2,-3.42764473636783,-1.201732096984279,0.00019002067574538207
1,100,0.1,0.2,3.845649735539621,0.5874894820174683,8.780543779019734e-05
2,100,0.1,0.2,-1.1240756098620208,-0.29541094164226833,3.4174989607624045e-06
0,50,0.1,0.1,-4.326830579191184,-1.708214493212259,0.0021311907699359672
1,50,0.1,0.1,-3.7211592605126182,-1.3556780001612685,7.595398650114932e-05
2,50,0.1,0.1,-1.7106621692684332,-0.4827441420725005,1.400246707148019e-06
0,100,0.1,0.1,-3.729195171010628,-1.3600408328984295,7.272872073538307e-09
1,100,0.1,0.1,1.3353501117937483,0.26469928407808685,2.2907593702223135e-07
2,100,0.1,0.1,0.5282967882519358,0.11453719833984954,9.333182607881316e-07
0,200,0.1,0.1,-4.453715948649357,-1.7885060742840402,1.201393608572719e-07
1,200,0.1,0.1,3.730984835682145,0.5764530912168391,1.73174034834356e-06
2,200,0.1,0.1,36.67794921094224,0.9997851155055834,6.049754593998737e-06
0,100,0.0,0.1,-4.5642147925344165,-1.8603651578490328,1.3195312105838877e-07
1,100,0.0,0.1,27.784520490154478,0.9983344872910727,5.910520858856214e-06
2,100,0.0,0.1,121.14225418928646,0.9999999999992313,1.9195055937111514e-07
0,100,0.1,0.1,-5.045021016322443,-2.195229827085694,4.63269650224854e-05
1,100,0.1,0.1,-3.510628201799748,-1.2442065221085228,4.005811328395192e-09
2,100,0.1,0.1,10.198158807757833,0.9044602458864521,9.097152474867696e-06
0,100,0.2,0.1,-1.4390049975448982,-0.392837656440987,2.165744792373282
1,100,0.2,0.1,-0.3910781547303938,-0.09422797935830651,0.10200565600123083
2,100,0.2,0.1,2.438712031860351,0.42966661152035446,0.00027370778037951257
0,100,0.3,0.1,-0.7136029596838617,-0.1785833350753816,0.0009649447341067905
1,100,0.3,0.1,-2.9524083317810352,-0.9735168245505184,0.0029234759542737885
2,100,0.3,0.1,1.3653367763678448,0.26975881633084986,0.003246198273990311
0,100,0.1,0.0,-3.644428013953098,-1.314423345614133,2.0253602113235692e-09
1,100,0.1,0.0,-2.024005899018206,-0.5936780457188131,5.347563177524165e-07
2,100,0.1,0.0,0.2520090436781757,0.05637574471323381,5.485558222725623e-10
0,100,0.1,0.1,-2.3935437507072215,-0.7352193223408081,2.6055399688840355e-08
1,100,0.1,0.1,-0.7965550463264915,-0.20131114066383038,1.6123396507983716e-06
2,100,0.1,0.1,2.5253284526156783,0.44092875603286474,3.296821755548341e-05
0,100,0.1,0.2,-4.530181467487847,-1.8380376117571862,0.004391936084238157
1,100,0.1,0.2,-1.9838594402487697,-0.5790138669932028,2.671582770912146e-05
2,100,0.1,0.2,14.168673531178069,0.9617058312382715,2.030514416549056e-06
0,50,0.1,0.1,-4.184108419843691,-1.6206609776477103,0.03773384779642638
1,50,0.1,0.1,-3.4865730941226154,-1.2318104636997007,0.00015104495043281884
2,50,0.1,0.1,-3.815225731273812,-1.4072576367373064,7.550370663196988e-07
0,100,0.1,0.1,-3.500742002647894,-1.2391036621772415,4.938970273572157e-07
1,100,0.1,0.1,-0.362029375787818,-0.08693340834623342,1.815375030022731e-05
2,100,0.1,0.1,3.4193359768386857,0.5449423682296233,1.5564139039645565e-09
0,200,0.1,0.1,-4.2863485214542365,-1.6830875998890185,8.472298751828686e-05
1,200,0.1,0.1,-0.5127190198021191,-0.12530928423060672,1.6712068983132707e-07
2,200,0.1,0.1,24.533676099081344,0.9964792726817349,8.558052844502745e-06
0,100,0.0,0.1,-4.789739674741096,-2.012825423672337,3.4640195298995044e-08
1,100,0.0,0.1,22.302205696153045,0.9941145533081054,7.819738107976141e-06
2,100,0.0,0.1,46.0731776996574,0.9999753008373523,5.827394375508855e-06
0,100,0.1,0.1,-4.337656357021013,-1.7149737548594581,4.361107946331116e-09
1,100,0.1,0.1,-2.4987720742594712,-0.7777766897681642,6.869834638520142e-09
2,100,0.1,0.1,16.127962456367126,0.9756104518567968,7.132994079251084e-06
0,100,0.2,0.1,-1.4007126354427695,-0.3806107909590186,0.5586036027131925
1,100,0.2,0.1,-1.2160012881559905,-0.32312272556326027,0.5062657197311053
2,100,0.2,0.1,2.7067210213983115,0.46379865643997076,2.80075379261163
0,100,0.3,0.1,-1.1881961604126923,-0.314678667760788,0.07386243883770907
1,100,0.3,0.1,-1.3657483897949731,-0.36954037152577124,0.00402254254284287
2,100,0.3,0.1,-0.8946151853739592,-0.2287443066020054,0.0033960516794489565
0,100,0.1,0.0,-4.324692072917439,-1.7068812715718193,3.5790891990649374e-05
1,100,0.1,0.0,-4.260093765797546,-1.666916243615736,4.537366220622839e-09
2,100,0.1,0.0,4.380140312958623,0.6352578374467112,1.211507252541531e-05
0,100,0.1,0.1,-4.609246985458054,-1.8901787165942725,0.0003030516617289755
1,100,0.1,0.1,-2.189104771193924,-0.655428688075927,6.944737944493092e-08
2,100,0.1,0.1,19.206352630018554,0.9879949288864653,1.8726570184864062e-05
0,100,0.1,0.2,-5.227168376123395,-2.3320908776693883,0.0052714044319524265
1,100,0.1,0.2,-2.418793617287818,-0.7453372659927551,2.4359129851997247e-08
2,100,0.1,0.2,8.680926499852546,0.864509966543443,1.0762488447855257e-05
0,50,0.1,0.1,0.4087944997305578,0.08983412159167659,0.3185079604754967
1,50,0.1,0.1,-3.6273185721305716,-1.305323392803298,2.1118450450799172e-06
2,50,0.1,0.1,-0.1894469240791447,-0.04458718211561763,3.6717751129306425e-05
0,100,0.1,0.1,-2.5981531217324556,-0.8189271781669261,1.4511561766296516e-08
1,100,0.1,0.1,-3.700511017837263,-1.344504668058243,4.9527952920123006e-05
2,100,0.1,0.1,2.7796045778830396,0.4727221324781342,5.3477007909218016e-05
0,200,0.1,0.1,-4.783452963868928,-2.008467307066893,9.639092192043964e-06
1,200,0.1,0.1,4.049662127533036,0.606419305940272,4.213348570554548e-05
2,200,0.1,0.1,13.069556923777874,0.9506775878865824,1.054490989395506e-05
0,100,0.0,0.1,-4.921513907712937,-2.105641995616026,3.47810640296754e-07
1,100,0.0,0.1,14.896889491096104,0.9676174495434239,1.2794979271223092e-05
2,100,0.0,0.1,215.25268482698652,1.0,1.6748323791399884e-06
0,100,0.1,0.1,-4.592993732703563,-1.8793825825727684,0.0015158885785767544
1,100,0.1,0.1,-5.080683589130102,-2.2215758345466754,3.989959430941542e-07
2,100,0.1,0.1,11.722233504581926,0.9327369355480833,3.954196439636177e-06
0,100,0.2,0.1,-2.26377304675082,-0.6841365633146008,5.607914241225613
1,100,0.2,0.1,-3.0189207797291866,-1.003973978651425,0.0795371811969055
2,100,0.2,0.1,-4.315774013744668,-1.7013285049735911,0.0031308686084835324
0,100,0.3,0.1,-1.5839258849575832,-0.44009979477118133,0.012753946142236391
1,100,0.3,0.1,-1.1929484676312736,-0.3161180543436841,0.0005298504929785683
2,100,0.3,0.1,-2.8958347087010576,-0.9479754124653506,0.11696276037042347
0,100,0.1,0.0,-4.610838307942503,-1.8912379170402254,0.0013924637381623397
1,100,0.1,0.0,-3.6198660634159707,-1.3013708419494407,1.1525539455039313e-05
2,100,0.1,0.0,5.71472698501962,0.7317576769777683,2.852422296975443e-05
0,100,0.1,0.1,-4.060665647906706,-1.5472206379625444,1.2486920054665515e-07
1,100,0.1,0.1,-4.178287701945301,-1.6171509375401674,1.933493315375471e-05
2,100,0.1,0.1,3.5177015871082724,0.5551333584358061,1.7778988550057735e-05
0,100,0.1,0.2,-3.9466743473304726,-1.481232349574661,0.0045280077530585935
1,100,0.1,0.2,-6.1547467142928,-3.125481761147917,3.439285503961189e-08
2,100,0.1,0.2,5.759152640702883,0.7344876442918903,4.865804069737186e-06
0,50,0.1,0.1,-4.492229519119028,-1.813344734568056,0.0009308548218035851
1,50,0.1,0.1,-3.2434407616820082,-1.1102994034387326,2.8773197541580256e-07
2,50,0.1,0.1,-0.8095722724983573,-0.20491726476047534,1.8860680582344e-05
0,100,0.1,0.1,-3.8403783650863272,-1.4212399802862938,4.459863003694382e-09
1,100,0.1,0.1,-3.587089307175131,-1.284067481320549,2.023706181899062e-08
2,100,0.1,0.1,0.27099043974035575,0.060490975646142586,2.3449977049179757e-05
0,200,0.1,0.1,-4.143492412167919,-1.5962663302327758,2.1017452826686266e-05
0,50,0.1,0.1,-4.133739535039572,-1.5904424809111073,3.475197499706608e-05
1,50,0.1,0.1,-4.755167958551312,-1.9889372385411495,0.00016616284568949258
2,50,0.1,0.1,-2.5812720166708765,-0.8118706985434119,8.160958361916388e-06
0,100,0.1,0.1,-3.083170725639551,-1.033841349255117,0.0005489266449205544
1,100,0.1,0.1,-1.035510185809339,-0.26926124167447574,5.594759074035195e-05
2,100,0.1,0.1,-0.7758196958635917,-0.1955891622065491,2.546265400212064e-05
0,200,0.1,0.1,-5.573345283920186,-2.6085649656954217,1.0361180039026313e-07
1,200,0.1,0.1,13.908541707565059,0.9593420170653487,2.649526548010381e-08
2,200,0.1,0.1,13.198585983828593,0.9521214045489671,9.293600162232692e-08
0,100,0.0,0.1,-4.7166040819396855,-1.9625139782979222,2.1932807373430796e-05
1,100,0.0,0.1,15.283357918357241,0.9703746010031723,4.4078577640882264e-05
2,100,0.0,0.1,146.22543486333953,0.9999999999999977,8.783339584963025e-06
0,100,0.1,0.1,-1.244545747277023,-0.33184772967530285,5.3344002127346015e-08
1,100,0.1,0.1,0.7874216146064357,0.16582371592726386,5.318227954280452e-06
2,100,0.1,0.1,4.208911571156946,0.6205899391902361,1.3666688994386361e-05
0,100,0.2,0.1,-4.271614519225837,-1.674000301677709,0.09012231037757427
1,100,0.2,0.1,1.7315611040994168,0.3288124538404614,0.30878803925304943
2,100,0.2,0.1,1.5072249517923737,0.2932309798083146,0.10824073440575545
0,100,0.3,0.1,-2.926660898532092,-0.9618513146355789,0.9420946848852589
1,100,0.3,0.1,-0.2978744927287034,-0.0709950147083962,0.03725632273354537
2,100,0.3,0.1,-1.6436005884648437,-0.46002421526922177,0.00013723468576906593
0,100,0.1,0.0,-3.964239103152118,-1.4912878519747106,0.061811300675246775
1,100,0.1,0.0,-1.3513567931719912,-0.36500951693668626,2.199460679768707e-06
2,100,0.1,0.0,10.729641979098961,0.9154651469411819,8.008493100906832e-06
0,100,0.1,0.1,-4.407028331955793,-1.7586895718088678,1.2514393677443418e-07
1,100,0.1,0.1,-3.9779283473522953,-1.4991529422513596,4.137189073821497e-08
2,100,0.1,0.1,9.892155346478372,0.8974856965041363,1.6044719815212143e-05
0,100,0.1,0.2,-2.17803701847836,-0.651215291451984,1.4561246675051797e-05
1,100,0.1,0.2,-3.3681057919091812,-1.1717537455114453,2.786564874477142e-09
2,100,0.1,0.2,-1.5471522783177258,-0.42795732249758345,5.504360644319679e-07
0,50,0.1,0.1,-3.1930088061170796,-1.0859355254436482,0.007859524443439039
1,50,0.1,0.1,-3.2459890235249245,-1.1115380038943834,2.4066314906358973e-06
2,50,0.1,0.1,-3.691303505855905,-1.3395393303807794,7.758792470714584e-05
0,100,0.1,0.1,-3.2154100935031016,-1.0967227592720343,1.7411963175131916e-08
1,100,0.1,0.1,0.22225799540923813,0.04988931885245762,2.966850257829103e-08
2,100,0.1,0.1,-3.5469183772871604,-1.263037954244056,3.487398364038811e-06
0,200,0.1,0.1,-4.507156943904549,-1.8230313067088297,0.0007548874816130838
1,200,0.1,0.1,6.720009989527313,0.7871865849101053,1.3475129770423323e-07
2,200,0.1,0.1,32.52441997116651,0.9994408117941551,1.4547547872090041e-05
0,100,0.0,0.1,-5.022457968630496,-2.178672589230318,2.939056026279309e-08
1,100,0.0,0.1,13.431227183496418,0.9546186635258462,1.0652712856292246e-05
2,100,0.0,0.1,198.71357051212277,1.0,1.3314649107110302e-06
0,100,0.1,0.1,-0.22556681479281288,-0.05331114993600794,4.402010876998315e-06
1,100,0.1,0.1,-4.105645559434532,-1.573739310896789,1.2991382817115996e-09
2,100,0.1,0.1,8.39847573824101,0.8554052828091321,9.234417469664908e-06
0,100,0.2,0.1,-4.634996205281162,-1.9073654190851856,0.018240727148196075
1,100,0.2,0.1,0.9686011460713673,0.19990807846812697,0.2904475713413838
2,100,0.2,0.1,-2.450565264469508,-0.7581524348328326,0.014407292018876352
0,100,0.3,0.1,-1.12278960894547,-0.29502741085727613,0.0034343268599799997
1,100,0.3,0.1,-2.7467794773373875,-0.8822527821140138,0.02360384770446442
2,100,0.3,0.1,-1.7487167524928917,-0.4957936157006131,0.003245474619905456
0,100,0.1,0.0,-5.174395828251532,-2.291846553986647,4.279236196622794e-06
1,100,0.1,0.0,5.139918948904145,0.6937979421257305,8.896095909889818e-07
2,100,0.1,0.0,4.879037724841831,0.6748406643772474,4.082881635594843e-06
0,100,0.1,0.1,-2.9249364547690404,-0.9610724811866591,1.7956332119794876e-08
1,100,0.1,0.1,12.177009089074268,0.9394242093878704,1.7499641528921316e-07
2,100,0.1,0.1,10.729734442366412,0.9154669467074342,8.624593981530407e-08
0,100,0.1,0.2,-2.2036073806691676,-0.6609659829402579,3.300471367663825e-07
1,100,0.1,0.2,-4.789325530061706,-2.0125381333243584,5.125319296159902e-09
2,100,0.1,0.2,3.765261833565114,0.5797828077314844,4.13884245472332e-05
0,50,0.1,0.1,-3.935989056945032,-1.4751350813905644,0.2343448708209594
1,50,0.1,0.1,0.7670679429307116,0.16190508489928745,2.1053118679905067e-06
2,50,0.1,0.1,2.640079711484366,0.45550734100235335,1.848547404136768e-05
0,100,0.1,0.1,-2.960659194050633,-0.9772697373012083,1.1626093361919678e-08
1,100,0.1,0.1,-2.2980101901107974,-0.6974657452692961,4.002475326817453e-09
2,100,0.1,0.1,21.681623832692985,0.9932105027502962,6.208472932404119e-06
0,200,0.1,0.1,-4.632271505788994,-1.9055419529918804,1.2827185085701598e-07
1,200,0.1,0.1,2.53568109600344,0.44225987407036305,1.8246812961169308e-07
2,200,0.1,0.1,26.168870135723267,0.9975839106754265,8.51312081453662e-06
0,100,0.0,0.1,-3.870981484664023,-1.4383618141604346,2.379325614005902e-05
1,100,0.0,0.1,23.827621287641417,0.9958577350768059,2.031953812914396e-05
2,100,0.0,0.1,154.23875393481413,0.9999999999999997,3.509284811444965e-05
0,100,0.1,0.1,-3.5797500538686795,-1.2802108370200678,2.7329381787867017e-07
1,100,0.1,0.1,-4.345851065060781,-1.7201014784839423,2.5439210953333892e-08
2,100,0.1,0.1,7.909672206095925,0.838179782937765,6.128882514650039e-09
0,100,0.2,0.1,-2.400249834786714,-0.7379008013729509,1.5080262591973637
1,100,0.2,0.1,-2.8339430928233784,-0.9204115499314172,0.32971092559630355
2,100,0.2,0.1,-1.2867375754889954,-0.34484972204733766,0.003342431042345224
0,100,0.3,0.1,-0.8435842382368207,-0.21439067527226818,1.1334112641789504
1,100,0.3,0.1,-3.528442001736918,-1.2534306661015133,0.4043438105818434
2,100,0.3,0.1,-3.1425314241417075,-1.0618313673695168,0.0027031241683560707
0,100,0.1,0.0,-3.1071117129225714,-1.0450840957068084,1.5261966066950924e-08
1,100,0.1,0.0,-4.545765501199365,-1.8482397956919479,1.9578034905747205e-07
2,100,0.1,0.0,-1.1594016868031947,-0.30599095366746387,9.415788988846818e-05
0,100,0.1,0.1,-5.072906948273726,-2.2158123210266205,4.2809821376951185e-08
1,100,0.1,0.1,-2.2640960614775882,-0.6842618288119897,4.596280467925651e-07
2,100,0.1,0.1,13.451678312921555,0.9548318639735376,2.6942309312298614e-05
0,100,0.1,0.2,-1.9244062776674875,-0.557545088880032,3.2935751557708484e-08
1,100,0.1,0.2,-2.192760587164439,-0.6568227860471194,2.915089990249139e-05
2,100,0.1,0.2,9.389973141562256,0.8849192494042232,6.69142659982051e-06
0,50,0.1,0.1,-1.3293964336774269,-0.35812468635186745,0.008560929359715686
1,50,0.1,0.1,-1.5754357108543104,-0.4372872435926791,0.00545205372510492
2,50,0.1,0.1,1.5121662851338138,0.2940346730245602,1.4591305751981125e-06
0,100,0.1,0.1,-4.377333086743462,-1.739891144320243,0.006478778204787287
1,100,0.1,0.1,-0.29772714231111946,-0.07095867786966492,1.9335886838733733e-05
2,100,0.1,0.1,3.6095319269641877,0.5644411852734872,8.711624202485437e-07
0,200,0.1,0.1,-4.842468223109746,-2.049627690204734,5.025319192178645e-05
1,200,0.1,0.1,6.161026576685245,0.757954316367789,1.2647826549864083e-05
2,200,0.1,0.1,20.728185950910323,0.9915436800791426,1.1654335928421133e-05
0,100,0.0,0.1,2.464096649657529,0.4329905004395129,1.374322194719746e-08
1,100,0.0,0.1,37.17077996504,0.9998081675808992,6.643700918077934e-06
2,100,0.0,0.1,86.89807249145998,0.9999999979573557,2.0305466865927456e-06
0,100,0.1,0.1,-3.4342551460700728,-1.205085911977576,8.743812155430832e-09
1,100,0.1,0.1,0.8475106874446277,0.17728591747599054,5.30541119821238e-08
2,100,0.1,0.1,2.996290682400687,0.49838451852608945,2.864929735796631e-05
0,100,0.2,0.1,-3.272043652478817,-1.1242438288095835,0.058689507688177565
1,100,0.2,0.1,-3.8485319519867915,-1.425789965366631,0.313933677205353
2,100,0.2,0.1,-3.6847908247133576,-1.336033585877367,0.720919008293676
0,100,0.3,0.1,-1.9005993214132002,-0.5490303685810634,0.022973923677014552
1,100,0.3,0.1,-1.9817795146414134,-0.5782578258285782,0.007059944327765711
2,100,0.3,0.1,5.093276850123219,0.6904916892256964,0.02387821461727782
0,100,0.1,0.0,-5.177282028448861,-2.294034950638078,1.1882897511428522e-07
1,100,0.1,0.0,-3.470496922846005,-1.2235642979104493,3.2387599035194346e-06
2,100,0.1,0.0,11.76829867260674,0.9334466175238417,2.476117175712767e-07
0,100,0.1,0.1,-2.331636741186381,-0.71065989614882,2.1179551303877897e-05
1,100,0.1,0.1,0.9961801035551809,0.20497279567643167,7.227653152624942e-07
2,100,0.1,0.1,2.421544106980412,0.4274075868756564,4.6412972031262806e-08
0,100,0.1,0.2,-5.295889097695676,-2.38523568099685,1.0504283883121777e-08
1,100,0.1,0.2,9.626188683692028,0.8910113855222966,4.692871176956636e-06
2,100,0.1,0.2,0.6368914291144007,0.13640353273162686,2.2241593094358543e-06
0,50,0.1,0.1,0.152825515186835,0.0345774282536504,8.088327680830601e-07
1,50,0.1,0.1,-4.601900697320675,-1.8852939807507996,5.521529507615866e-08
2,50,0.1,0.1,-1.2320709429349077,-0.3280275796818388,1.9949003377334824e-05
0,100,0.1,0.1,-4.844866263145434,-2.0513120654417305,0.0005733661216445423
1,100,0.1,0.1,-1.4068966197414992,-0.38257806366409675,9.984198511769745e-09
2,100,0.1,0.1,-0.8633174268882837,-0.21992109907872615,5.461561712504462e-09
0,200,0.1,0.1,-4.941593278713386,-2.1200340084945717,1.1687914847644643e-06
1,200,0.1,0.1,2.2656208244788747,0.40647650212784203,3.465253062151566e-06
2,200,0.1,0.1,52.386891090300196,0.9999942282050884,9.676758354229347e-06
0,100,0.0,0.1,-5.833613515037762,-2.8314340235677045,8.971188435415001e-08
1,100,0.0,0.1,22.565403264805795,0.9944606389427139,2.1859583245620273e-05
2,100,0.0,0.1,130.08232661491493,0.9999999999999019,2.3372496432617357e-06
0,100,0.1,0.1,-4.466062118748894,-1.7964445476946511,6.3430473747300115e-09
1,100,0.1,0.1,-4.288202696543309,-1.684233360782129,9.05677650372257e-09
2,100,0.1,0.1,3.6623231161393583,0.5697036240390748,2.5258199921591775e-06
0,100,0.2,0.1,-1.4437981880371134,-0.3943757422287253,0.11433156030271119
1,100,0.2,0.1,2.220621829560159,0.4002947966111502,1.948404038783065
2,100,0.2,0.1,-1.5983742859043506,-0.44489879402542143,0.0006171820736284183
0,100,0.3,0.1,-1.8086140229798744,-0.5165663038649508,0.01987044971343027
1,100,0.3,0.1,-3.5686695519688874,-1.2744005682904729,0.3355267053724801
2,100,0.3,0.1,-1.0508005796902289,-0.2737378605778995,0.007329648002385603
0,100,0.1,0.0,-3.7780344705697093,-1.386730852086473,3.5195843690479235e-06
1,100,0.1,0.0,-2.9216822875100275,-0.9596036005454043,1.588345097661383e-05
2,100,0.1,0.0,7.4378705124227125,0.8196097963918706,4.1763538991092426e-05
0,100,0.1,0.1,-3.9620543247922613,-1.4900348904065823,4.344972960695233e-06
1,100,0.1,0.1,-3.1912414861735963,-1.0850868465830783,1.4992129641709224e-09
2,100,0.1,0.1,5.49541204054255,0.7178638108690217,1.161298775596449e-06
0,100,0.1,0.2,-1.9859034601486778,-0.5797572094819317,0.004796806718413453
1,100,0.1,0.2,-2.771879858114942,-0.8931629031788153,4.00059356773724e-08
2,100,0.1,0.2,-0.20470043662424373,-0.048262485068653715,7.421975505080464e-05
0,50,0.1,0.1,-3.352743427313834,-1.1640851391746372,0.08466595884341423
1,50,0.1,0.1,-5.675612969520111,-2.6945478606197484,4.491408681553899e-05
2,50,0.1,0.1,-0.12784643971129825,-0.02987530378592207,2.0006361328931822e-07
0,100,0.1,0.1,-4.017135728123811,-1.5218170276398921,8.234810590432183e-05
1,100,0.1,0.1,-1.7422532427730641,-0.4935691145496939,2.182047288326016e-06
2,100,0.1,0.1,1.0998511605304782,0.22372627972016912,9.12048642523284e-06
0,200,0.1,0.1,-5.831306289486252,-2.829399082967484,0.002145245693746533
1,200,0.1,0.1,-4.146953120180598,-1.5983360089572072,1.732427845288072e-07
2,200,0.1,0.1,19.21671979822586,0.9880235523586826,1.3772473863379246e-07
0,100,0.0,0.1,-6.5551924475222965,-3.5239650878988744,3.719326467244416e-07
1,100,0.0,0.1,16.128775735123156,0.9756150187221556,1.4807779817225366e-06
2,100,0.0,0.1,227.87385965292992,1.0,1.9479583536831934e-07
0,100,0.1,0.1,-1.1157868033270835,-0.2929409193185555,4.008196737817619e-08
1,100,0.1,0.1,-2.359482431217459,-0.7216633841862263,1.9095231465598643e-08
2,100,0.1,0.1,5.6374885397321854,0.7269443633617252,1.1555802478622263e-05
0,100,0.2,0.1,-0.31052604901202807,-0.07411950961646108,0.6618456955227103
1,100,0.2,0.1,-5.000326389539457,-2.1625153268156923,0.053125337781004714
2,100,0.2,0.1,0.2961225961885761,0.06591211283044252,0.5618725809381252
0,100,0.3,0.1,-1.9854807012519582,-0.5796034373439019,0.07657769667972192
1,100,0.3,0.1,-1.7474055206829369,-0.4953420704481166,0.058428344738617743
2,100,0.3,0.1,-2.346131375309975,-0.7163787836492883,0.001845079134249247
0,100,0.1,0.0,-2.31566262758574,-0.7043793462478947,0.17043489836353354
1,100,0.1,0.0,-2.5720282584978555,-0.8080183164122554,4.000737666383025e-05
2,100,0.1,0.0,7.486330972224891,0.8216114798401492,1.0421689943714606e-05
0,100,0.1,0.1,-5.8825083874317,-2.874813808498924,5.884003643820783e-06
1,100,0.1,0.1,1.7273821210726337,0.32816629520695917,0.030777348926025187
2,100,0.1,0.1,-2.7477165433849504,-0.8826589547795707,3.675378311357591e-05
0,100,0.1,0.2,-4.80151514339299,-2.0210054888346662,5.3075827298396e-06
1,100,0.1,0.2,-3.6572118271448426,-1.3212460766863252,3.692034134562251e-06
2,100,0.1,0.2,-1.1119946229838742,-0.2918124396042827,1.4156319011227485e-05
0,50,0.1,0.1,-3.400780320218143,-1.188154746145388,0.0037096973582441423
1,50,0.1,0.1,-2.8598972551264428,-0.9319226112802188,2.530942363010831e-05
2,50,0.1,0.1,-1.2475816519333345,-0.33277907383551875,9.54018095517193e-06
0,100,0.1,0.1,-4.799212345169764,-2.0194040588571167,4.658933485850102e-07
1,100,0.1,0.1,-3.845176481288667,-1.4239164615945654,2.394984339415265e-05
2,100,0.1,0.1,7.563617881053172,0.8247579956223642,3.546570214832992e-06
0,200,0.1,0.1,-5.859160043204175,-2.8540381058528084,4.493893333023419e-08
1,200,0.1,0.1,-6.588243217547227,-3.5585247989069746,0.00010958212475940225
2,200,0.1,0.1,34.007941312146386,0.9996026201250305,2.98040458052026e-08
0,100,0.0,0.1,-6.48739936283347,-3.4538946092770315,1.7114899313490143e-07
1,100,0.0,0.1,19.112177873014204,0.9877317614313943,1.1684253653787624e-05
2,100,0.0,0.1,108.48322455710942,0.99999999998582,6.7873396951275936e-06
0,100,0.1,0.1,-5.105959995521664,-2.240380422006323,1.4730464410324315e-08
1,100,0.1,0.1,-2.2520544650244307,-0.6795983777586065,3.368785487831709e-05
2,100,0.1,0.1,6.098488857100891,0.7544436811113509,2.1484561342415682e-05
0,100,0.2,0.1,-3.266507266828756,-1.1215375683116449,0.2951346960724901
1,100,0.2,0.1,-3.4702980190595505,-1.2234624625777624,5.916570662253642
2,100,0.2,0.1,0.7432923545785113,0.1573043258503546,0.016419103678813267
0,100,0.3,0.1,-1.6543668830884017,-0.46364815055557673,0.0012866879674602115
1,100,0.3,0.1,1.8332795318587913,0.34435002827832273,0.006625057245957613
2,100,0.3,0.1,-2.305281998475613,-0.7003103555428101,0.0002815344455162334
0,100,0.1,0.0,-4.153149369722088,-1.6020458025755877,5.920721446674046e-06
1,100,0.1,0.0,-1.1750900277686145,-0.31071721280637,3.575126347773264e-08
2,100,0.1,0.0,3.6255332107811444,0.566043019267092,1.0263039586387469e-05
0,100,0.1,0.1,-2.8360936788504656,-0.9213627554285824,1.5397155698324608e-09
1,100,0.1,0.1,-0.9953646251283037,-0.2575824340898776,9.454168626995499e-08
2,100,0.1,0.1,7.712834741134632,0.8306767772402909,1.7222593022861947e-07
0,100,0.1,0.2,-1.6943967973417524,-0.47720129509331066,0.0004012163390798262
1,100,0.1,0.2,-0.6882289485409486,-0.17171744212135898,1.651703680269535e-08
2,100,0.1,0.2,-0.4559213810798456,-0.1106881493098828,5.2410417288085645e-05
0,50,0.1,0.1,-3.478561975441881,-1.2276973977853816,0.043979938392365116
1,50,0.1,0.1,1.5110410016341815,0.2938517294012494,0.00042865067744962736
2,50,0.1,0.1,2.151995629638894,0.39074312714764237,1.023831233903522e-05
0,100,0.1,0.1,-1.7650811043107222,-0.5014404448290966,0.0013843466012941727
1,100,0.1,0.1,-1.3602956764814347,-0.36782194651500366,1.1050002764209071e-06
2,100,0.1,0.1,5.361332157089621,0.7090175579853569,2.423160309258259e-06
0,200,0.1,0.1,-5.769740874032204,-2.775496633905981,2.771945784814618e-07
1,200,0.1,0.1,-5.2745036507875875,-2.3686071419194903,2.893279931337402e-05
2,200,0.1,0.1,12.778383611573151,0.9472573873855431,2.4845807505379207e-05
0,100,0.0,0.1,-1.5154821764927489,-0.41758209009854097,1.0711218535041603e-05
1,100,0.0,0.1,19.008656612023792,0.9874358145283998,1.4357144305663578e-05
2,100,0.0,0.1,179.75161532419477,1.0,8.365709367288839e-07
0,100,0.1,0.1,-5.054540482784184,-2.2022412547641252,9.276579021836559e-07
1,100,0.1,0.1,-3.429043726468646,-1.2024414538151054,2.3907336075803258e-05
2,100,0.1,0.1,-1.0140830382922268,-0.26301440501977846,1.2923295577404272e-09
0,100,0.2,0.1,-5.2737689267341095,-2.368037301073424,0.8030432120908505
1,100,0.2,0.1,-2.179330822612418,-0.6517072773072501,0.14668582643972033
2,100,0.2,0.1,1.2074499393837006,0.24272258252633727,0.004200097160073494
0,100,0.3,0.1,-1.4959055953924452,-0.4112064720282649,0.0009529440072643832
1,100,0.3,0.1,-1.60703093009066,-0.4477817339230832,2.5103874535105106
2,100,0.3,0.1,-1.6111077703907963,-0.4491414440717607,0.003216578581536567
0,100,0.1,0.0,-5.200132684594804,-2.31141238274694,4.3219881850236404e-07
1,100,0.1,0.0,-3.1756057951865357,-1.0775935078338343,1.2876677928118812e-07
2,100,0.1,0.0,18.94833077646404,0.9872600735027405,1.653505383000363e-07
0,100,0.1,0.1,-3.7275876030550315,-1.3591674108106675,0.0002089875621006756
1,100,0.1,0.1,-2.890909158890038,-0.9457673689873987,0.0017691761225175036
2,100,0.1,0.1,11.85105855442706,0.934702862275434,2.9001638131824802e-05
0,100,0.1,0.2,-4.142724979926919,-1.5958075902441395,0.061556361873726
1,100,0.1,0.2,-4.395894009637028,-1.7516259780538501,1.5385953009087945e-07
2,100,0.1,0.2,-0.04963408528214852,-0.011494227246228172,2.186291577406625e-05
0,50,0.1,0.1,-3.4526963823095143,-1.2144691692212999,0.000597313594133135
1,50,0.1,0.1,-3.898252255931778,-1.4537212586961386,9.500647878333038e-05
2,50,0.1,0.1,-2.8799486806501355,-0.9408629428291444,2.078550410338339e-05
0,100,0.1,0.1,-3.718253520754775,-1.3541024107570223,0.0006463533553305044
1,100,0.1,0.1,-2.2005299504504547,-0.6597894318832271,1.4324096191577257e-08
2,100,0.1,0.1,6.947321247333931,0.7980388312629378,6.387694383152875e-06
0,200,0.1,0.1,-5.733400560002108,-2.744036345232796,8.711926771771449e-07
1,200,0.1,0.1,-3.040944746025736,-1.0141623546513379,4.3526955463485793e-08
2,200,0.1,0.1,13.980789555901033,0.9600127954371136,1.6730101478793156e-05
0,100,0.0,0.1,-3.7334392158205025,-1.3623482567947134,2.2206184455268914e-09
1,100,0.0,0.1,17.770470449319244,0.9832909039670731,3.2472156169712435e-06
2,100,0.0,0.1,8.544481395180567,0.860185613785086,4.9658487469045996e-05
0,100,0.1,0.1,-1.9528405518820189,-0.5677761564569581,6.584315109551304e-08
1,100,0.1,0.1,-1.7246659309853123,-0.4875329453222017,9.633111766290969e-10
2,100,0.1,0.1,14.479768680103893,0.9643529880277931,2.613355605212227e-06
0,100,0.2,0.1,-2.452707772417157,-0.7590199993604378,0.5129749620900759
1,100,0.2,0.1,-3.9506646215655405,-1.4835131400800532,0.07721183392749857
2,100,0.2,0.1,-1.9877635950427288,-0.5804339831993586,0.0033358545712887946
0,100,0.3,0.1,-1.6106560006113366,-0.4489907066601704,0.397938990293349
1,100,0.3,0.1,-3.1886174864209273,-1.0838274212241719,2.3641550914583402
2,100,0.3,0.1,-0.7935396340221965,-0.20047733059722983,0.01617574683858295
0,100,0.1,0.0,-4.71295135993576,-1.9600233432542287,0.0002418122937303485
1,100,0.1,0.0,-4.340786242187419,-1.7169310946814558,0.0009696549804907407
2,100,0.1,0.0,-1.4348904503649558,-0.3915186937107511,1.3499151214178607e-06
0,100,0.1,0.1,-3.423010777206674,-1.1993840829573652,1.4314916712913571e-08
1,100,0.1,0.1,0.939880847411565,0.19459946221754032,6.163644060078627e-07
2,100,0.1,0.1,1.519491432038817,0.29522440516230297,1.2395226457459341e-05
0,100,0.1,0.2,12.508105048961198,0.9438707169274166,8.300152449887787e-06
1,100,0.1,0.2,-2.5441923180513646,-0.7964669500109942,7.55291219690828e-09
2,100,0.1,0.2,0.02895261493742733,0.00664441357039014,1.1455902741286896e-05
0,50,0.1,0.1,-4.447870376286329,-1.784755290076275,2.5820183822963543
1,50,0.1,0.1,0.25457553139027944,0.05693322004613954,5.247038946390723e-06
2,50,0.1,0.1,-2.1284147304511403,-0.632455957109096,6.60980688250547e-06
0,100,0.1,0.1,-3.824227739836108,-1.4122525489722184,1.2177312294751591e-08
1,100,0.1,0.1,-2.720100112950882,-0.8707252635634521,3.4881933163645127e-09
2,100,0.1,0.1,7.7507306098716855,0.8321478381878905,3.501182358275451e-05
0,200,0.1,0.1,-1.2681767839052411,-0.3391143944258266,2.7388483042957797e-08
1,200,0.1,0.1,-0.581411062282768,-0.1432497266894126,3.5382861476176365e-08
2,200,0.1,0.1,11.724303990443605,0.9327689953686482,2.5942517702178427e-07
0,100,0.0,0.1,-6.442628152836417,-3.4082154797315525,3.789074677345528e-05
1,100,0.0,0.1,41.153327592381174,0.9999233226242779,1.1023422024562472e-05
2,100,0.0,0.1,41.33283943443403,0.9999264274080292,0.0001912482464509382
0,100,0.1,0.1,-1.2868110800160637,-0.34487248387910463,1.0940579163059133e-08
1,100,0.1,0.1,-3.214252505018295,-1.0961639636204623,6.660548876041049e-09
2,100,0.1,0.1,-0.25166436262721625,-0.059659744651779034,8.752276109226322e-05
0,100,0.2,0.1,-1.0317188175991656,-0.2681536667443667,1.3184780149536242
1,100,0.2,0.1,9.62793799473841,0.8910552766153256,0.12779755976027435
2,100,0.2,0.1,-2.2874863815775335,-0.6933574319113607,0.01737452865232829
0,100,0.3,0.1,-0.7239108808092913,-0.1813840091382959,0.0003251395872699987
1,100,0.3,0.1,-1.6721789022745739,-0.4696634387119327,0.0006120708629353478
2,100,0.3,0.1,-1.9749720376447966,-0.5757858769032329,0.0009497612511717593
0,100,0.1,0.0,1.2399567500309434,0.24836962077760005,9.52628115941746e-06
1,100,0.1,0.0,-3.7920985198263955,-1.394472490923644,8.85924473318453e-09
2,100,0.1,0.0,4.950895528347228,0.6801764444144804,1.0593036739735304e-06
0,100,0.1,0.1,-3.584370259965075,-1.282637911331884,0.003552292755196954
1,100,0.1,0.1,-3.508001051511251,-1.242849358906589,8.04530563092688e-09
2,100,0.1,0.1,2.15766525506632,0.3915379805595963,3.424903525141547e-05
0,100,0.1,0.2,-3.9305560713435512,-1.4720406452296846,0.00021796027047787367
1,100,0.1,0.2,-2.3034222597259255,-0.6995824033726366,7.064566913605227e-09
2,100,0.1,0.2,4.04245791693731,0.6057658803542473,1.9236250591065687e-06
0,50,0.1,0.1,-4.301492487961554,-1.692459930492178,0.0024833525696479667
1,50,0.1,0.1,-4.884954977487275,-2.079608415601063,5.021534780810574e-05
2,50,0.1,0.1,-2.296348687662047,-0.6968164613888501,4.695392422250895e-05
0,100,0.1,0.1,-2.8446312047574267,-0.9251435583281828,3.6046478597641254e-05
1,100,0.1,0.1,-1.8705192814395346,-0.53833856686508,4.944200946242912e-10
2,100,0.1,0.1,-2.7109955797565153,-0.8668075900853811,3.074211802702455e-06
0,200,0.1,0.1,-5.530279774074527,-2.5729585453861405,6.869720288803649e-07
1,200,0.1,0.1,-4.548265897484112,-1.849880106360545,9.377190835588508e-05
2,200,0.1,0.1,23.495906137615812,0.9955289514453731,2.685756062565305e-05
0,100,0.0,0.1,-6.665828866120281,-3.6406935078007683,4.034824814326611e-09
1,100,0.0,0.1,10.423991477278863,0.9093013438599165,2.1181670468549945e-05
2,100,0.0,0.1,85.5386242772272,0.9999999972065714,4.975815770846993e-05
0,100,0.1,0.1,-1.6022278362628715,-0.44618144013378,0.0003840587943021917
1,100,0.1,0.1,-3.2339439688341107,-1.1056898168577258,9.963928027565027e-09
2,100,0.1,0.1,2.508638618923822,0.4387761249276413,1.2950304767672367e-05
0,100,0.2,0.1,-4.093336260570099,-1.5664548361617343,15.198710257616757
1,100,0.2,0.1,-2.483749060221003,-0.7716376699549892,8.963064241148498
2,100,0.2,0.1,-0.741130950688786,-0.1860775756252795,0.10011186262688684
0,100,0.3,0.1,-0.9878823280031181,-0.2554176577117546,0.0004038159318411588
1,100,0.3,0.1,-1.0216647482141552,-0.26522124222612353,0.10297035865786007
2,100,0.3,0.1,-0.3407381225522013,-0.08161776634936735,0.00025894750491071
0,100,0.1,0.0,-1.3854923066833036,-0.37578075692029156,2.2738199568314197e-08
1,100,0.1,0.0,-6.685896269589935,-3.662186333386553,3.390416140644816e-05
2,100,0.1,0.0,6.256142217481598,0.7631977752512044,2.3096881914441105e-06
0,100,0.1,0.1,-1.101952480767129,-0.28882884709451884,0.007534909096052669
1,100,0.1,0.1,0.2544765991480447,0.056911736749045705,1.7478687275155053e-08
2,100,0.1,0.1,-0.26306263529923224,-0.062444526665622835,3.4100320330609323e-05
0,100,0.1,0.2,1.1304974075746972,0.2291848192474859,0.003473825994314024
1,100,0.1,0.2,0.1166914875609743,0.026511442260790385,0.0006153595814292278
2,100,0.1,0.2,2.6004074324919406,0.45051067879033957,1.2584826618180803e-05
0,50,0.1,0.1,-2.6329916620645237,-0.8335770573453873,0.007493108976668828
1,50,0.1,0.1,1.0575440671257101,0.21612720291755871,0.0005477558064712401
2,50,0.1,0.1,-2.8350223031428468,-0.9208888264290191,4.028632782015108e-05
0,100,0.1,0.1,-4.642116519758428,-1.912135992117249,4.740614526292387e-06
1,100,0.1,0.1,-2.955742315300096,-0.9750324318224255,4.9871494896425866e-05
2,100,0.1,0.1,3.5196480703809896,0.5553327004698427,3.678917032102377e-05
0,200,0.1,0.1,-5.929856713551496,-2.9172895261099985,6.49541999756053e-08
1,200,0.1,0.1,-1.911423634038762,-0.5528959718143185,2.66846179174254e-05
2,200,0.1,0.1,16.86147509134486,0.9794006986564237,9.35945633866302e-09
0,100,0.0,0.1,-0.8965245364378269,-0.22928463583668734,1.9016624642377565e-08
1,100,0.0,0.1,19.04165853322062,0.9875309275982916,3.595591793444793e-05
2,100,0.0,0.1,60.24814163990521,0.9999990555350706,5.913726012273818e-07
0,100,0.1,0.1,-6.279704855526389,-3.245907079823252,2.8429315483294763e-06
1,100,0.1,0.1,2.9657463524888166,0.4948441755747105,2.7039791400087727e-06
2,100,0.1,0.1,-2.4834474101775115,-0.7715146207238011,7.061144624063953e-08
0,100,0.2,0.1,-3.196150761224887,-1.0874451663389206,0.14497991898934362
1,100,0.2,0.1,-0.18566538878800068,-0.043678023882681716,3.411219627715214
2,100,0.2,0.1,0.14257495914842683,0.03229607157681336,0.30259987854096815
0,100,0.3,0.1,-0.5508246653707624,-0.13522635904827274,0.018456595287953473
1,100,0.3,0.1,-2.5608388777303936,-0.8033660431245404,0.01892046432626307
2,100,0.3,0.1,0.3270785762170455,0.07254650450304878,0.007343437690751688
0,100,0.1,0.0,-4.921186714534285,-2.1054080284251158,1.2512119318043058e-06
1,100,0.1,0.0,2.7410141343893284,0.46801598046147985,6.070902944056268e-08
2,100,0.1,0.0,5.9261052493578354,0.7445008409334652,3.7036564492267806e-05
0,100,0.1,0.1,-4.695132976055673,-1.9479037367011096,0.008035174860542357
1,100,0.1,0.1,0.4703403937164007,0.1026415419101665,6.905705887779953e-05
2,100,0.1,0.1,3.8827306278414575,0.5909965821520984,7.29673837698881e-07
0,100,0.1,0.2,-3.3008131879726506,-1.1383624463815472,0.019079637164477328
1,100,0.1,0.2,-1.8666350726905319,-0.5369633348216327,9.38788241051364e-07
2,100,0.1,0.2,4.681950280401969,0.6597446426292721,9.816814455051342e-08
0,50,0.1,0.1,-4.393345521435995,-1.7500117670677908,0.008070427362977133
1,50,0.1,0.1,0.6768263587959883,0.14430821200463329,7.473250834968201e-08
2,50,0.1,0.1,-0.0949162914893359,-0.022095859924537553,4.333949835431179e-06
0,100,0.1,0.1,-5.139290878097461,-2.2653451082279936,2.6688700366526017e-05
1,100,0.1,0.1,-0.9009610851974349,-0.230541057013119,4.31800912728483e-05
2,100,0.1,0.1,16.22415004155638,0.9761446937762798,5.8588147446433866e-06
0,200,0.1,0.1,-5.726036615173266,-2.737693295367649,6.160535386992679e-05
1,200,0.1,0.1,-0.5738275617555264,-0.1412551653522125,2.882087767967699e-06
2,200,0.1,0.1,8.059971388701124,0.8436842059316226,1.1710091860341243e-05
0,100,0.0,0.1,-6.224564012707722,-3.1923390777054843,2.164742056290072e-06
1,100,0.0,0.1,10.41240573166597,0.9090590625318761,2.054957751128008e-05
2,100,0.0,0.1,142.94033514109051,0.9999999999999949,7.870218357370902e-06
0,100,0.1,0.1,-4.650942708459218,-1.91806035883027,0.010100248081639524
1,100,0.1,0.1,-3.2243021011071487,-1.1010201139546631,6.762728200132216e-08
2,100,0.1,0.1,7.698896641856512,0.8301324841017981,1.1730267179604658e-06
0,100,0.2,0.1,0.5103125565568954,0.11086287458280719,1.0141730235094888
1,100,0.2,0.1,-2.4111778903475085,-0.742279349059296,0.006297239840767263
2,100,0.2,0.1,-0.398309372948451,-0.0960514407936266,2.314467099436492e-05
0,100,0.3,0.1,-4.044500682198914,-1.5377571977319238,3.579198129547701
1,100,0.3,0.1,-1.7624135966173387,-0.500518518726828,0.1542613969026905
2,100,0.3,0.1,-1.6607944862721,-0.4658159687350891,0.0001294362677688909
0,100,0.1,0.0,-1.0773493591459289,-0.2815481732716558,4.3433856416142656e-09
1,100,0.1,0.0,2.7648012393701915,0.47092178937846196,2.93232495843173e-08
2,100,0.1,0.0,16.814219874731407,0.9791753355392523,1.4637867851528982e-05
0,100,0.1,0.1,-5.026686397140258,-2.1817689525674213,1.9911384240248493e-08
1,100,0.1,0.1,1.9195635386135892,0.35724768999767376,3.0114375190964693e-06
2,100,0.1,0.1,33.469933473448336,0.9995502132551891,3.1025686820794806e-05
0,100,0.1,0.2,-4.078270855116718,-1.557567387879185,3.2891645391975025e-05
1,100,0.1,0.2,0.7440894295683755,0.15745897437544454,5.985775543764182e-08
2,100,0.1,0.2,3.3397191598325193,0.5365231101111204,3.2526651782647427e-09
0,50,0.1,0.1,-4.059466685151821,-1.5465175203141972,0.00115798166866942
1,50,0.1,0.1,-3.1570403526304376,-1.068731061200762,2.421472019486646e-07
2,50,0.1,0.1,0.04772855013794915,0.0109297364186286,9.87624885151214e-10
0,100,0.1,0.1,-4.98799401361811,-2.153547677649131,2.17994531109867e-05
1,100,0.1,0.1,1.4003275709531957,0.2756186791706443,4.353643276011037e-09
2,100,0.1,0.1,6.639272275843088,0.7831932634102605,8.137744524983166e-06
0,200,0.1,0.1,-2.3850596926841385,-0.7318328341932188,2.6520282292428383e-08
1,200,0.1,0.1,-3.1011453040849144,-1.042276454660123,4.354829802006109e-05
2,200,0.1,0.1,9.460449578726568,0.886771685602105,2.374458448388187e-06
0,100,0.0,0.1,-4.993770747248314,-2.157745135087016,9.524976854610031e-08
1,100,0.0,0.1,15.87548554562197,0.9741505417615041,4.78060680795567e-06
2,100,0.0,0.1,102.15942734708099,0.9999999999391784,7.96798365756703e-05
0,100,0.1,0.1,-2.021010745434989,-0.5925793292702792,1.0505998583456537e-06
1,100,0.1,0.1,-1.0755948081132864,-0.2810305319890998,5.3400474360813484e-08
2,100,0.1,0.1,24.36809161126199,0.9963424452241768,4.95662658807309e-09
0,100,0.2,0.1,-3.1929745379638823,-1.0859190663636662,0.38972834225641173
1,100,0.2,0.1,-3.06152138423105,-1.023727990040506,1.4936607824161396
2,100,0.2,0.1,3.3988071559495046,0.5427862481606657,0.0018877083512278152
0,100,0.3,0.1,-3.4652082503490638,-1.220858174189369,0.017316606049541893
1,100,0.3,0.1,-2.533255668865006,-0.791948676841381,0.15835747111029452
2,100,0.3,0.1,0.603684891246073,0.12977508968927876,0.08925193722689298
0,100,0.1,0.0,-4.2457694456212876,-1.6581344532448528,6.907939696119157e-06
1,100,0.1,0.0,-3.1610697075948258,-1.0706513066093266,1.1621490234427374e-08
2,100,0.1,0.0,1.9057523997573325,0.3552003990486503,1.8695964354566308e-05
0,100,0.1,0.1,-2.9848839477643345,-0.9883296775118044,0.0011745114619022838
1,100,0.1,0.1,1.8781745086279475,0.35109286543882123,1.6590246541295846e-07
2,100,0.1,0.1,2.684356695609199,0.461030324950102,3.3495363831323902e-06
0,100,0.1,0.2,-3.920948309844655,-1.466577871527925,0.0001304300167727887
1,100,0.1,0.2,-0.6568969123880843,-0.1632945441000555,9.621685036066883e-08
2,100,0.1,0.2,19.655427272167827,0.989174267969683,1.163169157776044e-05
0,50,0.1,0.1,-2.4891174666645193,-0.773828983038015,0.6346908019412313
1,50,0.1,0.1,-0.943996417342874,-0.24279541321221298,0.0028429768063653964
2,50,0.1,0.1,-3.87554649634015,-1.4409262037221393,2.1619499139844777e-06
0,100,0.1,0.1,-4.178368139997237,-1.6171994116703683,0.02733501468053787
1,100,0.1,0.1,-2.379643162247133,-0.7296742348156002,0.004959763398158025
2,100,0.1,0.1,0.7977140213094251,0.16779830144531582,1.947238563618648e-06
0,200,0.1,0.1,-4.800203299259811,-2.0200930918320594,2.7839436963316365e-08
1,200,0.1,0.1,-0.20519039451794213,-0.048380753541630295,4.14070404796059e-09
2,200,0.1,0.1,27.447770983040627,0.9982002055771791,1.5087275247547302e-05
0,100,0.0,0.1,-5.793508107643623,-2.7962150864373267,4.813088183654977e-07
1,100,0.0,0.1,20.74272634039265,0.9915719449051758,4.841923811983687e-05
2,100,0.0,0.1,17.07496745803502,0.980388841298116,1.3919555225587969e-05
0,100,0.1,0.1,-0.6722783919217844,-0.1674219083000399,0.0002480445089854251
1,100,0.1,0.1,-4.420302258355013,-1.7671342244952881,1.9780005607930164e-09
2,100,0.1,0.1,6.628214116442129,0.7826405190344523,7.681663501332533e-07
0,100,0.2,0.1,-1.9101593923131934,-0.5524439858367844,5.413268486088356
1,100,0.2,0.1,2.4677465792586486,0.43346683054162805,0.0009087171285535748
2,100,0.2,0.1,1.2872425999718076,0.2565089584476197,0.0014750851340728038
0,100,0.3,0.1,-2.6992303215403006,-0.8617571574837151,0.08985002188454314
1,100,0.3,0.1,-2.9098849589391493,-0.9542876876052067,0.5128910499467021
2,100,0.3,0.1,0.6210922974020658,0.13325614707333155,0.0018172265535394074
0,100,0.1,0.0,-4.2206605476994,-1.6428106896150383,1.7576216920899773e-08
1,100,0.1,0.0,-2.6605001902259673,-0.845227927480674,4.480365656910638e-06
2,100,0.1,0.0,1.755198271819054,0.3324555756533194,4.166919142438185e-05
0,100,0.1,0.1,-1.447466405696639,-0.39555398295071886,0.0006774521677537505
1,100,0.1,0.1,1.062459807572501,0.21701395958389003,2.761802957680238e-05
2,100,0.1,0.1,13.201308494116507,0.9521514093327446,2.339302119682286e-06
0,100,0.1,0.2,-2.545816248751625,-0.797138817477153,2.661157108256686
1,100,0.1,0.2,0.3223874361527678,0.07154415123852731,1.612392466125677e-07
2,100,0.1,0.2,8.201736871033079,0.8487043948081255,1.3089523829471549e-05
0,50,0.1,0.1,-2.7862092229956885,-0.8994196312675715,0.00010689317323902216
1,50,0.1,0.1,-2.7749189919769934,-0.8944881765433099,3.592063528697809e-05
2,50,0.1,0.1,1.643406345294849,0.3150492185784811,1.111612058973619e-06
0,100,0.1,0.1,-2.733932624054731,-0.8766931223289132,0.0001508947626684627
1,100,0.1,0.1,-0.6857957028723062,-0.1710611413934724,4.019792441895658e-08
2,100,0.1,0.1,8.557175800531745,0.8605936938178451,1.7201413584116045e-05
0,200,0.1,0.1,-2.6342171702424624,-0.834094535886903,1.6044112708860268e-05
1,200,0.1,0.1,2.6240733837012797,0.4534968599428434,1.1421989090623567e-05
2,200,0.1,0.1,56.175865432221826,0.9999975877992021,4.274437489471125e-08
0,100,0.0,0.1,-6.179617236596612,-3.149174724661332,9.057219181898019e-05
1,100,0.0,0.1,19.784990246060588,0.9894924618522016,4.29327404761971e-05
2,100,0.0,0.1,177.45252075996132,1.0,8.996862090619334e-05
0,100,0.1,0.1,-4.263178524781241,-1.668811205810516,0.0036900046453962167
1,100,0.1,0.1,-3.560540313783278,-1.2701472675284387,9.239092791992548e-08
2,100,0.1,0.1,3.763098813878333,0.5795734648811732,1.4264947577193868e-09
0,100,0.2,0.1,-1.5865369410631094,-0.4409658688497484,0.09444541702327156
1,100,0.2,0.1,-4.483514237013241,-1.8077046658064448,0.3007507250502608
2,100,0.2,0.1,-2.458573380754774,-0.7613973478031324,0.02454174736404155
0,100,0.3,0.1,-1.547745801667758,-0.4281524859096857,0.00035555165546639835
1,100,0.3,0.1,-1.17611468458861,-0.31102649460357856,0.0003649768080839907
2,100,0.3,0.1,4.864069099563402,0.6737180192933054,0.017192240723464147
0,100,0.1,0.0,-0.7463616293557815,-0.18750695787628868,0.0003248483863723505
1,100,0.1,0.0,-3.1914043118503326,-1.0851650221195976,9.125792805284923e-08
2,100,0.1,0.0,4.441948134191493,0.6404120030245521,3.6911315747940166e-07
0,100,0.1,0.1,-3.5579245285081234,-1.2687803540430846,0.030959929985367864
1,100,0.1,0.1,3.3501074894988783,0.5376304225613002,1.999628447749615e-08
2,100,0.1,0.1,12.321282521009291,0.9414034903198021,7.932442234648788e-06
0,100,0.1,0.2,-4.377317277546582,-1.73988117058088,0.0077248189798879135
1,100,0.1,0.2,-4.093019450009302,-1.5662676244024119,1.064904752311702e-06
2,100,0.1,0.2,-2.097467713999303,-0.6208647273193757,6.148823826306597e-05
0,50,0.1,0.1,-3.0366632966602785,-1.012177690977766,0.9513232859453343
1,50,0.1,0.1,-2.669861287687058,-0.8492095548541725,4.48702056158659e-05
2,50,0.1,0.1,-3.2158385741660576,-1.0969296349095896,1.836205788980242e-06
0,100,0.1,0.1,-4.210467986806337,-1.6366154867830631,2.99651992922063e-05
1,100,0.1,0.1,-2.485035670590011,-0.7721626006564495,4.959136819059259e-07
2,100,0.1,0.1,10.494254957614883,0.9107569294959897,6.177777252241686e-06
0,200,0.1,0.1,-6.075866862245052,-3.0512280055340995,1.737791917132013e-07
1,200,0.1,0.1,-1.56147452115649,-0.43267423976022656,3.2684898342438274e-09
2,200,0.1,0.1,9.964822260708084,0.8991867132649969,9.59641503311585e-06
0,100,0.0,0.1,-7.11679334252472,-4.148483606826259,2.878516543953167e-06
1,100,0.0,0.1,4.542625777063672,0.6486520513115654,6.5537280370198184e-06
2,100,0.0,0.1,5.294013492708252,0.7044719890861932,7.811236322318027e-05
0,100,0.1,0.1,-4.111617652742382,-1.5772809594923483,0.03277877451197249
1,100,0.1,0.1,-0.8642927756475981,-0.22019510259466446,0.0002804575749727344
2,100,0.1,0.1,7.072831109704682,0.8037919195320584,9.99295726023953e-06
0,100,0.2,0.1,-4.852759500912654,-2.0568628225261274,7.531280913679922
1,100,0.2,0.1,-4.918886999757582,-2.103764060441961,8.868901484074797
2,100,0.2,0.1,-2.885159566016906,-0.9431930862157987,0.005087310421396809
0,100,0.3,0.1,-2.003628355369784,-0.5862178601262606,0.002394382861026382
1,100,0.3,0.1,-1.7322341883755799,-0.4901274630546768,0.0089438021606048
2,100,0.3,0.1,2.7624457326138363,0.47063475249915565,0.00028812298829743226
0,100,0.1,0.0,-4.7655561797992485,-1.9960952631938484,7.6018867052547e-08
1,100,0.1,0.0,-1.0240784979818445,-0.26592463046377146,0.0004105378123049596
2,100,0.1,0.0,12.529762977388776,0.944149932509785,4.520173387884604e-09
0,100,0.1,0.1,-0.8107680953530745,-0.20524908246753504,4.338059273261358e-06
1,100,0.1,0.1,0.20036034164878574,0.04508664807927065,7.240775432835526e-05
2,100,0.1,0.1,6.178493706317432,0.7589258582126269,3.995191866761114e-06
0,100,0.1,0.2,-2.294112530978806,-0.6959430054845044,9.208386781679151e-06
1,100,0.1,0.2,-4.412132847050839,-1.7619339260326594,0.0005662957530575138
2,100,0.1,0.2,13.778587991376659,0.9581070251649108,4.496289477548256e-06
0,50,0.1,0.1,-5.2488770345858065,-2.3487883755651806,2.4038891090329544e-06
1,50,0.1,0.1,-3.269889334489202,-1.1231903588630536,0.0001930260668519284
2,50,0.1,0.1,11.103083505570186,0.9224303825851595,3.943820171256874e-05
0,100,0.1,0.1,-3.63866311006305,-1.3113531761484496,0.0028817493516938896
1,100,0.1,0.1,-3.5572120054205234,-1.2684081582525248,9.384451337778937e-06
2,100,0.1,0.1,3.245940202686165,0.5264062310825641,1.8495213804036966e-05
0,200,0.1,0.1,-4.389318669207354,-1.7474630912013742,4.4863007704066215e-08
1,200,0.1,0.1,4.5592118808100714,0.6499913222573002,7.039776605131457e-08
2,200,0.1,0.1,21.088357849142746,0.9922166920276883,9.919983983314674e-06
0,100,0.0,0.1,-3.1789011425281783,-1.0791705461440912,8.762173178333596e-08
1,100,0.0,0.1,14.718981012908237,0.9662633544183741,3.2465632065844702e-06
2,100,0.0,0.1,201.48708111794372,1.0,5.3120106348558315e-06
0,100,0.1,0.1,-4.282050845571348,-1.6804337928966913,0.0004779429359083627
1,100,0.1,0.1,-3.424696398705105,-1.2002378927112396,1.5409340420847507e-07
2,100,0.1,0.1,31.5980873210291,0.999307864272278,9.410694968270628e-08
0,100,0.2,0.1,-3.4370072236622358,-1.2064836941229684,0.5813210440427762
1,100,0.2,0.1,-2.8915607275673643,-0.946059312871605,0.2830906927176597
2,100,0.2,0.1,-0.6940663640199873,-0.17329342353894805,0.0002000213491242919
0,100,0.3,0.1,1.4987107595476394,0.29184402463531833,0.022850461496756888
1,100,0.3,0.1,-2.231490862395729,-0.6716643710431234,0.4788020744569894
2,100,0.3,0.1,-2.94596901801133,-0.9705928459926263,0.10674346740836693
0,100,0.1,0.0,-4.402852679993824,-1.7560384233418427,1.0183903159494926e-05
1,100,0.1,0.0,0.472118854652362,0.10300894014011341,1.7006179036911037e-08
2,100,0.1,0.0,7.968629917350674,0.8403617316258349,1.4872053027606067e-05
0,100,0.1,0.1,-3.7435522513576314,-1.3678556602603815,2.129615079279438e-08
1,100,0.1,0.1,-4.28118492838578,-1.6798994084159506,5.479504519687557e-06
2,100,0.1,0.1,4.644111432047869,0.6567671418303693,3.3273553510986887e-06
0,100,0.1,0.2,-4.735677147717715,-1.9755531680597942,1.241557911396708e-07
1,100,0.1,0.2,-3.4977254859987457,-1.2375489686210193,8.112720461199336e-07
2,100,0.1,0.2,1.4316184018551772,0.2808190752842824,1.095425836059945e-05
0,50,0.1,0.1,-4.21043507798789,-1.6365955078113652,0.0001945498392107265
1,50,0.1,0.1,-1.3726117858150078,-0.37170644309075707,0.6112198911767497
2,50,0.1,0.1,3.7824220274529785,0.5814399277687583,7.782147778946777e-06
0,100,0.1,0.1,-4.803877435094613,-2.0226491748014794,9.095989842017076e-06
1,100,0.1,0.1,0.7047400118404251,0.1497904109759154,2.7782954897716877e-08
2,100,0.1,0.1,5.38116910535102,0.7103436261951297,8.154167877058041e-06
0,200,0.1,0.1,-4.41060474556389,-1.7609622874117892,4.7554892659261324e-08
1,200,0.1,0.1,-3.3629831092302527,-1.1691935825303519,1.8286721727074505e-05
2,200,0.1,0.1,20.653588134532814,0.9913971730579147,5.989036753164167e-08
0,100,0.0,0.1,-4.8371861080403775,-2.045920829300033,2.7378383426376875e-07
1,100,0.0,0.1,13.903037436646402,0.9592904542571007,3.74396824885999e-07
2,100,0.0,0.1,70.82510896743982,0.9999999173031241,3.695426569027914e-07
0,100,0.1,0.1,-3.543407098251366,-1.2612090232581163,4.0467582359995694e-08
1,100,0.1,0.1,-1.4626589087291133,-0.40044446318050153,1.1605659716743855e-05
2,100,0.1,0.1,12.501227699713521,0.9437817619659224,1.176683724852228e-05
0,100,0.2,0.1,-2.0510339720011665,-0.6036271381596325,1.9526345994827043
1,100,0.2,0.1,-3.070517772643981,-1.0279244774236185,0.08598727217971396
2,100,0.2,0.1,-0.5531321753164373,-0.13582969209995688,0.03129457919822669
0,100,0.3,0.1,-1.5212809554599227,-0.4194761357069725,0.0003307455909739507
1,100,0.3,0.1,-3.1221676558691276,-1.0521862129096258,0.003013616121970112
2,100,0.3,0.1,-1.1434898868818313,-0.3012147831932237,0.025560853975313887
0,100,0.1,0.0,-4.782960484128722,-2.008126173283893,7.943784027148405e-07
1,100,0.1,0.0,-3.0235284995647183,-1.006101256597625,8.151832365872082e-05
2,100,0.1,0.0,1.2235907084837567,0.2455318179173579,6.374647871421135e-05
0,100,0.1,0.1,-4.624506913293254,-1.9003518815577323,6.445097670509321e-09
1,100,0.1,0.1,-5.6722691085106,-2.69170432927026,3.40390113505002e-09
2,100,0.1,0.1,-0.7336732735825233,-0.184042598512413,4.341973039818751e-06
0,100,0.1,0.2,-3.0663813467278405,-1.025993905830667,7.435880167524093e-07
1,100,0.1,0.2,-1.4597571883382618,-0.3995090746008263,7.102073030512037e-07
2,100,0.1,0.2,-1.0025394878402372,-0.2596617694507368,2.9952898395432395e-05
0,50,0.1,0.1,-4.741486588626423,-1.9795361491679344,0.003984304735268411
1,50,0.1,0.1,-2.1483680116364385,-0.6399733894936055,3.432019144951033e-05
2,50,0.1,0.1,-2.3828805618856355,-0.7309640818184182,1.9864321313630174e-05
0,100,0.1,0.1,-4.380894342549258,-1.7421388023834687,2.4605284380237623e-06
1,100,0.1,0.1,-3.494543138693727,-1.2359099771099284,7.383892002506316e-06
2,100,0.1,0.1,10.501329174982121,0.9109021790910155,3.0082167978997588e-05
0,200,0.1,0.1,-3.9998966944530445,-1.5118266820247785,1.389547328828538e-08
1,200,0.1,0.1,1.3800773592355573,0.27223315901446477,2.8562709143190494e-07
2,200,0.1,0.1,7.270508601194293,0.8125225059218985,9.321187416831696e-06
0,100,0.0,0.1,-5.325904900434545,-2.40871341703723,7.156311296424966e-07
1,100,0.0,0.1,25.434551308682323,0.99713882205206,1.2620443732953194e-05
2,100,0.0,0.1,159.9732807318502,0.9999999999999999,3.037819753433378e-06
0,100,0.1,0.1,-3.2597064232517776,-1.1182179419591063,2.591259102300564e-08
1,100,0.1,0.1,3.0479887725430577,0.5043203119677351,8.416347674077857e-07
2,100,0.1,0.1,1.898444451676563,0.35411447025020004,3.772511458542541e-06
0,100,0.2,0.1,0.7756071629937442,0.16355135165863965,0.31960308423805944
1,100,0.2,0.1,-2.0840459103113655,-0.615863202536203,1.5668347027851608
2,100,0.2,0.1,-2.455776815611696,-0.7602634911669006,0.0011102400023856392
0,100,0.3,0.1,-0.5891741229777002,-0.14529512544532408,0.020602342273439277
1,100,0.3,0.1,-1.6656769587358284,-0.4674648109059354,0.06487825520983996
2,100,0.3,0.1,-1.8509437692111164,-0.5314202198182338,0.7853730456680967
0,100,0.1,0.0,-1.430711960694187,-0.39018051178753366,0.0005080401326470903
1,100,0.1,0.0,-4.190660449322086,-1.624617649341689,1.4617203159782042e-09
2,100,0.1,0.0,20.368423321168567,0.9908133394811103,9.378762744763626e-06
0,100,0.1,0.1,-2.2965664377138206,-0.6969015398668319,0.14142278758792803
1,100,0.1,0.1,-1.4453742929551363,-0.3948818691511089,1.8920365277079033e-09
2,100,0.1,0.1,0.06772755881624316,0.015473876761638694,1.6425543052367939e-06
0,100,0.1,0.2,-3.4648821812922708,-1.220691438028489,2.49998726661332
1,100,0.1,0.2,-4.167689811033455,-1.6107722090485814,1.7853920975634951e-06
2,100,0.1,0.2,17.87680684288246,0.983695055843464,3.2965799358641617e-06
0,50,0.1,0.1,-3.124885701247454,-1.053470981961993,3.294943593787269e-05
1,50,0.1,0.1,-4.068941970913966,-1.5520794888052638,1.611081343730151e-05
2,50,0.1,0.1,0.27326318726179466,0.06098251037189628,3.713602834491297e-05
0,100,0.1,0.1,-0.9338373702710524,-0.23989165500887855,0.004862117151043621
0,50,0.1,0.1,-3.777754693302904,-1.3865771012206451,0.014701442274110858
1,50,0.1,0.1,3.201977542745467,0.5215878003846939,3.878688587682615e-06
2,50,0.1,0.1,-0.16075307163778552,-0.037708340040369936,1.524168913867729e-05
0,100,0.1,0.1,0.6179247431657741,0.1326237513764843,2.014627389182985e-08
1,100,0.1,0.1,-3.2646905095340824,-1.1206502642013176,9.76369580161998e-07
2,100,0.1,0.1,9.017962533306045,0.8746270783413117,1.2364430253591881e-09
0,200,0.1,0.1,-3.781649089375491,-1.3887181472838566,0.0014814594904717596
1,200,0.1,0.1,-2.052837387291725,-0.6042931853603528,3.256245909966741e-05
2,200,0.1,0.1,8.36746466835177,0.8543691001002947,1.8477222396924505e-05
0,100,0.0,0.1,-6.713820718388118,-3.692260035632133,1.8678828580168759e-06
1,100,0.0,0.1,13.614755162255769,0.9564964714522669,9.473449851253813e-06
2,100,0.0,0.1,90.3789719373845,0.9999999990835626,2.2605409906183565e-05
0,100,0.1,0.1,-5.274503419355286,-2.368606962408924,1.2920739238226488e-05
1,100,0.1,0.1,1.0796231381318013,0.2201022162743138,6.088382687277359e-09
2,100,0.1,0.1,12.940375908891259,0.9491884539896914,8.176834285087262e-06
0,100,0.2,0.1,-4.207779366496749,-1.6349837220663974,2.3968853748312138
1,100,0.2,0.1,-2.5235121413039137,-0.7879328924418043,0.0009615758181363986
2,100,0.2,0.1,-1.9026957367965185,-0.5497782931222339,0.0038806828937748067
0,100,0.3,0.1,-1.8371396146642294,-0.5265602916127841,0.0014475797160860154
1,100,0.3,0.1,-1.724789951491099,-0.48757542507502105,0.00012118353753417968
2,100,0.3,0.1,-2.9464795641811836,-0.970824517775299,0.03783084682083776
0,100,0.1,0.0,-4.549199250864172,-1.8504926472030339,7.847628684817458e-07
1,100,0.1,0.0,-2.4933943248366717,-0.775576680052622,2.944312567944676e-05
2,100,0.1,0.0,-1.7034208470370116,-0.48027390995864594,4.2479813191626036e-06
0,100,0.1,0.1,-3.1364141852890652,-1.0589292268068524,0.0005661728864577415
1,100,0.1,0.1,-2.291758316584315,-0.6950239213966709,1.2128765295882556e-06
2,100,0.1,0.1,6.359218032440724,0.7687518874247561,8.833678187529608e-06
0,100,0.1,0.2,-4.0145438141863865,-1.52031243043991,0.0008117049384772522
1,100,0.1,0.2,-3.1319595534343305,-1.0568184310473776,1.8592641004914624e-09
2,100,0.1,0.2,-2.251082275819986,-0.6792224336176014,1.2943407331744897e-05
0,50,0.1,0.1,-2.204418214604332,-0.6612761165868446,4.380302104505516e-05
1,50,0.1,0.1,-4.523862032206597,-1.8339109756627865,1.0953470978906771e-06
2,50,0.1,0.1,1.1323193658734485,0.22950812489114236,3.320184831971328e-07
0,100,0.1,0.1,-3.3386267241898295,-1.1570622200198382,0.004386276433336697
1,100,0.1,0.1,-1.1777145368050748,-0.31150953896788103,2.6375572306443266e-08
2,100,0.1,0.1,9.490885497343829,0.887562430207587,2.3779553670097512e-05
0,200,0.1,0.1,-3.4709898832358426,-1.2238167052932387,1.715061726862425e-06
1,200,0.1,0.1,-2.120047492294868,-0.6293138499120858,9.890767122510398e-07
2,200,0.1,0.1,14.257596898627664,0.9624819454825884,4.259054250194658e-06
0,100,0.0,0.1,-4.132726708475925,-1.5898384292471084,2.2979863606556944e-07
1,100,0.0,0.1,29.5333588586401,0.9988865669350696,8.881107033552372e-06
2,100,0.0,0.1,158.45070821498805,0.9999999999999999,1.4372510801233426e-06
0,100,0.1,0.1,-1.6578928696191082,-0.46483695203592945,0.00024219512305941987
1,100,0.1,0.1,1.1057447224339787,0.22477900191023092,0.0002218090766712947
2,100,0.1,0.1,5.293698988976967,0.7044505870119142,2.0507952733004385e-05
0,100,0.2,0.1,-3.901144497572912,-1.4553558911194266,0.012244640571583443
1,100,0.2,0.1,-1.54515763612197,-0.4273016360756068,3.3874978637415607
2,100,0.2,0.1,-2.911779425096475,-0.9551403669892538,0.0004710692764502349
0,100,0.3,0.1,-1.5980628412085878,-0.44479518001491614,0.1324094275060443
1,100,0.3,0.1,0.4473944295987676,0.09788779821096161,0.0028875564798934448
2,100,0.3,0.1,0.6826626319616003,0.14545736243119822,0.20303915072447865
0,100,0.1,0.0,-2.446004069757653,-0.7563068977011087,1.5336983227224214e-07
1,100,0.1,0.0,-5.234025753867645,-2.337356303673119,1.500430530009463e-07
2,100,0.1,0.0,11.523852392086994,0.9295931749080454,1.8976334870138012e-08
0,100,0.1,0.1,-4.334876290286822,-1.7132363639310726,4.287479962236443
1,100,0.1,0.1,-4.081054289802922,-1.559207082561993,4.069012206527001e-06
2,100,0.1,0.1,8.144360025476773,0.8466922896683908,3.455579812184723e-08
0,100,0.1,0.2,-6.599500396364423,-3.5703561013341156,4.4874299818050614e-06
1,100,0.1,0.2,-0.13118908474008162,-0.03066827557109497,4.1608265585981944e-07
2,100,0.1,0.2,1.0221015058756364,0.20970388061984035,2.915633360573855e-07
0,50,0.1,0.1,-1.6321827856910374,-0.4561907854269358,3.999134017599592e-05
1,50,0.1,0.1,-2.5266198161708227,-0.7892127389011396,7.770622688693039e-05
2,50,0.1,0.1,2.9448789238936475,0.4924111101973029,5.605167475709228e-07
0,100,0.1,0.1,-3.6099100103694526,-1.2961010703888638,0.00010488429209178451
1,100,0.1,0.1,-0.221252070436807,-0.05226519801919105,1.4369906966895896e-05
2,100,0.1,0.1,10.117367806274595,0.9026663030018494,1.5162297193269727e-05
0,200,0.1,0.1,-4.1051994909065845,-1.5734749729426736,2.9505842810629206
1,200,0.1,0.1,-3.684777271237359,-1.3360262955877014,0.00015892640211110243
2,200,0.1,0.1,18.95030487264821,0.9872658631515244,2.681701642117907e-05
0,100,0.0,0.1,-5.12169888853527,-2.2521449106216833,1.3309179167447299e-08
1,100,0.0,0.1,23.881986965018278,0.9959092654058077,8.61037068075731e-06
2,100,0.0,0.1,18.111377902567945,0.9845523575142958,6.402053964403653e-05
0,100,0.1,0.1,-5.537432857124412,-2.5788482652236846,6.189927680514843e-05
1,100,0.1,0.1,-3.1002534589921527,-1.0418571061980297,5.1133969608905867e-08
2,100,0.1,0.1,9.065816423053212,0.8760009500567323,8.870512694718333e-06
0,100,0.2,0.1,-4.627473852370008,-1.9023339715284147,4.175569440103728
1,100,0.2,0.1,-1.5064275079457115,-0.4146296315509832,0.23435418562347393
2,100,0.2,0.1,3.9688562201321966,0.599027694187129,0.0038246221429861092
0,100,0.3,0.1,0.05733579410903038,0.01311528960436159,0.00031401553901048334
1,100,0.3,0.1,-3.357505390392728,-1.1664593220884485,0.02020897046263366
2,100,0.3,0.1,-1.6708050518999435,-0.469198597821195,6.926123461254777e-05
0,100,0.1,0.0,-2.679342054396635,-0.8532508391404503,2.8314200433105977e-06
1,100,0.1,0.0,-1.8891519397528802,-0.5449527223913775,5.572287548607588e-09
2,100,0.1,0.0,1.7152586677278878,0.3262882322973931,1.744766311292091e-05
0,100,0.1,0.1,-3.6782197300219743,-1.3325017217848574,4.23422322298061e-09
1,100,0.1,0.1,-0.38403162235991134,-0.09245400770226642,6.339610855417588e-09
2,100,0.1,0.1,2.040147181448555,0.3748484938309158,4.8727196767813885e-05
0,100,0.1,0.2,-3.61973449936364,-1.301301125869589,1.2466696390671599e-07
1,100,0.1,0.2,-1.0422897820717942,-0.2712441816256559,6.77450338790372e-07
2,100,0.1,0.2,-0.8344219298987122,-0.21183137654563367,1.980175595446251e-06
0,50,0.1,0.1,-2.983872026058891,-0.9878664435416007,1.9674211335649665e-07
1,50,0.1,0.1,-3.611459792064023,-1.2969205812391662,2.1933011910176928e-05
2,50,0.1,0.1,6.934322337264296,0.7974334337802648,3.6163330129754023e-07
0,100,0.1,0.1,-1.4074981676729679,-0.38276957993030014,1.1002168543464788e-08
1,100,0.1,0.1,-2.1240599611728648,-0.630819876897404,0.0008206670759253001
2,100,0.1,0.1,1.8780363696170461,0.3510722248783038,5.5626457814056426e-05
0,200,0.1,0.1,-4.9173852716297315,-2.1026910088091126,0.05649570196419031
1,200,0.1,0.1,-1.203424333884422,-0.31929657017705715,3.171651740683841e-08
2,200,0.1,0.1,8.572772482707327,0.8610934414329365,2.4018187493157372e-05
0,100,0.0,0.1,-6.264407770632844,-3.2309780968957105,3.5371762143105696e-05
1,100,0.0,0.1,40.85298137734118,0.9999178321615653,1.2747790277771639e-05
2,100,0.0,0.1,4.11712163080428,0.6124856076435086,1.399664819869943e-05
0,100,0.1,0.1,-4.627588010303435,-1.9024102628046617,0.001035201869132721
1,100,0.1,0.1,-0.1529223619658755,-0.03583894691282974,5.2679144315768444e-05
2,100,0.1,0.1,3.7372595970929723,0.5770645972157549,1.1842556581905892e-05
0,100,0.2,0.1,-3.6824990259015076,-1.3348011717268924,4.017625197392537
1,100,0.2,0.1,-3.679996532847131,-1.3334561993854503,1.986692989882133
2,100,0.2,0.1,-1.7598722768456354,-0.4996407314050033,0.0001983794977848861
0,100,0.3,0.1,1.3183428970793512,0.2618141598990059,0.0003429142235514105
1,100,0.3,0.1,-2.195722035079139,-0.657952956442895,0.16485407518154352
2,100,0.3,0.1,-3.518937001147008,-1.248504184403937,0.12106772126955356
0,100,0.1,0.0,-5.657162953974748,-2.6788857045290495,0.0006523205423787781
1,100,0.1,0.0,-2.9087516647457146,-0.9537777815318904,1.616920959487901e-09
2,100,0.1,0.0,4.009537066123503,0.6027661098535162,1.2638666422802366e-05
0,100,0.1,0.1,-5.75412398454864,-2.761944624246395,2.477986810733104e-06
1,100,0.1,0.1,-4.644306168691442,-1.9136046184725584,1.9791631606806526e-05
2,100,0.1,0.1,1.9264429543202086,0.3582650319713734,1.19894028374191e-05
0,100,0.1,0.2,-3.0670560656935777,-1.0263086882563677,5.451171147941029e-06
1,100,0.1,0.2,-3.137948799553741,-1.0596568944620492,3.042726755679947e-08
2,100,0.1,0.2,2.056753608223085,0.37723436565614,5.334581702784993e-05
0,50,0.1,0.1,0.37466482267801116,0.08265326887857527,5.161580614472262e-07
1,50,0.1,0.1,-2.9290392798141642,-0.9629260020955956,2.9525594102070476e-05
2,50,0.1,0.1,-0.6873213920223492,-0.17147261085043963,3.2687912767878872e-06
0,100,0.1,0.1,-3.781304099986129,-1.388528402831882,1.69652846712054e-07
1,100,0.1,0.1,2.7139537125387765,0.4646908969180411,7.972621813426217e-06
2,100,0.1,0.1,2.5381564357988378,0.44257767754555233,2.3777129645675353e-05
0,200,0.1,0.1,-4.349793502070077,-1.7225718524110611,3.3912192875377185e-08
1,200,0.1,0.1,2.1622349811508763,0.39217787872580023,1.2978465613192925e-08
2,200,0.1,0.1,30.786506297246433,0.99916564788673,1.0331555909226666e-07
0,100,0.0,0.1,-6.662196903313152,-3.6368141629963313,1.2161928457065497e-06
1,100,0.0,0.1,15.748542633059579,0.9733838192783556,3.833202200693653e-05
2,100,0.0,0.1,48.296435937172184,0.9999851967727476,5.70288701772341e-06
0,100,0.1,0.1,-4.651301536765814,-1.9183014684825048,6.22932854369578e-07
1,100,0.1,0.1,-5.5063177597246415,-2.55329918245855,6.530098557925032e-05
2,100,0.1,0.1,-2.7105396558849897,-0.8666116222558686,2.6869367516885604e-06
0,100,0.2,0.1,1.1304507534935901,0.22917653872157084,0.8330117346003157
1,100,0.2,0.1,-4.168642015969191,-1.6113446921994892,0.15142202257881787
2,100,0.2,0.1,-2.0761070307349105,-0.6129121114761433,0.03547761606780391
0,100,0.3,0.1,-1.4782089614384062,-0.4054677870531953,0.008456047146620868
1,100,0.3,0.1,-2.1301875973086664,-0.6331224905283903,0.023538802593848898
2,100,0.3,0.1,-2.6054503980033776,-0.8219860177706282,0.0007645208832327936
0,100,0.1,0.0,-5.321297057734382,-2.405098707108887,2.5092309259037883e-05
1,100,0.1,0.0,1.0779957564366303,0.21980991939865124,5.773469165469584e-06
2,100,0.1,0.0,6.169024636667315,0.7583996626654842,1.8259764739441265e-09
0,100,0.1,0.1,-4.290265629823374,-1.6855086958194399,5.226977783585255e-08
1,100,0.1,0.1,-2.6125087359838943,-0.8249495942779899,4.835371829116694e-08
2,100,0.1,0.1,10.529904376793883,0.9114864901428757,8.460596644338994e-06
0,100,0.1,0.2,-2.0573880173629204,-0.6059750789339791,0.0009553968117316673
1,100,0.1,0.2,-2.5404678476132263,-0.794926976531168,3.303778827554376e-08
2,100,0.1,0.2,-0.1366086554093653,-0.031955251688136954,6.957147986796991e-07
0,50,0.1,0.1,-1.963172347079892,-0.5715103104582262,0.24412577771737476
1,50,0.1,0.1,-1.6475565720490826,-0.46135475559779593,3.230070721311628e-07
2,50,0.1,0.1,-1.5350090432311956,-0.4239702117491788,5.4417815196677945e-06
0,100,0.1,0.1,-5.0910349759802545,-2.2292636023735235,0.004502205242838247
1,100,0.1,0.1,-1.592336310693555,-0.4428913539996189,3.6696169038644383e-09
2,100,0.1,0.1,2.7701815226563236,0.4715768352614176,1.0396957009361557e-05
0,200,0.1,0.1,-5.018162571234532,-2.175530271593994,1.0133562459396532e-07
1,200,0.1,0.1,1.8302160452487133,0.3438873736562177,6.869441553430439e-06
2,200,0.1,0.1,-0.9948251262799475,-0.25742622162021056,8.23616990878592e-06
0,100,0.0,0.1,1.294485051046468,0.2577477976118723,5.91822092454024e-07
1,100,0.0,0.1,17.86524731433696,0.9836515994949945,5.284735779041379e-06
2,100,0.0,0.1,115.10917479174438,0.9999999999969162,2.5800448223942685e-07
0,100,0.1,0.1,-3.191618271382472,-1.0852677523962018,1.1089023949245197e-08
1,100,0.1,0.1,-2.377687734313292,-0.7288956175100698,1.322135122052502e-08
2,100,0.1,0.1,19.152131399882425,0.9878441072411649,1.6363074393950585e-07
0,100,0.2,0.1,-4.005250995974807,-1.5149253562885137,4.779625468728149
1,100,0.2,0.1,0.5411056256471063,0.11714488519520472,0.09926110551585868
2,100,0.2,0.1,-0.7142719685660014,-0.17876490391550948,1.2419916554164105
0,100,0.3,0.1,-1.218069635910496,-0.3237530190193607,0.0007442481009816657
1,100,0.3,0.1,-1.6232978439321764,-0.4532147069348518,0.0007527428064098297
2,100,0.3,0.1,0.08054593299119453,0.018375460552411238,0.0008121009849698241
0,100,0.1,0.0,-3.8361422155332625,-1.4188794312912139,1.992353774202079e-06
1,100,0.1,0.0,-1.870600436372005,-0.5383673134723186,2.5990865521166053e-05
2,100,0.1,0.0,4.040287534806541,0.6055688130273131,2.0313976854800704e-05
0,100,0.1,0.1,-3.5111802622319495,-1.2444918161710277,2.0221240976795824e-08
1,100,0.1,0.1,-1.9266908759447339,-0.5583646482055435,1.4736843601322259e-06
2,100,0.1,0.1,0.015646245253639047,0.0035961992390243225,5.4582260743235177e-05
0,100,0.1,0.2,-1.0257869662845789,-0.2664227297167976,2.091491276273483e-05
1,100,0.1,0.2,-4.132133405332316,-1.589484647563653,1.256096926925565e-07
2,100,0.1,0.2,3.2394101121868784,0.5256935956465312,1.8189374766742275e-06
0,50,0.1,0.1,-0.9217244620593215,-0.23643829108829895,6.801551338729965e-05
1,50,0.1,0.1,-0.8247847853590236,-0.2091452622621497,2.2807321273025996e-07
2,50,0.1,0.1,-0.021033640029149613,-0.004854921725152561,7.663701449718146e-06
0,100,0.1,0.1,-3.4474656784141593,-1.211803636895329,0.00010017128595331413
1,100,0.1,0.1,-3.8381169647487634,-1.419979552662313,2.4169766262038667e-07
2,100,0.1,0.1,8.835555104864007,0.8692491594371407,6.456800602984504e-06
0,200,0.1,0.1,-5.413475191949876,-2.4781436857408248,4.152420526178894e-08
1,200,0.1,0.1,0.031021409558004455,0.007117493332591374,3.193454037568206e-08
2,200,0.1,0.1,13.467401932970882,0.9549950994136267,5.249147162403245e-07
0,100,0.0,0.1,-3.073552721529349,-1.029342132584767,6.948970851210526e-08
1,100,0.0,0.1,8.612095346565704,0.8623454834987804,7.641493110804368e-06
2,100,0.0,0.1,162.48368338084728,0.9999999999999999,2.7331248301456242e-06
0,100,0.1,0.1,-4.67639108453573,-1.9352095275786465,2.4626734112935486e-08
1,100,0.1,0.1,-4.372166362629781,-1.736633482791973,1.4093613381601633e-05
2,100,0.1,0.1,6.571361459737867,0.7797764019039579,2.4378457087258596e-05
0,100,0.2,0.1,-3.854291901980769,-1.4290093704559599,1.7394663709001552
1,100,0.2,0.1,-2.8310881031516426,-0.9191495137735934,1.0498148651823214
2,100,0.2,0.1,-0.8182637885142001,-0.20733107485406843,0.08539890031167245
0,100,0.3,0.1,-1.1829543830087421,-0.3130928553346206,0.00042006424796023323
1,100,0.3,0.1,-1.1372229641775642,-0.29933846838068856,0.0021923185376341824
2,100,0.3,0.1,1.2553440597827201,0.25102797941987864,0.01276154583836242
0,100,0.1,0.0,-3.916227872058322,-1.463898352796694,8.919474636956015e-05
1,100,0.1,0.0,-2.8211150365183717,-0.9147474669086095,1.4139780655252446e-06
2,100,0.1,0.0,0.4146999016718023,0.09107089592721063,6.956755218910984e-06
0,100,0.1,0.1,-4.871699532134385,-2.0702232291194704,1.851425820652669e-05
1,100,0.1,0.1,-2.971841389265137,-0.9823673625776919,1.000742100770378e-07
2,100,0.1,0.1,-4.113554760771832,-1.578430774980336,4.34508274255678e-06
0,100,0.1,0.2,-1.85815762239748,-0.5339661008636949,7.791626897154743e-05
1,100,0.1,0.2,-2.175596799267608,-0.6502877651643086,9.534555235067454e-10
2,100,0.1,0.2,-1.7719995702176377,-0.503834199140345,1.3237454576802117e-06
0,50,0.1,0.1,-0.9977107828577924,-0.2582619923101168,0.003314766945789996
1,50,0.1,0.1,-2.0288725518831496,-0.5954649035645219,0.00035638118106557694
2,50,0.1,0.1,-0.983860338462794,-0.25425555698076363,6.182493099018205e-07
0,100,0.1,0.1,-4.742495406251887,-1.9802283425627811,2.6088560223887062e-08
1,100,0.1,0.1,-5.304856729336724,-2.392232986213008,1.3524135134982156e-05
2,100,0.1,0.1,-2.9955203701895146,-0.9932053170489263,2.7764421244069195e-05
0,200,0.1,0.1,-6.246551452519516,-3.2136178510896034,1.906530752919782e-07
1,200,0.1,0.1,0.5253470801620821,0.11393559180797308,2.8932194995230995e-05
2,200,0.1,0.1,19.605544434126365,0.9890492073302175,5.4107603278368115e-06
0,100,0.0,0.1,-2.674568645772988,-0.8512150168793122,2.7532920745373165e-08
1,100,0.0,0.1,54.442221352065744,0.9999964043462426,2.8080067647198555e-05
2,100,0.0,0.1,11.596909432196972,0.9307676526509878,2.6431985997968654e-05
0,100,0.1,0.1,-5.192574850682911,-2.305654690284299,0.0053970170640332965
1,100,0.1,0.1,-0.3768702430196391,-0.09065406984983237,7.186685575980047e-05
2,100,0.1,0.1,8.590889108835976,0.8616716842490224,1.1962925569655998e-05
0,100,0.2,0.1,-3.837594911199325,-1.4196886710052223,0.015350400180886677
1,100,0.2,0.1,-3.014683408679184,-1.0020196733484363,0.3976065663737949
2,100,0.2,0.1,-0.23527595344557017,-0.05566857893042498,5.175458143698635e-05
0,100,0.3,0.1,11.239671179702784,0.9248320195698516,0.041805306623796584
1,100,0.3,0.1,-2.0957006406173058,-0.6202053580622586,0.0012595186271983129
2,100,0.3,0.1,-0.0356600173853442,-0.008244825344984275,0.2663794611402972
0,100,0.1,0.0,-2.571528084295875,-0.8078101000790898,1.6305087572738578e-05
1,100,0.1,0.0,-3.010312455280109,-1.0000057558448487,1.045116290910554e-08
2,100,0.1,0.0,13.634871467307567,0.9566975116757116,5.0917706323872694e-08
0,100,0.1,0.1,-4.523172128293282,-1.8334608269572952,1.529650632704248e-05
1,100,0.1,0.1,-1.5922815031796966,-0.44287314497505625,4.195587025391512e-06
2,100,0.1,0.1,3.4003186222077266,0.5429453436469744,4.204080855282842e-05
0,100,0.1,0.2,-4.03439632965406,-1.531859681732458,3.888869442727955e-05
1,100,0.1,0.2,-3.5815524503507534,-1.2811573599689274,9.637281384112024e-09
2,100,0.1,0.2,4.676477226465053,0.6593155766602482,5.5241253202560036e-06
0,50,0.1,0.1,-4.469652066641384,-1.7987570893015596,1.5978492734648463e-06
1,50,0.1,0.1,-3.1549303251716414,-1.0677262086625015,8.562445282184295e-08
2,50,0.1,0.1,1.0628946149843927,0.21709234673961586,2.456243422455271e-05
0,100,0.1,0.1,-5.158793266353489,-2.280041409927848,0.001726026169732717
1,100,0.1,0.1,-4.642649972903009,-1.9124937179415937,1.0696708013442771e-05
2,100,0.1,0.1,4.63354923808137,0.655931371593927,4.280805986343714e-06
0,200,0.1,0.1,-4.939436089297514,-2.1184846374251967,0.00400339624414387
1,200,0.1,0.1,3.68731447586839,0.5721726422554683,1.306609618101961e-08
2,200,0.1,0.1,14.519925081014822,0.9646810737486631,6.209972196990732e-06
0,100,0.0,0.1,-3.0966135347427888,-1.0401464946611436,1.503909996429757e-07
1,100,0.0,0.1,17.35300757918286,0.9816050232994329,2.7486857866666082e-05
2,100,0.0,0.1,116.04823452833625,0.9999999999975159,6.380297572934953e-05
0,100,0.1,0.1,-5.0866480510738645,-2.22600328364375,0.018352180604649184
1,100,0.1,0.1,-4.833988872924845,-2.04367927624917,4.95680672431524e-06
2,100,0.1,0.1,-1.714706748262874,-0.4841256630134303,1.4827988417853572e-05
0,100,0.2,0.1,-3.414277086323383,-1.194965551292365,1.7004971928011887
1,100,0.2,0.1,-0.3219234672197888,-0.07694207995498425,0.06290002957732277
2,100,0.2,0.1,0.23689978634245848,0.053087125541804725,0.0025687185961036953
0,100,0.3,0.1,-0.10307233720289648,-0.024017158387110493,0.010160895663529575
1,100,0.3,0.1,-2.2153031309718134,-0.6654450692720753,5.5043494059096194e-05
2,100,0.3,0.1,-2.0857947553640552,-0.6165140197895709,0.0035541491410638467
0,100,0.1,0.0,-4.127432442225022,-1.5866832106611866,2.00769222990331e-05
1,100,0.1,0.0,-0.3654329095932732,-0.08778556390761239,1.290537088187909e-08
2,100,0.1,0.0,0.5534246340235263,0.11964560522033085,2.5679960392665557e-05
0,100,0.1,0.1,-3.3617302330921284,-1.1685678921251959,0.012124497006821146
1,100,0.1,0.1,0.4997791361862192,0.10870373545874212,3.09189176709049e-08
2,100,0.1,0.1,9.643959014952149,0.8914564307315525,2.0587352497161676e-05
0,100,0.1,0.2,-4.133023198229346,-1.5900152417097413,1.713509161279286e-08
1,100,0.1,0.2,3.9248920029193988,0.5949479824602617,1.6195753696272382e-05
2,100,0.1,0.2,-1.5466632235640372,-0.4277965306784399,2.017738908685093e-05
0,50,0.1,0.1,-5.740575177324649,-2.750226667611224,0.00018333622038816928
1,50,0.1,0.1,0.09359888474549682,0.02132135610028918,1.0690651136600118e-09
2,50,0.1,0.1,1.3051449681334053,0.259567448708495,2.105302874805096e-05
0,100,0.1,0.1,-2.4829771067948676,-0.7713227913906093,1.6550582647899584e-06
1,100,0.1,0.1,-3.5223443583930703,-1.2502689922974812,6.82949843786725e-07
2,100,0.1,0.1,5.884146419991608,0.7420204041825085,2.642058125102963e-05
0,200,0.1,0.1,-5.914019644666863,-2.9030306743826286,5.3196733320058474e-08
1,200,0.1,0.1,-4.102203257175109,-1.5717001234788701,1.0522574962290456e-06
2,200,0.1,0.1,13.081666427433332,0.9508149228146788,9.062934077331009e-06
0,100,0.0,0.1,-0.006437632598035041,-0.0014834188643100266,5.8923458079463084e-08
1,100,0.0,0.1,5.323986554738866,0.7065045691460947,1.2076365538217978e-05
2,100,0.0,0.1,209.8147143393518,1.0,2.3712576468904895e-05
0,100,0.1,0.1,-2.96619062221092,-0.9797897079663465,7.775293434649714e-07
1,100,0.1,0.1,-0.9788958990285077,-0.2528226310532118,3.263131249518561e-07
2,100,0.1,0.1,6.253623906041444,0.7630604226694724,1.0914277602729548e-05
0,100,0.2,0.1,-3.7100558390607032,-1.3496630312559081,0.8915922263641762
1,100,0.2,0.1,2.848086395234884,0.4809713150667745,0.1760680672521927
2,100,0.2,0.1,-0.2591844950686141,-0.06149621396196703,0.04293766511863451
0,100,0.3,0.1,-1.8645479914218335,-0.5362248965341718,0.001171762577892213
1,100,0.3,0.1,0.6676163213833188,0.14249162990476527,0.031890761098910786
2,100,0.3,0.1,-2.4883107073438646,-0.7734995014961874,0.14332666443406655
0,100,0.1,0.0,-5.22429952550603,-2.329890501024905,4.27646812920698e-09
1,100,0.1,0.0,-4.543865547323181,-1.846994018708846,1.2898168890421318e-08
2,100,0.1,0.0,14.936922967959134,0.9679145818765496,1.2934111134392634e-06
0,100,0.1,0.1,-4.574655490353507,-1.867249918296681,0.033142358302038454
1,100,0.1,0.1,-2.1315290854585784,-0.6336270221201687,5.233435383856334e-09
2,100,0.1,0.1,8.608138662028843,0.8622200147898893,1.0614194372147237e-05
0,100,0.1,0.2,-1.2100253339038542,-0.32130334178489517,0.006407675445017956
1,100,0.1,0.2,-0.5687064523532821,-0.1399102143331301,1.1000495690468534e-06
2,100,0.1,0.2,0.36137547142660564,0.079841901353506,2.0374516899269418e-05
0,50,0.1,0.1,-2.7260236703159264,-0.873278579231006,0.10856457288663428
1,50,0.1,0.1,-3.9458757014499977,-1.4807761052789914,2.227208105016113e-05
2,50,0.1,0.1,3.564718323237096,0.5599235104011419,5.517693666408582e-06
0,100,0.1,0.1,-4.472111708961426,-1.8003426243262401,0.02786380346995861
1,100,0.1,0.1,13.687445824563738,0.9572185581336632,1.2000129450500014e-06
2,100,0.1,0.1,0.25113922491706436,0.05618673372764693,1.1177805661911164e-05
0,200,0.1,0.1,-5.014765356437641,-2.1730472236616527,6.014178490268862e-08
1,200,0.1,0.1,-4.216931278602881,-1.6405422928688318,3.8832493017147607e-07
2,200,0.1,0.1,51.5446982299904,0.9999929930313083,3.342919572461735e-05
0,100,0.0,0.1,-4.082850116256775,-1.5602655445763274,1.203646322550254e-05
1,100,0.0,0.1,16.396315305808965,0.9770718787660971,4.272658724354136e-06
2,100,0.0,0.1,108.6145713334782,0.9999999999862424,1.543404940767896e-05
0,100,0.1,0.1,-5.2812812375983045,-2.3738682844334797,1.5969042538482875e-08
1,100,0.1,0.1,-3.0020023684988932,-0.9961824674793187,5.57211358041655e-05
2,100,0.1,0.1,5.9191176280682924,0.7440894223059833,5.573876494845225e-08
0,100,0.2,0.1,-2.6037148916173374,-0.8212580700807892,0.08525299410242158
1,100,0.2,0.1,-0.4115668427288777,-0.09940240905122577,2.387765582001955
2,100,0.2,0.1,0.32594479183872294,0.0723043486390137,0.507436129187625
0,100,0.3,0.1,-2.0337677687425533,-0.597264270201153,0.000716211532166601
1,100,0.3,0.1,-1.7459812791555138,-0.4948517627914879,0.00017870896927941446
2,100,0.3,0.1,1.4744854339674238,0.2878828310726873,0.022452427184620198
0,100,0.1,0.0,-5.472945283824401,-2.526099217940618,0.0034133771398290854
1,100,0.1,0.0,3.1125871098630986,0.5116386461665983,1.455553422792657e-05
2,100,0.1,0.0,25.904604072992296,0.9974323277192757,1.8348257417764914e-05
0,100,0.1,0.1,-6.346707708180086,-3.3119207558179538,0.007357465327194366
1,100,0.1,0.1,-0.48969531927462945,-0.11935935168817347,2.996952333749205e-06
2,100,0.1,0.1,5.415616596657023,0.7126320430681825,6.979679028974892e-06
0,100,0.1,0.2,-4.114967526912585,-1.5792696786280191,9.972349162753415e-05
1,100,0.1,0.2,-1.134363007272878,-0.29848309745549284,1.61920755405007e-09
2,100,0.1,0.2,5.135131408134983,0.6934602074301337,3.0584526084641623e-09
0,50,0.1,0.1,-1.6008683933247656,-0.44572882248425083,0.0004366135604811773
1,50,0.1,0.1,-4.422938918412383,-1.7688146988699072,0.0008033998502670205
2,50,0.1,0.1,-1.2148145594875157,-0.3227612258839019,0.0001065420232389382
0,100,0.1,0.1,-3.928698929366987,-1.4709837704159225,0.010169842781788386
1,100,0.1,0.1,-3.315087771812086,-1.1454024744048326,8.834050946229703e-05
2,100,0.1,0.1,5.508617304718096,0.7187203781525688,7.102292550973123e-09
0,200,0.1,0.1,-5.026550576189028,-2.181669447704642,1.3155996254363745e-05
1,200,0.1,0.1,1.339084905904986,0.2653313474396456,5.4600383135806094e-05
2,200,0.1,0.1,24.36696598928012,0.9963414971214938,2.476809440187323e-05
0,100,0.0,0.1,-4.872414071706601,-2.0707284108718045,4.722943303221621e-10
1,100,0.0,0.1,17.741326369408444,0.9831783976231777,1.493192093587816e-05
2,100,0.0,0.1,152.48634545089303,0.9999999999999994,2.4791450352519784e-06
0,100,0.1,0.1,-0.9970337473267983,-0.2580658531204052,3.837149205255849e-06
1,100,0.1,0.1,-1.136381175334647,-0.29908664325368073,9.16520562242915e-06
2,100,0.1,0.1,-0.3677643944197972,-0.08836969207974654,2.9378367336289726e-06
0,100,0.2,0.1,-3.4117042973960823,-1.1936656244184172,1.7684595259724782
1,100,0.2,0.1,-1.3243763409995903,-0.356555711124632,0.0341798212620652
2,100,0.2,0.1,-1.6971083189204528,-0.47812387505282317,0.031327785839341094
0,100,0.3,0.1,-1.745209834786915,-0.49458625341790463,0.006872105943461531
1,100,0.3,0.1,-2.10006370682928,-0.6218338879298699,0.10019195949753362
2,100,0.3,0.1,-2.0532129677345705,-0.6044319315855362,0.013432238615933371
0,100,0.1,0.0,-2.3983197272557693,-0.7371286087014197,0.004292988045881695
1,100,0.1,0.0,1.3085003813529317,0.2601392951767596,5.690529600402652e-09
2,100,0.1,0.0,-1.6186380613816664,-0.4516563097480968,1.48520137895212e-05
0,100,0.1,0.1,-3.284646857407088,-1.1304173275594458,2.5987673420809093e-06
1,100,0.1,0.1,-4.371449688278668,-1.736181919787843,3.584794761831692e-06
2,100,0.1,0.1,5.975062336495316,0.7473648552135295,9.045678941632597e-06
0,100,0.1,0.2,-1.1786994764325476,-0.311807010904777,1.2219491634629323e-05
1,100,0.1,0.2,-2.4824389159279017,-0.7711032973094223,1.7284920085156955e-09
2,100,0.1,0.2,15.448592317415388,0.971480574796163,4.81548341140282e-06
0,50,0.1,0.1,-4.160541194599416,-1.6064783351779504,0.001085549703640457
1,50,0.1,0.1,-1.7324314546109738,-0.4901951495032084,4.4542054823597e-09
2,50,0.1,0.1,3.072814703983589,0.5071457231384885,5.684012969326326e-06
0,100,0.1,0.1,-5.032944294671566,-2.186356976857179,0.00016002485949059028
1,100,0.1,0.1,-2.2236610394665943,-0.668653270319477,7.997086775186304e-05
2,100,0.1,0.1,-2.3992979673706483,-0.737519937709785,5.96409345310935e-07
0,200,0.1,0.1,-5.301388115336978,-2.389524766374479,2.827647257002612e-08
1,200,0.1,0.1,-4.214391122563178,-1.638998310947792,1.633459984481435e-05
2,200,0.1,0.1,23.235611003329886,0.9952527850171479,4.82673481875681e-06
0,100,0.0,0.1,-4.928753374634391,-2.1108232592556986,1.2184464353094884e-05
1,100,0.0,0.1,32.63301350726717,0.9994546207011247,2.5918660063860582e-05
2,100,0.0,0.1,167.00814102271744,1.0,3.546972502250419e-05
0,100,0.1,0.1,-2.661513830108161,-0.8456586524814529,4.8490707820589905e-09
1,100,0.1,0.1,-7.26545643770539,-4.327772155550421,0.00018051420874431204
2,100,0.1,0.1,0.4023444064829089,0.088481349059227,7.505224592355771e-06
0,100,0.2,0.1,-2.563601613001757,-0.8045136073285937,11.687150081847559
1,100,0.2,0.1,-3.2942670413966813,-1.1351417078670263,1.3934914338481854
2,100,0.2,0.1,0.3206128631862494,0.07116469688663574,0.13627970520191002
0,100,0.3,0.1,-4.7877310573920315,-2.0114323103715295,0.04054392046781089
1,100,0.3,0.1,-2.055463166320406,-0.6052634470826723,0.10565776889031936
2,100,0.3,0.1,-5.126339871739124,-2.255622094393204,0.7325050323382598
0,100,0.1,0.0,-3.9602726953419527,-1.4890135995924538,0.006218043375979018
1,100,0.1,0.0,-2.8484543576359016,-0.9268390343242576,1.5979003487667039e-07
2,100,0.1,0.0,7.219003156506466,0.810285867469277,1.542665974972827e-05
0,100,0.1,0.1,-4.62748840416972,-1.9023436963246465,9.15344721637793e-05
1,100,0.1,0.1,-2.122284050647314,-0.6301531407924947,9.57323184276991e-07
2,100,0.1,0.1,7.2220150767429505,0.8104173924516209,1.6855386836490297e-05
0,100,0.1,0.2,-5.0009436035303425,-2.162964811554341,2.0593865925317174
1,100,0.1,0.2,0.7810912321344206,0.16460691359062218,5.611750178123939e-09
2,100,0.1,0.2,-4.722078673716787,-1.9662507932842188,4.152371127522374e-05
0,50,0.1,0.1,-2.9785958665405006,-0.9854528895000758,2.226220243240618
1,50,0.1,0.1,-2.572128647742322,-0.808060110102514,0.0040273854636619245
2,50,0.1,0.1,-1.1220832372321912,-0.2948167942410771,5.123140164265231e-09
0,100,0.1,0.1,-3.531924863289435,-1.255238548825612,0.07406647893941472
1,100,0.1,0.1,-5.782995683350638,-2.787037174940582,2.3680352713020203e-07
2,100,0.1,0.1,0.29223895638307773,0.06507643944820318,2.423615744233247e-06
0,200,0.1,0.1,-3.4606339753418043,-1.218520251794473,0.07585982725910115
1,200,0.1,0.1,-2.7867538142601624,-0.8996578272935967,5.955253397163025e-05
2,200,0.1,0.1,29.006285911386854,0.9987428954194019,2.840171230574592e-05
0,100,0.0,0.1,-6.866428847653431,-3.860074031771158,0.00021613147940687183
1,100,0.0,0.1,38.38983134586619,0.9998551171883685,2.3080606655231644e-05
2,100,0.0,0.1,23.64690493550234,0.9956817328504792,6.23252510735002e-07
0,100,0.1,0.1,0.905547000790005,0.18820700411939162,0.158812834971243
1,100,0.1,0.1,0.6946998446504307,0.14782259384337715,8.940629441994617e-06
2,100,0.1,0.1,24.964957303487665,0.9968121030834936,1.805387600407607e-06
0,100,0.2,0.1,-3.3701141341514718,-1.1727582789822835,3.383379854509502
1,100,0.2,0.1,-3.561962184917895,-1.2708906307209378,0.24210079908639578
2,100,0.2,0.1,-0.5464573482975698,-0.13408533570044634,0.008419044327940904
0,100,0.3,0.1,-1.947659429047015,-0.5659069184527956,0.00037372095818537416
1,100,0.3,0.1,-2.1707208038696653,-0.6484359617576132,0.04341766238113858
2,100,0.3,0.1,-2.9349993880326233,-0.9656217036032271,0.007373060719945586
0,100,0.1,0.0,-4.318097685879083,-1.7027742247729805,5.812380944536655e-07
1,100,0.1,0.0,-2.010421816991858,-0.5887010467943059,1.977074178956127e-09
2,100,0.1,0.0,2.2387777086983904,0.4027966583822533,2.1100318932164268e-06
0,100,0.1,0.1,-5.4727390397624545,-2.525931769403262,1.2237021104178103e-08
1,100,0.1,0.1,-6.502768833932193,-3.469684649917064,2.0712714491662233e-05
2,100,0.1,0.1,4.353430503360549,0.6330077021903042,2.1699170461859224e-05
0,100,0.1,0.2,-4.55022630194799,-1.8511668320896124,0.00046861481767908884
1,100,0.1,0.2,0.9576884463642926,0.1978951259634586,1.7075739806266925e-05
2,100,0.1,0.2,-0.6948659979513196,-0.17350947316647614,8.885428384686923e-06
0,50,0.1,0.1,-4.888015201837706,-2.081779203906139,0.00011384758321123553
1,50,0.1,0.1,-3.116828229383203,-1.04966470623698,8.366990331487404e-08
2,50,0.1,0.1,-0.9218644167804796,-0.23647813690070474,6.91236007249547e-09
0,100,0.1,0.1,-3.643097218583807,-1.3137142525571712,0.19351672782404164
1,100,0.1,0.1,-3.198101082571942,-1.08838280273913,8.478281674574344e-11
2,100,0.1,0.1,5.229082746186998,0.7000203974508376,7.268238135537847e-06
0,200,0.1,0.1,-4.818349411187789,-2.0327383361716884,4.712318682669117e-07
1,200,0.1,0.1,2.6193529211268167,0.4529025281625958,6.429144554944018e-08
2,200,0.1,0.1,25.319867844062387,0.9970622609539137,5.952876162674952e-06
0,100,0.0,0.1,-5.96731999708391,-2.9512271716929055,8.736861447892975e-07
1,100,0.0,0.1,6.521091820365223,0.7772125010982687,8.881950013138798e-06
2,100,0.0,0.1,108.52774437177769,0.9999999999859646,4.282767444886313e-06
0,100,0.1,0.1,-4.24328629503787,-1.6566150552864154,1.477785068205492e-09
1,100,0.1,0.1,-0.49308641311703394,-0.12023372037195279,9.768199131823e-09
2,100,0.1,0.1,1.2398922049581473,0.24835844992462475,7.204742159049503e-06
0,100,0.2,0.1,-4.290451503270059,-1.6856236352119973,0.2343268072590823
1,100,0.2,0.1,-2.8696083804150048,-0.9362473574048917,0.3484872615976098
2,100,0.2,0.1,-3.0311625554927706,-1.0096306952269445,0.06349880332263858
0,100,0.3,0.1,13.139766044877902,0.9514685356565701,1.3581962690364357e-05
1,100,0.3,0.1,-1.5649217420939858,-0.4338118791799286,0.00013433849195147713
2,100,0.3,0.1,0.044083721626985845,0.010099308029787202,0.0010252849798404319
0,100,0.1,0.0,-2.262792480580328,-0.6837563556461002,0.0004194652865904396
1,100,0.1,0.0,-4.97771208541171,-2.1460904798597995,5.397903757980121e-07
2,100,0.1,0.0,-2.634383309081238,-0.8341647002978212,4.213708215849379e-05
0,100,0.1,0.1,-4.49177777263892,-1.81305210996956,0.0016675691030606445
1,100,0.1,0.1,-1.0733983881848925,-0.2803828218005491,2.465830169708188e-08
2,100,0.1,0.1,16.653632720321625,0.9783908975772947,7.945699925988783e-06
0,100,0.1,0.2,-3.484162752239255,-1.2305721486988959,1.332670994534272e-05
1,100,0.1,0.2,-1.1061705829588966,-0.29008123526302043,1.238628715819218e-05
2,100,0.1,0.2,3.86244189900145,0.589081390257351,1.559666785570328e-05
0,50,0.1,0.1,-2.557843808689756,-0.8021227982725776,4.561474486086674
1,50,0.1,0.1,-4.55363047178525,-1.8534025641663723,1.2127707839417401e-05
2,50,0.1,0.1,4.4091311281201415,0.6376845221356585,6.569872059870051e-06
0,100,0.1,0.1,-4.906172894384637,-2.0946909824311093,0.0005926803834035388
1,100,0.1,0.1,-2.909887846125595,-0.9542889868146216,1.0020820682873587e-05
2,100,0.1,0.1,-0.8893786680733741,-0.2272636377161965,3.073620295325649e-05
0,200,0.1,0.1,-5.9837288832973465,-2.966184275040696,1.1982578772264284e-05
1,200,0.1,0.1,7.3497474886900775,0.8159120967637985,5.626590816312758e-08
2,200,0.1,0.1,14.29720617329445,0.9628225684514321,1.818909173909063e-07
0,100,0.0,0.1,-5.803555990578771,-2.8050082177154994,1.3972279547057446e-06
1,100,0.0,0.1,28.05176793172994,0.9984338865951933,4.021939431903989e-06
2,100,0.0,0.1,194.10076259331822,1.0,6.911467319167632e-05
0,100,0.1,0.1,-3.925112577116521,-1.4689441036483548,0.024588997235954098
1,100,0.1,0.1,-3.884951967409567,-1.446218220941768,4.400029886208223e-09
2,100,0.1,0.1,9.154716676318744,0.8785134127072547,4.108800195294356e-05
0,100,0.2,0.1,-2.652770491712052,-0.8419466584821522,0.34471478119381643
1,100,0.2,0.1,-1.0257948938911436,-0.26642504144552714,1.6186175406066687
2,100,0.2,0.1,-1.3510977114428193,-0.3649280886680053,0.0009374169092405396
0,100,0.3,0.1,-1.7869398437884934,-0.5090164856928325,0.14326784956127087
1,100,0.3,0.1,-0.6782224923955518,-0.16902082893937997,0.017697179947840307
2,100,0.3,0.1,-1.2534677352974621,-0.3345866416512373,0.0019307669097409206
0,100,0.1,0.0,-4.6061942275402625,-1.888147855945033,9.62356467221315e-07
1,100,0.1,0.0,-4.041865700047323,-1.5362179387648798,2.069232557495543e-07
2,100,0.1,0.0,6.709204599911086,0.7866564388937582,5.601113355595272e-06
0,100,0.1,0.1,-4.815511805589624,-2.030757444210622,5.340536547169806e-09
1,100,0.1,0.1,4.83584606417142,0.6715907404783097,2.1661314541403325e-06
2,100,0.1,0.1,13.1943031615001,0.9520741654824255,2.3936545430587057e-05
0,100,0.1,0.2,-3.9840430805845166,-1.5026741513125765,0.0001621151583071058
1,100,0.1,0.2,-4.238082955393908,-1.6534340356335862,9.322312372037452e-06
2,100,0.1,0.2,-1.7507661985254526,-0.49649965085707226,1.1210114676037396e-05
0,50,0.1,0.1,-3.1678752245261386,-1.0738986192159103,0.0026362917005619615
1,50,0.1,0.1,-0.7944194941810362,-0.2007205662868099,1.259110265913778e-05
2,50,0.1,0.1,2.9204576335098458,0.48954879114931216,3.723226998416563e-06
0,100,0.1,0.1,-4.325148711599343,-1.707165901410049,5.244097186734924e-07
1,100,0.1,0.1,1.7768164089668455,0.3357701950752028,6.440836317275446e-07
2,100,0.1,0.1,5.286011202369657,0.7039269485291915,1.1698242762850057e-05
0,200,0.1,0.1,-2.3764015762424457,-0.7283836828864261,4.034747047858252e-08
1,200,0.1,0.1,-2.454700335609904,-0.7598272310478507,6.155160564116296e-06
2,200,0.1,0.1,49.09111260030954,0.9999876721103012,1.691245138928138e-05
0,100,0.0,0.1,-3.4488281141351367,-1.2124976160119267,6.685259569142923e-08
1,100,0.0,0.1,9.233848770842421,0.8807069553680493,3.0382175902465833e-05
2,100,0.0,0.1,148.2564119260582,0.9999999999999986,1.216956283065105e-06
0,100,0.1,0.1,-3.9670287558778594,-1.4928886230632772,0.6740768383070868
1,100,0.1,0.1,2.706652109153049,0.46379014812747765,2.867363911544309e-09
2,100,0.1,0.1,3.067568439702705,0.5065499969088931,9.244499238314776e-06
0,100,0.2,0.1,-3.1762114329132682,-1.0778832551828148,0.7467641778521589
1,100,0.2,0.1,-1.649850049949234,-0.4621266903346295,2.321839383745427
2,100,0.2,0.1,4.116270445310166,0.612409650206986,0.11296760090951144
0,100,0.3,0.1,-1.1530791035292955,-0.3040910379976829,0.16629215525659846
1,100,0.3,0.1,-4.499873130287781,-1.8183005995232997,1.749153265818325
2,100,0.3,0.1,-3.333072654323866,-1.154305377072681,3.7136523984907805
0,100,0.1,0.0,-4.675702273778825,-1.9347440269436054,1.4925018473811955e-08
1,100,0.1,0.0,-3.920338914427214,-1.4662317893506494,5.3827947804883885e-09
2,100,0.1,0.0,11.487868558799857,0.9290073898233506,8.60644961448518e-06
0,100,0.1,0.1,-4.988723638767382,-2.154077525731655,5.465520466873203e-09
1,100,0.1,0.1,0.027594016877530905,0.006333614759196804,1.1992460941012152e-06
2,100,0.1,0.1,7.388455092708376,0.8175455371405022,6.821130699738058e-06
0,100,0.1,0.2,-1.3491610057673364,-0.36431954429164226,0.0026740656354022553
1,100,0.1,0.2,-1.2279227595858118,-0.32675971374436785,1.4239233448083762e-08
2,100,0.1,0.2,31.90640726353777,0.9993552976197336,1.6359021776906613e-05
0,50,0.1,0.1,-3.870951633122923,-1.438345053964119,0.02891348183055627
1,50,0.1,0.1,3.4825240944824505,0.5515153425240799,5.633305687531626e-06
2,50,0.1,0.1,-0.13272639799533514,-0.031033175548893066,9.177922978473642e-06
0,100,0.1,0.1,-4.1095957839559025,-1.5760813791725488,7.390676087244747e-08
1,100,0.1,0.1,-2.4144905493727857,-0.7436088108410248,3.7034543174258636e-06
2,100,0.1,0.1,5.392013483411201,0.7110659988902568,1.021746042153311e-06
0,200,0.1,0.1,-3.5415154478796884,-1.2602243260886863,0.0002921909920552835
1,200,0.1,0.1,-0.16593674147732101,-0.03894767168118296,2.8353004281484185e-05
2,200,0.1,0.1,19.616869712864595,0.9890777269679144,1.3110287332909591e-05
0,100,0.0,0.1,-6.407026770033312,-3.372226750019447,1.6814363225976824e-07
1,100,0.0,0.1,28.115840512232886,0.9984568222646256,2.0290816501319244e-05
2,100,0.0,0.1,174.4114632482195,1.0,1.4287386553229928e-05
0,100,0.1,0.1,-2.1687909472629854,-0.6477036157457972,1.8201926939438236e-08
1,100,0.1,0.1,-2.693466553351435,-0.8592879529252411,6.824528351416247e-05
2,100,0.1,0.1,3.7837162607189434,0.5815646435278123,3.174493279591352e-08
0,100,0.2,0.1,-2.930864791163528,-0.9637512709074627,5.771941729214959
1,100,0.2,0.1,-1.6522215449375408,-0.4629253127305486,1.619876240612132
2,100,0.2,0.1,-1.8529261936890902,-0.5321194269383547,0.001954991982524414
0,100,0.3,0.1,-1.9404719332638596,-0.5633175138879642,0.019018767885287745
1,100,0.3,0.1,-2.8120568393336614,-0.9107579883834385,0.5879449651801109
2,100,0.3,0.1,-3.6266443511550452,-1.3049655303829208,0.007961702277915263
0,100,0.1,0.0,-4.498756129234335,-1.8175758286437511,5.957200108725678e-09
1,100,0.1,0.0,-4.610321168341667,-1.8908936610874836,1.7439770847495073e-06
2,100,0.1,0.0,13.311069367941233,0.9533455511577781,1.2846141339631776e-07
0,100,0.1,0.1,2.654609273281554,0.4573259274838969,6.235217792047375e-05
1,100,0.1,0.1,0.7551653331977105,0.15960498682249558,3.916319072639753e-06
2,100,0.1,0.1,8.315320903511685,0.8526100370619931,3.319219020888596e-05
0,100,0.1,0.2,-5.029314472200063,-2.1836949402425323,4.962039021534527e-08
1,100,0.1,0.2,-2.583571076466815,-0.8128301171027295,1.7914173504513213e-07
2,100,0.1,0.2,3.2363586839661673,0.5253602226519025,3.587922106663174e-05
0,50,0.1,0.1,-4.946167917786076,-2.1233222265040848,4.094913532936876
1,50,0.1,0.1,-4.408880744999256,-1.7598664973184608,1.7183713334265112e-05
2,50,0.1,0.1,5.3275911247918835,0.7067480642804971,1.7622598005426594e-09
0,100,0.1,0.1,-3.8864828417881467,-1.4470806571588737,9.906066713544917e-06
1,100,0.1,0.1,-4.189152668406367,-1.623706594356603,1.700186794001441e-05
2,100,0.1,0.1,3.2396076095514097,0.5257151644526837,6.336505898192896e-06
0,200,0.1,0.1,-4.319902540501397,-1.70389768558758,9.909772432813603e-06
1,200,0.1,0.1,-1.3107326133203026,-0.3523006641634687,1.756574852969508e-06
0,50,0.1,0.1,0.15964479473162163,0.03609214250588244,0.0008412794972209473
1,50,0.1,0.1,-2.3645663545416786,-0.7236799720290674,0.009034232611356698
2,50,0.1,0.1,-0.38225375614684454,-0.09200688261568857,2.2398473899758914e-05
0,100,0.1,0.1,-3.8986264956044385,-1.4539327095537944,0.01232208448570393
1,100,0.1,0.1,-4.752490394483035,-1.987095031301994,5.310650762131259e-09
2,100,0.1,0.1,0.2395097631652976,0.05365602021655136,2.765048884090496e-05
0,200,0.1,0.1,-5.082095657630874,-2.222623470557544,5.550728488246982e-07
1,200,0.1,0.1,-2.2404560988564484,-0.6751187888409724,4.6799479567059035e-06
2,200,0.1,0.1,20.19596290446735,0.9904411926343556,2.5425678812859443e-05
0,100,0.0,0.1,-7.772235036959135,-4.987196386349771,3.359514581761593e-05
1,100,0.0,0.1,4.6818362904949264,0.6597357117800018,7.750192005117382e-06
2,100,0.0,0.1,51.06548573401896,0.9999921755931143,3.615346201144588e-05
0,100,0.1,0.1,-4.523718918208241,-1.833817590721179,1.5946559065346303e-05
1,100,0.1,0.1,-2.193794134286363,-0.6572171286582214,2.4474592766734636e-09
2,100,0.1,0.1,4.245724404893569,0.6237924045400101,6.027056571697594e-05
0,100,0.2,0.1,-2.854645212068601,-0.9295876960584222,1.8547381887468923
1,100,0.2,0.1,-0.2184494718355513,-0.05158636700769237,0.7135602646317908
2,100,0.2,0.1,-2.1975118778549514,-0.658636383660377,0.03095525804004942
0,100,0.3,0.1,-1.4703749079963944,-0.4029348087431863,0.024522756970099476
1,100,0.3,0.1,-1.084875946895942,-0.28377109994797656,0.20688521852804947
2,100,0.3,0.1,-0.8947750298476159,-0.22878953204456298,1.3367765098585043
0,100,0.1,0.0,-4.00753417028269,-1.5162478512337656,8.611185267491813e-05
1,100,0.1,0.0,-0.3747912255732484,-0.09013208619961177,1.949970536663242e-08
2,100,0.1,0.0,2.3561373644544603,0.4187188181023255,9.463121846409031e-06
0,100,0.1,0.1,-5.414404845217307,-2.478888298873264,1.469593443504858e-08
1,100,0.1,0.1,-1.6401663024241722,-0.45887012306040287,8.086023128089426e-10
2,100,0.1,0.1,14.333649134072095,0.9631332302492013,5.49712073488941e-09
0,100,0.1,0.2,-2.639606464085304,-0.8363719329788355,1.1208296345991024e-08
1,100,0.1,0.2,-4.177405178380107,-1.6166191640977137,1.739364552593051e-07
2,100,0.1,0.2,1.1557530613411164,0.23365435476031982,1.4116379093947313e-05
0,50,0.1,0.1,-3.3506712233077804,-1.1630528082571452,4.021621039083847e-05
1,50,0.1,0.1,2.7547478816461797,0.46969562282447974,2.476389667360183e-05
2,50,0.1,0.1,-1.566447939281003,-0.4343158377369578,2.4602604937634276e-05
0,100,0.1,0.1,-2.1808119964715083,-0.6522706929108302,6.797040288981127e-08
1,100,0.1,0.1,-0.8946972240016791,-0.22876751791438488,3.5253957115646673e-06
2,100,0.1,0.1,-6.465541619662036,-3.4315347783726393,9.921287577411707e-06
0,200,0.1,0.1,-3.5212927747339187,-1.2497241869329603,1.191010785111713e-08
1,200,0.1,0.1,-2.2070681772184746,-0.6622900974577264,9.290259990857682e-10
2,200,0.1,0.1,6.140033968188789,0.7567815014249137,3.6432856923951915e-05
0,100,0.0,0.1,-5.484372690579305,-2.5353895106800097,1.1747397000879742e-07
1,100,0.0,0.1,19.21408364285015,0.9880162804816321,3.4106120285967786e-05
2,100,0.0,0.1,220.28492842878427,1.0,6.381092491018544e-06
0,100,0.1,0.1,-1.4229344089598168,-0.38769313845533815,3.673022406142712e-09
1,100,0.1,0.1,-1.9073761785051944,-0.5514494073865752,3.935398181713061e-05
2,100,0.1,0.1,6.297863467246349,0.7654617646230929,9.575794537286929e-08
0,100,0.2,0.1,-2.2012663227633573,-0.660070882985484,5.80078139399523
1,100,0.2,0.1,-3.670142155991403,-1.3281674634541965,0.055009983517231735
2,100,0.2,0.1,-1.2553775002229033,-0.3351736413344104,2.5749856864293363
0,100,0.3,0.1,-2.247413523036036,-0.6778044900732014,0.003083305553167339
1,100,0.3,0.1,0.6394178183767243,0.13690576024318168,0.027542996704542865
2,100,0.3,0.1,0.26673504306282353,0.059569954753172394,0.08994222866059884
0,100,0.1,0.0,-4.378948828785603,-1.7409106785529724,0.010206958554013799
1,100,0.1,0.0,-0.5700802002385931,-0.1402708445059866,5.6499341711814334e-09
2,100,0.1,0.0,17.57969259226396,0.9825405426774513,9.871253845543914e-09
0,100,0.1,0.1,-3.8149188203462803,-1.4070875246129435,9.096537320761955e-08
1,100,0.1,0.1,-3.078568824829389,-1.031687377817316,0.0009374974371684272
2,100,0.1,0.1,0.43300583239066653,0.09489405649218474,3.4565519023442936e-05
0,100,0.1,0.2,-4.6738445857980215,-1.9334889631352614,0.0025858701954192863
1,100,0.1,0.2,-3.7551585903982883,-1.3741921190239568,7.875805757954343e-06
2,100,0.1,0.2,22.45045964472439,0.9943120727171995,5.672761046337532e-06
0,50,0.1,0.1,-2.007119125185871,-0.5874933419864379,0.010384345140993727
1,50,0.1,0.1,-3.414794104970691,-1.1952268729808182,1.5106729155717768e-05
2,50,0.1,0.1,3.7411748779154124,0.5774457129657643,2.1092844300415986e-06
0,100,0.1,0.1,-3.6987665190208787,-1.3435631031859172,0.01998294274859044
1,100,0.1,0.1,-2.319107513934525,-0.7057318208107546,3.481655409162611e-08
2,100,0.1,0.1,-0.7963216798152468,-0.2012465903944869,2.0129319197456474e-06
0,200,0.1,0.1,-2.135270956068254,-0.6350351576936819,8.652879034295919e-05
1,200,0.1,0.1,9.14587270685654,0.8782657654463217,2.8570438894273597e-06
2,200,0.1,0.1,9.281971099095681,0.8820214945883934,7.48901951463763e-06
0,100,0.0,0.1,-3.3702191423634202,-1.1728108148144698,6.765260103468175e-09
1,100,0.0,0.1,10.00299905438496,0.9000690319411832,6.913689167429638e-06
2,100,0.0,0.1,189.29503932780415,1.0,5.00051997612732e-07
0,100,0.1,0.1,-4.060283022919889,-1.5469962309366365,0.00029815376782648577
1,100,0.1,0.1,2.87438755182594,0.48410508783264883,4.729913051814699e-10
2,100,0.1,0.1,2.4195258386779726,0.42714142791322707,1.853729308266221e-05
0,100,0.2,0.1,-3.5858256578507386,-1.2834029919961885,3.47108637372028
1,100,0.2,0.1,-2.990178881383442,-0.9907553344417404,0.8259684689250918
2,100,0.2,0.1,-4.146472795502812,-1.5980486518885209,0.0834031191056719
0,100,0.3,0.1,-2.353873489470799,-0.7194412798622885,0.03732269932841841
1,100,0.3,0.1,-3.874973123887309,-1.4406039644307493,3.1220805731617176
2,100,0.3,0.1,-1.1377204808145345,-0.29948732579445414,0.008328290055500159
0,100,0.1,0.0,-1.0181267921289727,-0.2641909564225813,2.596402302653128e-07
1,100,0.1,0.0,4.7361713263075504,0.6639662741095451,4.583317286182754e-05
2,100,0.1,0.0,3.646479013369795,0.5681309327772333,1.2502605821802836e-05
0,100,0.1,0.1,-4.082884199981679,-1.5602856377924663,1.1082062393344487e-06
1,100,0.1,0.1,-4.418438103213779,-1.7659467213650935,7.486887289161932e-08
2,100,0.1,0.1,2.1947077672542923,0.3967056983228061,3.612842516046056e-05
0,100,0.1,0.2,-2.03813606995413,-0.5988716683949602,5.683942468368969e-09
1,100,0.1,0.2,-2.732736225357033,-0.8761762002715436,2.7449296410214976e-07
2,100,0.1,0.2,4.528545211486142,0.6475110728951674,3.778329810565955e-09
0,50,0.1,0.1,-5.638560184013027,-2.6631610977737696,3.7032595509774635e-06
1,50,0.1,0.1,-0.1607601406506841,-0.0377100291199961,6.186952551780823e-10
2,50,0.1,0.1,-0.9842287693629024,-0.2543619654489544,2.2821693648084148e-06
0,100,0.1,0.1,-3.9007766877244214,-1.4551479525260387,1.0553711895538022e-07
1,100,0.1,0.1,0.5024900180801535,0.109259912215102,2.7786345899030997e-07
2,100,0.1,0.1,9.610076951488558,0.8906063017079185,2.3125228756781228e-05
0,200,0.1,0.1,-5.191492861550977,-2.3048312312967916,7.14910845307662e-08
1,200,0.1,0.1,3.6282399677086214,0.5663134003441763,4.4065009132521595e-06
2,200,0.1,0.1,18.03304416540174,0.9842712002435563,2.88548845342344e-06
0,100,0.0,0.1,-2.640572186108137,-0.836780324538192,6.808549561146769e-06
1,100,0.0,0.1,14.844171241871976,0.9672219679299245,2.59681333772104e-06
2,100,0.0,0.1,8.46749776167346,0.8576851485427106,5.9767830924478006e-05
0,100,0.1,0.1,-3.895343634076047,-1.4520784660335084,3.2981386683423477e-06
1,100,0.1,0.1,-5.584790186015317,-2.6180871080481802,0.00016425891730159934
2,100,0.1,0.1,-0.9090187157128178,-0.2328262458289201,1.1331965432475209e-06
0,100,0.2,0.1,-1.420278540300588,-0.3868447730764899,0.016976534543467044
1,100,0.2,0.1,4.99197807544914,0.6831875847025544,0.06288216315271276
2,100,0.2,0.1,0.5582939936970304,0.12063211554483066,0.13244047128112196
0,100,0.3,0.1,-3.0348036283853483,-1.011316251995972,1.0469542404151397
1,100,0.3,0.1,2.864991403016568,0.4829877185917658,0.024164559164934356
2,100,0.3,0.1,0.4279298398048772,0.09383555881606576,0.0028693449659391067
0,100,0.1,0.0,-4.47020197101362,-1.7991114908115446,0.00013234706267108867
1,100,0.1,0.0,-3.2112274190513217,-1.0947043852643783,1.2614764864523668e-06
2,100,0.1,0.0,-2.0177515743372254,-0.5913846234616105,1.340749297628205e-05
0,100,0.1,0.1,-3.6915539069268286,-1.3396742250356568,0.00020849922269934089
1,100,0.1,0.1,-2.242438026627074,-0.6758834133625191,7.615581989491758e-05
2,100,0.1,0.1,2.834911360497748,0.47939436574607,7.580696375331169e-07
0,100,0.1,0.2,-3.9864415466962195,-1.504056677964377,0.0015802892470763378
1,100,0.1,0.2,-3.157496069860094,-1.0689481502710012,4.903450388937803e-05
2,100,0.1,0.2,4.459241537591389,0.6418410186064336,3.1824895278026987e-06
0,50,0.1,0.1,-0.2973253764829589,-0.07085960806419167,0.0006440868064256532
1,50,0.1,0.1,-1.0524633112571187,-0.27422561478921925,0.00029953018416821133
2,50,0.1,0.1,-1.598441687268425,-0.44492121864959877,2.936940839979285e-05
0,100,0.1,0.1,-4.634715471091487,-1.907177488883554,2.1159029016116495
1,100,0.1,0.1,-3.8807718719885087,-1.4438648624282377,1.3090041664855726e-08
2,100,0.1,0.1,4.632833294101023,0.6558746464502622,1.596376533853226e-06
0,200,0.1,0.1,-5.479029516998106,-2.5310425560279426,5.713269694789232e-08
1,200,0.1,0.1,-2.123521320320738,-0.6306176243307966,7.842937308727454e-05
2,200,0.1,0.1,37.24733917857116,0.9998115196488851,1.0163364952579815e-05
0,100,0.0,0.1,-3.937148510575498,-1.4757959664792244,2.9890329901036847e-05
1,100,0.0,0.1,17.983029254244506,0.9840890146971988,5.346620201848137e-06
2,100,0.0,0.1,143.99300723592776,0.999999999999996,3.024039607285603e-05
0,100,0.1,0.1,-3.8374981835393847,-1.419634779411783,1.0998238429607547e-06
1,100,0.1,0.1,1.7539431908857446,0.33226263206593154,2.036205172368925e-05
2,100,0.1,0.1,2.164207217823158,0.39245384284090423,2.0277044909081958e-07
0,100,0.2,0.1,-3.689179770041062,-1.3383955560440328,6.774039027113733
1,100,0.2,0.1,-2.0113893207402884,-0.5890550106382597,0.03385434365118327
2,100,0.2,0.1,-0.4508482948569836,-0.10939148833305423,7.390678823088538e-05
0,100,0.3,0.1,-2.2274265772980426,-0.670100698748421,0.0026743861061060085
1,100,0.3,0.1,-0.8519267993881228,-0.216725695817104,0.02520825922235492
2,100,0.3,0.1,9.292690572924121,0.8823123359596776,0.025862642950581702
0,100,0.1,0.0,-2.180490468746898,-0.6521483724132164,1.041849055269555
1,100,0.1,0.0,1.102060794245034,0.22412113721279303,7.820182977106475e-06
2,100,0.1,0.0,0.6117730876384566,0.13139426748836003,6.003410640319403e-05
0,100,0.1,0.1,-3.590876778623971,-1.2860602797599556,0.010127596791191665
1,100,0.1,0.1,-4.332908548935627,-1.7120073043219208,1.1470964412563874e-05
2,100,0.1,0.1,12.02983472859483,0.9373362288990956,1.2152372877808853e-05
0,100,0.1,0.2,-4.740857654474153,-1.9791046916114272,1.6710780863534018
1,100,0.1,0.2,-3.9391300629186965,-1.4769258538905379,8.552771955840992e-05
2,100,0.1,0.2,0.9631230138363343,0.19889821649052974,5.327592149415722e-07
0,50,0.1,0.1,-2.6927546017659862,-0.8589831794210658,0.00013322485766438676
1,50,0.1,0.1,-3.4542586947619447,-1.215265936222718,3.5527074639940096e-06
2,50,0.1,0.1,8.314391569080913,0.8525784941275416,4.7075049674661165e-06
0,100,0.1,0.1,-4.256094616038608,-1.664461575446814,0.0008685641537977853
1,100,0.1,0.1,-4.341137502224848,-1.7171508506196496,1.6910007452523298e-05
2,100,0.1,0.1,-0.9005345918952188,-0.2304202192470144,1.7599480932793093e-06
0,200,0.1,0.1,-6.86720156646362,-3.860938837771646,0.00029360468852482384
1,200,0.1,0.1,0.13427661360994037,0.030445249416442444,2.8842078883885537e-08
2,200,0.1,0.1,23.763588208489786,0.9957962083893193,1.1737211412126632e-05
0,100,0.0,0.1,-6.303067903894638,-3.2688096571660017,1.633412442843809e-06
1,100,0.0,0.1,14.964038841025761,0.9681142882365313,8.002709679646899e-06
2,100,0.0,0.1,5.681264943869005,0.7296829087178752,2.6376663478801775e-05
0,100,0.1,0.1,-4.765329019902901,-1.9959385550341242,8.107000871191126e-08
1,100,0.1,0.1,-3.484838337225641,-1.2309191616895863,6.201700207381384e-05
2,100,0.1,0.1,19.16294569744928,0.9878743387805198,8.120998956038012e-09
0,100,0.2,0.1,-0.5799419866832415,-0.14286306825455575,1.4096340248787074
1,100,0.2,0.1,-0.42396456106365077,-0.10254533516696296,0.005015285828104108
2,100,0.2,0.1,-4.020083480431741,-1.5235292794954787,0.07985561729165291
0,100,0.3,0.1,-2.811779632338231,-0.9106360299890803,0.3659287212615308
1,100,0.3,0.1,-1.7740806535398885,-0.5045549898375681,0.0052736459594552865
2,100,0.3,0.1,1.9451945906411279,0.36102989308419087,0.07488054488819273
0,100,0.1,0.0,-4.824610265646095,-2.0371135302071703,4.889856472657609e-09
1,100,0.1,0.0,-3.4970212991621357,-1.2371861906304096,1.0372536305182083e-09
2,100,0.1,0.0,2.53863580267869,0.44263920148013347,6.676459550986271e-06
0,100,0.1,0.1,-6.227180462042723,-3.194865554120928,1.3573064414422834e-07
1,100,0.1,0.1,0.8639896193723164,0.18040172049385694,3.734473906881777e-08
2,100,0.1,0.1,10.182254178653167,0.9041097210237261,2.8547279238376314e-05
0,100,0.1,0.2,-2.3416474282632582,-0.7146075937644569,0.007043322987889494
1,100,0.1,0.2,-1.4942960096750086,-0.410683546455042,6.1306100798912304e-09
2,100,0.1,0.2,2.357843102018369,0.41894707761293626,3.589535638938377e-05
0,50,0.1,0.1,-2.056794906589462,-0.6057557678163996,0.000972126327920064
1,50,0.1,0.1,-0.20999708245684195,-0.049541723581355335,0.0005986842694887571
2,50,0.1,0.1,-0.6734279944597994,-0.16773097251506264,9.152467628880787e-10
0,100,0.1,0.1,-2.6493856901648556,-0.8405116425605486,0.00019123474140777201
1,100,0.1,0.1,-0.3774107824825123,-0.09078982525992418,3.1468875684425035e-09
2,100,0.1,0.1,-3.2299891150586606,-1.1037731669672195,1.8183068620620232e-05
0,200,0.1,0.1,-3.293680388474381,-1.134853308502639,1.0103750731125743e-08
1,200,0.1,0.1,-2.3681504377011824,-0.7251030530230009,1.7852628662855253e-08
2,200,0.1,0.1,68.0723839744873,0.9999998441303348,1.8026254572003858e-05
0,100,0.0,0.1,-3.8901376837703294,-1.449140885383879,3.395654505357493e-08
1,100,0.0,0.1,20.94701631974155,0.9919592165141801,4.286868975949187e-06
2,100,0.0,0.1,38.331068290398406,0.9998531435008745,7.338513463549998e-05
0,100,0.1,0.1,-1.6318015401211818,-0.45606295927624596,2.0581524786715598e-07
1,100,0.1,0.1,-3.8595492030915435,-1.4319515598277262,2.7842643577199175e-08
2,100,0.1,0.1,2.257970554478776,0.4054300654850217,6.146534925562996e-06
0,100,0.2,0.1,-4.1605864098906515,-1.6065054719009417,0.04906159400747561
1,100,0.2,0.1,-3.8097111454552914,-1.404202888229333,3.3506616129423445
2,100,0.2,0.1,-0.3669778004290017,-0.08817258445553122,0.023602813025604824
0,100,0.3,0.1,-2.4428420239988795,-0.755028617231889,0.08854874929897283
1,100,0.3,0.1,-2.256674663880315,-0.6813861526515159,0.015672317646944385
2,100,0.3,0.1,-1.1157725408893868,-0.2929366732459491,0.0037097478978587633
0,100,0.1,0.0,-4.693662887289426,-1.94690603883612,0.0475121604451196
1,100,0.1,0.0,-1.9743171981016303,-0.5755482940751095,2.136202134109201e-07
2,100,0.1,0.0,3.2569208467853366,0.5276021467829168,1.1475728347332751e-08
0,100,0.1,0.1,-1.8290795242547886,-0.5237297690489975,0.0016284905434011715
1,100,0.1,0.1,-5.182866472448058,-2.2982733617919924,1.3764777185218922e-08
2,100,0.1,0.1,11.443056224271825,0.9282710658415152,1.0354373996285846e-05
0,100,0.1,0.2,-1.8694285147563576,-0.5379522488652269,1.7307961610740794e-08
1,100,0.1,0.2,-4.766741689990165,-1.9969132303676558,0.0005156524268234568
2,100,0.1,0.2,1.4199617248745622,0.2788861655438942,1.2484346629408581e-09
0,50,0.1,0.1,-4.5525091932069,-1.8526659565614003,2.5531360464179728e-05
1,50,0.1,0.1,-3.3998863527697427,-1.187704374823379,3.310635705863836e-07
2,50,0.1,0.1,-3.510624241267849,-1.2442044755139108,1.2816192686042078e-06
0,100,0.1,0.1,-4.524991064811337,-1.834647801470148,0.0003297082581715453
1,100,0.1,0.1,-2.073092884187094,-0.6117930857858669,7.004877688497727e-08
2,100,0.1,0.1,5.291777681404949,0.7043198077888204,8.60131667968542e-07
0,200,0.1,0.1,-4.350209454967933,-1.7228326238305174,2.4040075064894595e-08
1,200,0.1,0.1,2.5163433542954468,0.43977089880891806,5.186223561903723e-06
2,200,0.1,0.1,10.77908166456707,0.9164220271027885,2.515551165859555e-05
0,100,0.0,0.1,4.457099530682226,0.6416643255403165,8.660616760176649e-06
1,100,0.0,0.1,27.33753032681074,0.9981539350899494,2.5800356008889283e-06
2,100,0.0,0.1,157.1422683735396,0.9999999999999998,1.424922504006631e-07
0,100,0.1,0.1,-6.280653634573553,-3.2468347609031607,8.763671589838014e-08
1,100,0.1,0.1,-3.1058985529113707,-1.0445129008479488,4.5900378780074856e-05
2,100,0.1,0.1,-2.260567086070254,-0.6828937929258458,8.27033905638066e-06
0,100,0.2,0.1,-2.559783615585105,-0.8029279089054548,3.1316377833346207
1,100,0.2,0.1,-0.8939916117052757,-0.22856789229740504,1.6224364816692796
2,100,0.2,0.1,-1.8986981910705747,-0.5483524267045048,0.007933968590099422
0,100,0.3,0.1,0.27329448625170794,0.06098927771393159,0.001831266410086372
1,100,0.3,0.1,-1.6463593773667828,-0.4609519678359233,0.00010888876338793154
2,100,0.3,0.1,1.4743700435396008,0.28786391013312906,3.059696250983669
0,100,0.1,0.0,-5.046184952562993,-2.19608628332808,2.5798246158327467e-08
1,100,0.1,0.0,-0.38843178718019256,-0.09356141612471891,1.8216360570827573e-05
2,100,0.1,0.0,0.09435568649908316,0.021491885824771018,5.04377501352259e-07
0,100,0.1,0.1,-4.457286417170417,-1.7907995335323306,0.0014043037518700844
1,100,0.1,0.1,-4.5363298637748315,-1.8420583253964282,3.963092224781412e-09
2,100,0.1,0.1,5.460772188452356,0.7156044601202525,4.029123149019599e-06
0,100,0.1,0.2,-1.1578145107140312,-0.3055137523728646,0.02130845084322163
1,100,0.1,0.2,-2.428928815103022,-0.7494151431455003,7.851987954180302e-05
2,100,0.1,0.2,6.873263641217632,0.7945653786709245,8.772474520401645e-06
0,50,0.1,0.1,0.694050749310964,0.14769521812384834,0.003965282895092868
1,50,0.1,0.1,0.414948170497375,0.09112285429203382,6.033464137207451e-06
2,50,0.1,0.1,0.9027671385896253,0.1876872196999937,7.96352917975701e-06
0,100,0.1,0.1,-4.230208464791579,-1.6486272717625856,1.2647865237736376e-06
1,100,0.1,0.1,-3.7547871922366016,-1.3739890925239977,5.957726901515395e-09
2,100,0.1,0.1,11.009453502053203,0.920739893820382,2.893203620050402e-06
0,200,0.1,0.1,-3.7729814212621675,-1.3839554874905957,9.153290957724429e-08
1,200,0.1,0.1,-0.5846205039676224,-0.14409490193000662,7.138491617813919e-07
2,200,0.1,0.1,18.19576216127848,0.9848496110005114,7.580397882644128e-06
0,100,0.0,0.1,-3.8088594489595784,-1.4037314453511667,7.64952443038769e-05
1,100,0.0,0.1,22.091908424073395,0.9938225511569295,1.147991606359302e-05
2,100,0.0,0.1,147.58292238650625,0.9999999999999982,1.0439536924066195e-06
0,100,0.1,0.1,-4.6868395705193455,-1.9422797111600194,0.0001585503608112619
1,100,0.1,0.1,-1.6646090512682246,-0.4671040133277491,3.05299854216802e-05
2,100,0.1,0.1,18.09084456976026,0.984479148524195,3.534189191696659e-05
0,100,0.2,0.1,-2.830697603978547,-0.9189769597491249,1.2994391196420838
1,100,0.2,0.1,-3.4278433736759872,-1.20183280195684,2.1497688145354408
2,100,0.2,0.1,-2.6848260661500296,-0.8555924919318181,0.045723849906766964
0,100,0.3,0.1,-2.342735559532311,-0.7150372450640772,0.002513165903131339
1,100,0.3,0.1,-2.434039206855513,-0.751474911153267,0.002279846305885387
2,100,0.3,0.1,-0.7737060282351063,-0.19500742254316794,0.10047896671842341
0,100,0.1,0.0,-4.166039346492488,-1.6097802166427142,4.854237018020425e-05
1,100,0.1,0.0,-4.830437715432716,-2.0411915249386277,5.99193939217098e-05
2,100,0.1,0.0,3.711027509900581,0.5745022685174521,2.080883546295496e-05
0,100,0.1,0.1,-2.5614049278759903,-0.8036011053187113,1.3242435976427047e-07
1,100,0.1,0.1,-2.7205581235353926,-0.8709225622141994,4.015893520709476e-07
2,100,0.1,0.1,7.53975657899327,0.8237925192489376,8.70428057121217e-06
0,100,0.1,0.2,-3.9359221968142224,-1.4750969766970066,0.0027970881039551814
1,100,0.1,0.2,-3.867626269918543,-1.436478744401092,2.054790521053481e-09
2,100,0.1,0.2,3.539677739082745,0.5573787848929481,1.1159369225368273e-05
0,50,0.1,0.1,-4.12656589481707,-1.5861671414689367,0.0011001741204123344
1,50,0.1,0.1,-4.340182789328566,-1.7165536029096686,7.064317780569937e-08
2,50,0.1,0.1,2.0261610188767047,0.372831990060281,3.038151945327601e-05
0,100,0.1,0.1,-4.334781664943391,-1.713177247792947,0.024085432315177444
1,100,0.1,0.1,-1.8546486362593575,-0.5327271968326197,1.1477544596193287e-07
2,100,0.1,0.1,9.747506301957324,0.8940137881773075,9.727608849117372e-06
0,200,0.1,0.1,-5.351969848197965,-2.429232924726701,9.83615578484111e-05
1,200,0.1,0.1,11.106191777446892,0.9224858797673451,1.2226231874692755e-05
2,200,0.1,0.1,17.205273333667378,0.9809685154541389,9.31875963528761e-06
0,100,0.0,0.1,-6.452178623409749,-3.417920152271983,1.124539020559681e-05
1,100,0.0,0.1,16.34918638570707,0.9768217116490777,1.3780911911986871e-05
2,100,0.0,0.1,186.1392259050133,1.0,2.063735009102763e-05
0,100,0.1,0.1,-2.1892452445504613,-0.6554822340901836,0.002684983160562748
1,100,0.1,0.1,-4.048560869771956,-1.5401308378835892,0.00010610957713990803
2,100,0.1,0.1,5.793820288648912,0.7365986653856917,8.012505721681743e-06
0,100,0.2,0.1,-0.9333784304810112,-0.23976063663903213,0.11993215275014331
1,100,0.2,0.1,-3.646383857492226,-1.3154658800179897,10.659792407214809
2,100,0.2,0.1,0.4496741096466789,0.09836120683477834,0.062753052537801
0,100,0.3,0.1,-3.3473110889381252,-1.161379902560491,6.460703280464242
1,100,0.3,0.1,-2.24351658299899,-0.6762996653011686,0.026203272170336824
2,100,0.3,0.1,-1.6116572870779489,-0.4493248168339947,0.006616440765054293
0,100,0.1,0.0,-4.069327453673736,-1.5523060231839856,0.0006634472785098991
1,100,0.1,0.0,-3.721472207601172,-1.355847753442514,5.810695256973434e-10
2,100,0.1,0.0,-2.859043494732469,-0.9315428604509921,8.862657316125277e-06
0,100,0.1,0.1,-3.3901088677342655,-1.1827846285958845,0.0060800330061351856
1,100,0.1,0.1,-2.4529862231650417,-0.7591327836938913,8.705378206721824e-09
2,100,0.1,0.1,2.4350236100214415,0.4291820270361576,3.8451465053999786e-06
0,100,0.1,0.2,-3.581412639093082,-1.2810839244639531,0.007845720791063698
1,100,0.1,0.2,-0.41323142564643806,-0.09982387358849931,4.01220756719752e-06
2,100,0.1,0.2,3.6819170025719856,0.5716406018140618,1.0392999815034217e-05
0,50,0.1,0.1,-2.6469660807792383,-0.839486513504323,0.26030382931547685
1,50,0.1,0.1,1.3202405138582267,0.26213663414307564,2.861347720142305e-05
2,50,0.1,0.1,1.406423689411505,0.2766347677239167,1.5754584794033283e-06
0,100,0.1,0.1,-4.257892477010342,-1.6655648183723186,3.466630400368293e-09
1,100,0.1,0.1,-2.7011935665999154,-0.862598962288122,2.3272662465570563e-09
2,100,0.1,0.1,9.102631521830268,0.8770476460503487,2.711464163182635e-05
0,200,0.1,0.1,-4.272711479421113,-1.6746757977974895,6.306655435509062e-07
1,200,0.1,0.1,-3.7015936180489053,-1.3450891741331916,0.00013070316955706275
2,200,0.1,0.1,19.501901507138083,0.988784727007063,1.1974956616785958e-06
0,100,0.0,0.1,-2.0698069244822053,-0.6105740318444781,2.3435415758996033e-08
1,100,0.0,0.1,7.943069151635234,0.8394193968430471,1.0366920801252113e-05
2,100,0.0,0.1,173.946926553122,1.0,0.00011714576480287722
0,100,0.1,0.1,-4.262316158830345,-1.668281320324057,5.927219271087196e-05
1,100,0.1,0.1,18.505410886318934,0.9858922124373479,1.5780910873285847e-07
2,100,0.1,0.1,13.985166881200914,0.9600530788917259,2.3632538152819816e-05
0,100,0.2,0.1,-5.187293878451593,-2.3016374941530207,14.489104651478801
1,100,0.2,0.1,-2.874347578220683,-0.9383614224425889,0.3586957830261629
2,100,0.2,0.1,-0.9685088475128162,-0.2498298267813408,0.34513936313076066
0,100,0.3,0.1,-2.6748800790893346,-0.8513477725849521,3.7381733896831513
1,100,0.3,0.1,-2.393715162064081,-0.7352878109310867,0.1778278108587491
2,100,0.3,0.1,-1.1143648482155168,-0.2925176574352817,0.008060630671608175
0,100,0.1,0.0,0.05623893787884711,0.01286601004997101,3.9504981528998485e-09
1,100,0.1,0.0,-4.306541556765979,-1.6955919806206539,5.2330059203164905e-06
2,100,0.1,0.0,-1.5438180791780034,-0.4268614607884893,0.00016871719584580017
0,100,0.1,0.1,2.1021245288458723,0.3837065570025784,0.002084931943644009
1,100,0.1,0.1,-2.291348110800181,-0.6948638282318518,4.852266781839155e-10
2,100,0.1,0.1,2.138297901339306,0.38881848611878767,1.1890189655050013e-05
0,100,0.1,0.2,-6.329640632040949,-3.2950088515680553,6.363252498532498e-07
1,100,0.1,0.2,-3.4895857687379372,-1.2333591942618818,7.68675690737474e-06
2,100,0.1,0.2,-2.133811883497554,-0.6344859372104832,1.893589709265196e-05
0,50,0.1,0.1,-5.328119888925588,-2.4104523722903886,1.1483957161366207e-05
1,50,0.1,0.1,1.547608536467199,0.2997725265009341,1.1644684554767019e-05
2,50,0.1,0.1,-3.6337374706264898,-1.3087331938399966,2.8199556987430088e-05
0,100,0.1,0.1,-4.211830901767966,-1.6374430465983711,1.1649748936020514
1,100,0.1,0.1,-4.182832973484766,-1.6198914487057796,4.5024056825981193e-07
2,100,0.1,0.1,-2.2146689221212177,-0.6652018787807232,5.808022496948912e-05
0,200,0.1,0.1,-3.6809779194999015,-1.3339835561963378,1.7526999807021637e-08
1,200,0.1,0.1,-2.1345203442518175,-0.6347525912073775,9.98380654712949e-08
2,200,0.1,0.1,11.063751642709487,0.9217246828869387,3.48069915177871e-08
0,100,0.0,0.1,-5.737155167489619,-2.747274577757372,1.237274929803523e-07
1,100,0.0,0.1,34.73343983347697,0.9996637548593991,6.6996322941860845e-06
2,100,0.0,0.1,47.171065303940395,0.9999808180184203,9.350220452132331e-05
0,100,0.1,0.1,-2.3444468104075615,-0.7157131544749324,0.0020803366019935205
1,100,0.1,0.1,-4.715814239479293,-1.9619752409522282,5.7552149855572837e-05
2,100,0.1,0.1,-3.8398298617631443,-1.420934202900436,1.0729016393162564e-05
0,100,0.2,0.1,-5.05769784239031,-2.2045701591728117,0.12612029687083987
1,100,0.2,0.1,-4.3878955355956135,-1.7465629262965559,11.498854816330596
2,100,0.2,0.1,3.497714325101074,0.553081258145043,0.016732791586146767
0,100,0.3,0.1,-1.8405565549308178,-0.5277618306770939,0.8711904819990497
1,100,0.3,0.1,-1.4499233805846972,-0.39634372616231794,0.09721978924131999
2,100,0.3,0.1,-3.107965755570656,-1.0454863022405263,0.03758288409137343
0,100,0.1,0.0,-3.083988151364627,-1.0342241933337957,0.040058838902874504
1,100,0.1,0.0,1.4713813816103363,0.2873736744522045,5.982174993680642e-08
2,100,0.1,0.0,7.728703939398178,0.8312943583199014,1.7301432859903638e-06
0,100,0.1,0.1,-3.891522548719439,-1.449921984462632,0.010523544731153401
1,100,0.1,0.1,-2.2874408684491945,-0.6933396859823895,1.1228569870825609e-08
2,100,0.1,0.1,6.43765715651535,0.7728910317277795,2.7725474812770534e-06
0,100,0.1,0.2,0.27866349597140816,0.062149422005446264,5.592741402370062e-06
1,100,0.1,0.2,-2.3605254959900988,-0.7220769335569839,2.210165130422503e-08
2,100,0.1,0.2,-1.4027223696628952,-0.38124982805590646,6.460510088179499e-08
0,50,0.1,0.1,-4.843321276652578,-2.0502267655619337,0.008688913048909156
1,50,0.1,0.1,-3.0442665830860713,-1.0157035390065277,1.8548119106007084e-06
2,50,0.1,0.1,-1.366843352863532,-0.3698857098269963,3.17366850939644e-06
0,100,0.1,0.1,-3.040868326028114,-1.0141269130478778,2.3914875836709865e-08
1,100,0.1,0.1,2.6743680247926753,0.45978928074995795,1.4461032924598644e-07
2,100,0.1,0.1,2.4765465910043423,0.43461362175380336,3.9319005279144086e-05
0,200,0.1,0.1,-3.624799200280574,-1.3039864468350517,1.2226348588220237
1,200,0.1,0.1,0.7611397500941299,0.16076029006777914,3.980613901128504e-06
2,200,0.1,0.1,25.919080332761947,0.9974408722464868,6.38991136135801e-08
0,100,0.0,0.1,0.7745892223191331,0.16335527389787619,5.567941961958597e-06
1,100,0.0,0.1,8.882930868680823,0.8706677261616581,8.854645784643165e-06
2,100,0.0,0.1,150.7109363093039,0.9999999999999991,1.7872557834146557e-07
0,100,0.1,0.1,-3.7568844450929624,-1.3751357932021402,0.0008280739541450221
1,100,0.1,0.1,-1.4621270709351304,-0.4002729750032279,1.0926784105580739e-05
2,100,0.1,0.1,16.82290312005299,0.9792169305922811,1.801853371265275e-08
0,100,0.2,0.1,-1.7179289962666109,-0.48522721868074803,0.7743423246311134
1,100,0.2,0.1,-1.0048480134972078,-0.26033153032652057,0.681538678304008
2,100,0.2,0.1,-3.4687864189716717,-1.222688701604195,0.0002875312096364299
0,100,0.3,0.1,-1.0787306371809193,-0.2819558358022707,0.9541396848559636
1,100,0.3,0.1,-1.553707983540701,-0.4301144616446235,0.00014789338007408593
2,100,0.3,0.1,-3.4295259186243383,-1.2026860019259278,0.048520612630641405
0,100,0.1,0.0,-4.4170962746923035,-1.76509226590725,0.005749506860625325
1,100,0.1,0.0,-4.57775811024984,-1.8692990267792822,1.858957618233035e-05
2,100,0.1,0.0,-0.6913234889891711,-0.17255264019393812,3.60476198475826e-07
0,100,0.1,0.1,-5.102691873951293,-2.2379429115025973,0.00041770271837087634
1,100,0.1,0.1,-0.6231841064173669,-0.15429924246087912,2.093239517250901e-07
2,100,0.1,0.1,10.37013897439849,0.9081696789724062,1.4881984145340107e-05
0,100,0.1,0.2,2.1335547652743116,0.3881506211560726,0.13473807789079364
1,100,0.1,0.2,-4.248773485390382,-1.6599737360962186,2.4520952590544253e-08
2,100,0.1,0.2,-1.6358750619187719,-0.45742933324427026,1.9170906728304413e-05
0,50,0.1,0.1,-2.502867962965089,-0.7794541253615381,0.002308133157297842
1,50,0.1,0.1,-3.4713986158903145,-1.2240260078095275,2.3900535238672527e-05
2,50,0.1,0.1,2.5083828542125195,0.4387430723572854,1.142795949190084e-07
0,100,0.1,0.1,-2.7280969143587033,-0.8741730623487631,3.3280405033788784e-08
1,100,0.1,0.1,-2.589481367869949,-0.8152988678160216,4.188121474929319e-09
2,100,0.1,0.1,7.037511515216059,0.802189724196666,4.073770633244475e-06
0,200,0.1,0.1,-5.148684074025739,-2.272415246413313,4.539670675724176e-08
1,200,0.1,0.1,10.466752244058986,0.9101899836208046,9.517089038429015e-09
2,200,0.1,0.1,19.021068747621953,0.9874716717041595,1.2731929779915486e-07
0,100,0.0,0.1,-1.1731208544470355,-0.3101230435457001,4.276467417753626e-07
1,100,0.0,0.1,25.758330559728076,0.9973443738039834,1.8379231887053763e-05
2,100,0.0,0.1,176.84658648991135,1.0,8.276960619523057e-07
0,100,0.1,0.1,-4.368634540302115,-1.7344088691629165,4.571164122277431e-05
1,100,0.1,0.1,-4.505245867701669,-1.821789328896346,9.028091822690477e-08
2,100,0.1,0.1,11.357245031395781,0.9268396967671051,2.8734588526446847e-06
0,100,0.2,0.1,-2.5229749770008563,-0.7877117626846077,0.2898198768628534
1,100,0.2,0.1,-3.056821770492861,-1.0215392457192176,0.2384778915362601
2,100,0.2,0.1,-0.780622304596452,-0.19691202565589716,0.00020099136090252951
0,100,0.3,0.1,1.4956709547790479,0.2913481837848526,0.0009643936478085937
1,100,0.3,0.1,-2.788417966470168,-0.9003858875536637,0.0047132664056115355
2,100,0.3,0.1,-2.935130509863055,-0.965681050386864,0.015939245550133572
0,100,0.1,0.0,-3.1898660311860394,-1.0844265828411679,0.006315180134779434
1,100,0.1,0.0,-3.2499937464386623,-1.113485996550494,3.673413509562984e-05
2,100,0.1,0.0,4.278889978811639,0.6266544303228654,1.2459113454368849e-05
0,100,0.1,0.1,-3.8136170967908756,-1.4063661493428885,7.813335865510868e-09
1,100,0.1,0.1,-4.4782035787186345,-1.8042734347435396,1.7533255122840573e-07
2,100,0.1,0.1,11.16916586006521,0.9236017494060228,1.1675123739260624e-07
0,100,0.1,0.2,-5.306984281951188,-2.393895204487368,2.6098940663930244e-08
1,100,0.1,0.2,-3.894648419655372,-1.4516859710920507,1.959779098569389e-05
2,100,0.1,0.2,3.896596711895781,0.5923003592101053,2.3228662048914725e-09
0,50,0.1,0.1,-3.5961458976132743,-1.2888355472943043,0.05105270011928109
1,50,0.1,0.1,-3.8993753159578057,-1.4543558586524035,2.077769333316164e-05
2,50,0.1,0.1,-2.17712281334446,-0.6508677414167137,1.1069461774238681e-05
0,100,0.1,0.1,-5.311280298410017,-2.397254087453795,5.080750571600238e-07
1,100,0.1,0.1,-0.35526687950814256,-0.08524223710583656,2.7245799024576298e-05
2,100,0.1,0.1,3.4064039331763087,0.5435853177092828,1.0361495190089655e-05
0,200,0.1,0.1,-4.994306108696688,-2.158134419151461,4.283591885926334e-05
1,200,0.1,0.1,-2.0671886503538413,-0.6096033417710331,3.407156448404071e-09
2,200,0.1,0.1,35.28471388743505,0.9997038384930268,1.2048495924003514e-06
0,100,0.0,0.1,-6.113229234513302,-3.0862310867877936,8.083502281744453e-05
1,100,0.0,0.1,20.858436635076345,0.9917935309394026,1.6768489851984933e-05
2,100,0.0,0.1,35.32288599640543,0.9997064301841869,3.998670033234693e-06
0,100,0.1,0.1,-4.074491436888225,-1.5553426504043824,0.010789873430159354
1,100,0.1,0.1,5.252302901291084,0.7016199998247876,3.585533589470772e-05
2,100,0.1,0.1,15.52723924906559,0.9719923884037162,1.3000195735239366e-05
0,100,0.2,0.1,-3.3463181560522597,-1.160885800065787,0.003702056650921356
1,100,0.2,0.1,-1.0034610392208478,-0.25992909180052504,6.414748143158864
2,100,0.2,0.1,-2.196344879862509,-0.6581907493334997,1.1351845135087522
0,100,0.3,0.1,-3.5109824567763708,-1.2443895900009485,0.09103189078050838
1,100,0.3,0.1,-1.0062476405317726,-0.26073777043154656,0.0007804459385395447
2,100,0.3,0.1,-3.1327473944328372,-1.057191586347081,0.0805297522322305
0,100,0.1,0.0,-5.116816859721122,-2.248491135307128,0.0009402031381782965
1,100,0.1,0.0,3.4755697369531897,0.5507966087424179,1.463738806008378e-08
2,100,0.1,0.0,6.561023776510584,0.7792515705775083,3.761178366643031e-05
0,100,0.1,0.1,-2.7110578266785677,-0.8668343470128015,0.004986987618085776
1,100,0.1,0.1,5.390174957173203,0.7109436567420325,1.200955841375795e-07
2,100,0.1,0.1,-2.9165528908626563,-0.9572905040187745,7.984209419995426e-10
0,100,0.1,0.2,-1.761095605103893,-0.5000632123170814,3.8164792565994986e-07
1,100,0.1,0.2,-3.631611119843372,-1.3076030908238447,1.4786214253519712e-08
2,100,0.1,0.2,2.190279726811213,0.39609026938717795,2.6811684340571815e-10
0,50,0.1,0.1,-4.861522225262962,-2.063036856272599,0.03139910279711172
1,50,0.1,0.1,-3.8065183276100583,-1.4024360315840103,2.46426143816735e-06
2,50,0.1,0.1,5.639097122314377,0.7270454816641155,1.958655006330895e-06
0,100,0.1,0.1,-4.418201676623398,-1.7657961494421262,0.000957650410120736
1,100,0.1,0.1,-1.5456602439333214,-0.42746682686057635,2.1614721305193581e-07
2,100,0.1,0.1,3.3834497343874075,0.5411665974112418,1.6260255493448117e-06
0,200,0.1,0.1,-5.142218407793324,-2.267546982263644,2.3806867750982064e-05
1,200,0.1,0.1,-0.8943038349678714,-0.22865621975271821,3.993894393038671e-05
2,200,0.1,0.1,9.288812429491358,0.8822071968196626,1.0666056850593335e-08
0,100,0.0,0.1,4.605968523374587,0.6537393438508767,1.3747358045966293e-08
1,100,0.0,0.1,6.406866989514811,0.7712751765456016,2.0894381092956187e-06
2,100,0.0,0.1,58.55838037397457,0.9999986063235464,1.350324263270147e-05
0,100,0.1,0.1,1.1995110623736889,0.2413370179455544,0.0016166909189227836
1,100,0.1,0.1,-3.904690772726242,-1.4573616554024746,1.3025521438720783e-07
2,100,0.1,0.1,2.1479176268313,0.3901707694048627,5.1508498931235135e-05
0,100,0.2,0.1,-3.9186438949761144,-1.465269425019109,3.1883782541718264
1,100,0.2,0.1,-3.630383585138461,-1.3069509382618487,0.08141706728468384
2,100,0.2,0.1,6.285815029122066,0.7648101922604787,0.13585867989866143
0,100,0.3,0.1,-2.514908800037561,-0.7843945166340012,0.0443885861847582
1,100,0.3,0.1,-0.012022499769385825,-0.0027721181081759028,0.0018206510198963731
2,100,0.3,0.1,-2.5908201077133675,-0.8158585312761801,0.0016042952418915055
0,100,0.1,0.0,-4.554361687434476,-1.8538830280801095,5.650675968986097e-09
1,100,0.1,0.0,2.425901887482283,0.42798184712947773,3.3361553984199336e-08
2,100,0.1,0.0,20.56613839733462,0.9912221903198942,3.0513563063053316e-05
0,100,0.1,0.1,-5.1140688214575825,-2.2464362728595537,0.00010115039970897004
1,100,0.1,0.1,-3.98130889042803,-1.5010990372464703,2.7408209112278545e-05
2,100,0.1,0.1,5.861935674584226,0.7406976620372628,4.066534955417612e-06
0,100,0.1,0.2,-4.803948917550712,-2.0226989263350865,0.00012867642867896365
1,100,0.1,0.2,-4.772916371132405,-2.0011771907813056,3.5683850174161034e-06
2,100,0.1,0.2,-0.2776318240365445,-0.06601467273079842,1.629592574550079e-08
0,50,0.1,0.1,-3.5103426566646174,-1.2440589721821467,0.0003400676510799826
1,50,0.1,0.1,-3.3018313242683135,-1.1388638111765306,3.828809668934678e-06
2,50,0.1,0.1,-3.4182982654461225,-1.1969988345794502,2.5563012752555795e-06
0,100,0.1,0.1,-3.2940273563858558,-1.1350238736869902,2.6647558496648315e-09
1,100,0.1,0.1,-1.7589339086179825,-0.49931674313016905,6.435555035137113e-09
2,100,0.1,0.1,7.861980267290701,0.8363929653226606,8.138733536987589e-08
0,200,0.1,0.1,0.8433515691394777,0.17649764953076963,5.157246389082095e-06
1,200,0.1,0.1,-1.6159991319165585,-0.45077449910285416,7.767029812796314e-09
2,200,0.1,0.1,12.971793255618472,0.9495547040311023,8.465330152053421e-06
0,100,0.0,0.1,-6.433230550028806,-3.39868695217997,8.849381731303444e-06
1,100,0.0,0.1,15.616661015704468,0.9725631721436653,4.683620326923701e-08
2,100,0.0,0.1,192.5168471319309,1.0,1.8890541667962286e-06
0,100,0.1,0.1,-3.5257537647241755,-1.252036247908801,5.8859633754634885e-05
1,100,0.1,0.1,-0.8719108817287202,-0.22233736636489843,0.0001372429069069452
2,100,0.1,0.1,-0.4824782229141767,-0.11750074746477401,2.0612622640319684e-08
0,100,0.2,0.1,-5.465617552069232,-2.520154743763278,3.4155173975289927
1,100,0.2,0.1,-2.627667972237777,-0.8313307900091935,0.10724515220245853
2,100,0.2,0.1,-1.0594785685738795,-0.27628556363279766,0.028876606561329843
0,100,0.3,0.1,-1.9918871233605009,-0.5819352822926276,0.002920528925570381
1,100,0.3,0.1,-1.2232959215822508,-0.32534697798769896,0.010877341568235076
2,100,0.3,0.1,-0.049110443250831956,-0.011372275671026832,0.00017980906841228862
0,100,0.1,0.0,-3.1170525681454198,-1.0497705862650974,1.165393017764699e-08
1,100,0.1,0.0,-2.566165286601429,-0.805579140001192,2.713781282749738e-07
2,100,0.1,0.0,-2.4996123493535545,-0.7781206881516303,0.0002112150587832861
0,100,0.1,0.1,-4.363523972567615,-1.7311930413416903,0.0029824517723275328
1,100,0.1,0.1,-1.3779252959053694,-0.373385726817822,1.2485511453579233e-05
2,100,0.1,0.1,9.49286852885314,0.8876137585933348,7.626042628472403e-06
0,100,0.1,0.2,-2.562713324824099,-0.804144557236181,0.014355986254059323
1,100,0.1,0.2,-1.361815020315353,-0.3683005515833564,1.1606920032132443e-07
2,100,0.1,0.2,1.4721973093875937,0.28750754605812046,1.9534657151599016e-05
0,50,0.1,0.1,-2.1643113046488383,-0.6460049255198472,0.0024761601636080596
1,50,0.1,0.1,-1.4541798729954112,-0.3977129445795067,0.00014905822770853343
2,50,0.1,0.1,0.28563899530313747,0.06365455859076963,1.88162176331275e-05
0,100,0.1,0.1,-2.8481703330579395,-0.9267130249524478,0.00017035779046610197
1,100,0.1,0.1,-4.397334441445019,-1.7525387658316371,3.794121231410031e-05
2,100,0.1,0.1,6.834247507100883,0.7927114807081221,7.068350488128493e-06
0,200,0.1,0.1,-4.612633712392984,-1.8924334225725392,1.833344448362372
1,200,0.1,0.1,-7.448614149853709,-4.557268944157846,0.0002589088858603313
2,200,0.1,0.1,24.906971878530587,0.9967692540234239,2.8553747611868402e-08
0,100,0.0,0.1,-6.158588098679347,-3.1291324112543313,7.061897096401346e-06
1,100,0.0,0.1,11.09675731021676,0.9223173076662048,3.0428376713764387e-06
2,100,0.0,0.1,160.05185918414054,0.9999999999999999,3.862943142116049e-05
0,100,0.1,0.1,-2.9608697412468237,-0.9773655982223555,7.158171106964969e-09
1,100,0.1,0.1,-4.784923969245854,-2.0094864821504217,9.920171835675692e-09
2,100,0.1,0.1,2.516404094673825,0.43977873411216106,2.230168955866531e-06
0,100,0.2,0.1,-3.3419882592448507,-1.1587324800685885,6.206793643241239
1,100,0.2,0.1,-2.5096788618830406,-0.7822469747077163,0.10544708476212569
2,100,0.2,0.1,-2.109917351287138,-0.6255178209263981,0.004768582270977147
0,100,0.3,0.1,-1.5796348479459756,-0.4386776100667784,0.04827996164196629
1,100,0.3,0.1,-2.1588899071225023,-0.6439514618164053,0.00232293117254899
2,100,0.3,0.1,-1.1699935801426136,-0.30917998773304367,0.00039523782107451366
0,100,0.1,0.0,-1.0226894573596517,-0.26551980386929963,0.012082754075893027
1,100,0.1,0.0,-2.2585536162507864,-0.6821137529648404,5.68158033366144e-07
2,100,0.1,0.0,10.418537755806401,0.9091873760481097,1.5756500500993856e-05
0,100,0.1,0.1,-3.863863694351396,-1.4343687785255859,0.01115492833082336
1,100,0.1,0.1,2.7011171685339823,0.46310633061288475,2.2599103518447722e-05
2,100,0.1,0.1,4.995882482451723,0.6834722783381229,2.2197032140294878e-08
0,100,0.1,0.2,-0.7792479897906692,-0.19653332554657,0.64861276419564
1,100,0.1,0.2,-3.041663658109658,-1.0144957978726898,0.0010837642334380856
2,100,0.1,0.2,6.465676755098166,0.7743515656742211,1.4961897357663242e-06
0,50,0.1,0.1,-3.9667259909587327,-1.492714839387523,0.30984144179390877
1,50,0.1,0.1,-2.6387403739619772,-0.8360057517166006,0.00902064231454445
2,50,0.1,0.1,-0.7872204623136907,-0.19873185457086917,5.82359441832621e-10
0,100,0.1,0.1,-4.314823415485865,-1.7007372938788379,5.155555331629008e-05
1,100,0.1,0.1,-2.1487812103993815,-0.6401294281358199,1.3887395142415154e-09
2,100,0.1,0.1,3.615065353606523,0.5649957854594244,4.195622545297658e-06
0,200,0.1,0.1,-3.9645016047045294,-1.491438437975737,5.654227534218866e-07
1,200,0.1,0.1,-1.2323672409507571,-0.328118187639475,2.2296796412095646e-05
2,200,0.1,0.1,25.611792435800087,0.9972532397336451,2.2500303514838796e-05
0,100,0.0,0.1,-5.895057423629149,-2.8860263613299497,2.7012688426537723e-09
1,100,0.0,0.1,23.947449909161893,0.9959704642880195,1.750672728669548e-05
2,100,0.0,0.1,47.29221761015731,0.9999813457308342,4.309672209252409e-05
0,100,0.1,0.1,-3.2969600049472176,-1.1364660723437865,6.010607500332892e-06
1,100,0.1,0.1,-4.6429303409228755,-1.9126817462239862,1.8255392210854383e-08
2,100,0.1,0.1,10.633448242385546,0.9135718582065698,2.6874664748681553e-05
0,100,0.2,0.1,-3.9923092027056057,-1.5074421396620803,10.891485774138655
1,100,0.2,0.1,-1.7886005843423383,-0.509593643405565,0.6913643418702924
2,100,0.2,0.1,-2.3159364073511672,-0.7044867939142601,4.742040475939481e-06
0,100,0.3,0.1,-3.037678684077092,-1.0126481963275356,0.09572971589499053
1,100,0.3,0.1,-2.0790956947523216,-0.6140224436600348,0.22341003057680853
2,100,0.3,0.1,-2.0137790812577894,-0.5899296489482189,0.004083966941302852
0,100,0.1,0.0,-4.030210455415242,-1.529420567047433,2.0923601748207147e-05
1,100,0.1,0.0,-2.347499217653506,-0.7169194548833819,1.3290532851540322e-08
2,100,0.1,0.0,3.5733627593192514,0.5607985916414722,1.089070299226579e-05
0,100,0.1,0.1,-2.7877112099680086,-0.900076650191026,3.4363581140598176e-08
1,100,0.1,0.1,-0.02190664991936251,-0.005056935911077032,1.8555722720094722e-05
2,100,0.1,0.1,4.331956528807544,0.6311885911332279,9.280462958076939e-08
0,100,0.1,0.2,1.0683225018546703,0.21807022693022282,6.116633074825162e-07
1,100,0.1,0.2,-0.23196920384905648,-0.054865091168586844,0.21522794235949588
2,100,0.1,0.2,7.971860536886317,0.8404804388066274,4.896649942788311e-09
0,50,0.1,0.1,-3.153589948594332,-1.0670881383566129,8.051512488815216e-05
1,50,0.1,0.1,-2.8622433247122854,-0.9329665226130825,8.034790626519629e-05
2,50,0.1,0.1,2.5724392239719136,0.44696059375999564,2.7629490829017752e-05
0,100,0.1,0.1,-3.4496399608872985,-1.212911247079294,9.061692066269196e-10
1,100,0.1,0.1,3.4971800422949095,0.5530262734059144,8.21074769812309e-09
2,100,0.1,0.1,10.187946565606818,0.9042353240482066,1.0810201852850134e-05
0,200,0.1,0.1,-4.57708233165993,-1.8688525877660638,2.8877882939036298e-05
1,200,0.1,0.1,-2.359562762916499,-0.7216952301869719,4.573335921029828e-08
2,200,0.1,0.1,1.8694576142723396,0.34978911058576867,1.4790546586323022e-07
0,100,0.0,0.1,-4.198554163982092,-1.629392479219335,4.284477612948117e-05
1,100,0.0,0.1,8.890747096904171,0.8709002829819354,7.178216927724787e-06
2,100,0.0,0.1,114.13820621739973,0.9999999999961436,9.902005014009894e-05
0,100,0.1,0.1,-5.253825925229318,-2.3526065759530828,4.134127676210631e-05
1,100,0.1,0.1,-2.9461868708272436,-0.9706916982658973,2.9731006006648033e-05
2,100,0.1,0.1,2.149683226616272,0.39041864165902185,4.326439979421279e-05
0,100,0.2,0.1,-3.2465608810376145,-1.1118160590904331,3.669189673807496
1,100,0.2,0.1,-3.672703412493882,-1.329540907741852,0.25416165032521343
2,100,0.2,0.1,-2.57469038792433,-0.8091269315229805,0.0015469544620561665
0,100,0.3,0.1,-1.9406194071060083,-0.5633706005294719,0.00633631478333505
1,100,0.3,0.1,-0.6194130015802786,-0.15329736602125954,0.001223965472302226
2,100,0.3,0.1,-1.9508717618998621,-0.5670655965499773,0.012510247752481374
0,100,0.1,0.0,-4.054557717975355,-1.5436407376020154,3.0649040400606434e-08
1,100,0.1,0.0,-5.3227899626996145,-2.406269424862374,4.3897500782030573e-08
2,100,0.1,0.0,2.111408449962929,0.3850226014712157,8.654264052512446e-06
0,100,0.1,0.1,-3.5540561460480573,-1.2667603876581564,7.595063835372011e-08
1,100,0.1,0.1,-2.5856722420963574,-0.813707396937914,8.953060401581955e-09
2,100,0.1,0.1,5.083386938262233,0.6897860625115251,1.0680365186323146e-05
0,100,0.1,0.2,-4.344819803294743,-1.7194556485808796,0.015672923353819437
1,100,0.1,0.2,-0.9011725674500181,-0.23060098039271315,1.5879656100719553e-08
2,100,0.1,0.2,7.301545635471238,0.8138575454264827,2.259284169502129e-08
0,50,0.1,0.1,-4.5829052078587225,-1.872701629808085,6.178784915106043e-05
1,50,0.1,0.1,-3.3884638233051847,-1.181957978048528,0.00010738878491016714
2,50,0.1,0.1,8.021220214915521,0.8422831921378489,1.3214228130406556e-05
0,100,0.1,0.1,-4.8627908367944155,-2.063931726374041,3.168912234135382e-08
1,100,0.1,0.1,-0.24513893346312185,-0.058068763722229466,1.2199627134087e-08
2,100,0.1,0.1,-3.0923409137357956,-1.038140370538751,1.7293562268780687e-05
0,200,0.1,0.1,-5.843112176591591,-2.8398231062244537,7.95456119183396e-08
1,200,0.1,0.1,-4.859604150278073,-2.061684355280316,2.2523262054099257e-05
2,200,0.1,0.1,31.418459116987858,0.9992786366254623,1.692446245616268e-05
0,100,0.0,0.1,-4.592315334017366,-1.878932837783149,4.535086240265264e-09
1,100,0.0,0.1,10.936113247457236,0.9193900456415581,4.800752913475694e-06
2,100,0.0,0.1,195.35714110144826,1.0,1.7082974998527258e-06
0,100,0.1,0.1,-3.863076571361699,-1.43392760920884,5.549774976229786e-06
1,100,0.1,0.1,1.1238641401868068,0.22800660259217442,1.362291562051655e-08
2,100,0.1,0.1,12.333140586295311,0.9415632652017432,6.634382702538194e-06
0,100,0.2,0.1,-3.4202765292243904,-1.1979998220268917,0.5642421005532636
1,100,0.2,0.1,-2.135277820160493,-0.6350377418943738,0.09950479314393962
2,100,0.2,0.1,-1.761941462897218,-0.5003554020139229,0.05005716708161591
0,100,0.3,0.1,-1.6169269099712513,-0.45108445941336583,1.7783525423858544
1,100,0.3,0.1,-1.9383556830788478,-0.562555918890193,0.0189883825727367
2,100,0.3,0.1,-3.597821848905816,-1.2897189840646668,1.236773465206919
0,100,0.1,0.0,-3.5160312511712846,-1.2470002726546552,0.03359142824773554
1,100,0.1,0.0,0.5855224895844416,0.1261281472228134,1.6459708082030332e-09
2,100,0.1,0.0,0.26443839432919963,0.05907250227588923,2.4355096548582027e-06
0,100,0.1,0.1,-4.00083593362716,-1.5123699680312135,0.003705037447080044
1,100,0.1,0.1,-2.752031936531278,-0.8845305998642807,0.0001232375099637814
2,100,0.1,0.1,4.379806156158319,0.6352297722126158,6.857381251462838e-06
0,100,0.1,0.2,-5.080688181945973,-2.221579241477471,0.00010499026787751914
1,100,0.1,0.2,-4.621943161604804,-1.8986402347354479,4.000857591166079e-08
2,100,0.1,0.2,7.720341061335151,0.8309691817315588,1.2670626624942045e-05
0,50,0.1,0.1,-4.144005147849813,-1.5965728680838391,0.0009446358640134428
1,50,0.1,0.1,-4.543599271190189,-1.8468194681791976,6.420977009261598e-09
2,50,0.1,0.1,-0.8916662475994663,-0.22791025028248035,2.0478729343605824e-05
0,100,0.1,0.1,-3.6006547303704295,-1.2912130436846572,0.018454061439695753
1,100,0.1,0.1,-1.8665769019449745,-0.536942748397434,2.376808604892902e-09
2,100,0.1,0.1,0.9403326160326413,0.1946832384987166,5.243726512174672e-07
0,200,0.1,0.1,-5.008287760139563,-2.1683180826606088,9.810934653405023e-08
1,200,0.1,0.1,-3.2913118122454588,-1.133689309333017,4.019338064976189e-06
2,200,0.1,0.1,8.58323144587839,0.8614275627856031,4.371309201715229e-06
0,100,0.0,0.1,-4.246001048537682,-1.65827621146027,3.188438577046636e-07
1,100,0.0,0.1,23.83259828094419,0.9958624793729505,1.839239088871584e-05
2,100,0.0,0.1,54.26052898681419,0.9999962507266807,0.0001534760178273272
0,100,0.1,0.1,-4.658197076593202,-1.9229387016792554,2.6645154840287707e-09
1,100,0.1,0.1,-4.688105124682379,-1.943137229982928,6.4859066740542926e-06
2,100,0.1,0.1,-2.168840528371942,-0.6477224268157602,4.79723432904431e-05
0,100,0.2,0.1,-4.1906388666325975,-1.624604606079719,0.15188940763533917
1,100,0.2,0.1,-0.9001834291923041,-0.2303207337043991,0.015903168530948454
2,100,0.2,0.1,-1.6719990288820559,-0.4696025703644726,0.002083820089672123
0,100,0.3,0.1,-2.905415278337175,-0.9522774045600451,0.18378042837753883
1,100,0.3,0.1,0.8698583346074601,0.18150851338493057,0.02943535243537093
2,100,0.3,0.1,-1.9972501983389184,-0.583890010819627,0.001983205527034387
0,100,0.1,0.0,-4.078616532463245,-1.5577709659421681,0.00019697933041716508
1,100,0.1,0.0,-4.507668107002405,-1.823363596068602,5.359860564345798e-09
2,100,0.1,0.0,0.6132820094575343,0.1316960052570938,3.453138833164264e-05
0,100,0.1,0.1,-4.842763280824532,-2.0498348875747125,8.139488292746691e-05
1,100,0.1,0.1,-3.2534098280705925,-1.1151490802956583,2.6335990615317968e-08
2,100,0.1,0.1,2.297784081744955,0.4108558199082092,1.144294908524715e-05
0,100,0.1,0.2,-1.6651938566926154,-0.46730158161127533,0.0049351943760373475
1,100,0.1,0.2,1.6498872871576309,0.3160706028669791,0.0029820881488048685
2,100,0.1,0.2,17.35404310174577,0.9816094088358511,3.905850569417405e-05
0,50,0.1,0.1,-3.0284578340064567,-1.0083795167461975,0.0011235348801240206
1,50,0.1,0.1,-3.4590814571567323,-1.2177273157527155,3.5607451148027844e-05
2,50,0.1,0.1,7.875715888462388,0.8369095950192488,9.956148516470692e-06
0,100,0.1,0.1,-4.386185452229715,-1.7454816491512952,1.1281594679218604e-06
1,100,0.1,0.1,-0.6748751285528507,-0.1681201427549317,2.8371035792276912e-06
2,100,0.1,0.1,-0.08033782552396353,-0.01867062450946877,1.8538736609969487e-05
0,200,0.1,0.1,-5.010866293340045,-2.17019976420515,1.4542811453183022e-07
1,200,0.1,0.1,2.349334045998305,0.41780751476046785,2.6166961500610093e-07
2,200,0.1,0.1,8.234953092264,0.8498571377544974,4.858265534643437e-08
0,100,0.0,0.1,-6.989854067322492,-4.000177329784293,2.5959274755907346e-06
1,100,0.0,0.1,20.762766499390253,0.9916107458762546,4.746488281438394e-05
2,100,0.0,0.1,49.95050821891514,0.9999898853891559,0.00013885791515868878
0,100,0.1,0.1,0.329601565089779,0.07308514254518583,1.8456540720573227e-07
1,100,0.1,0.1,2.521852226014418,0.440481079071547,2.738050018021679e-09
2,100,0.1,0.1,-1.4225547146846664,-0.38757182074808294,5.353967242347823e-06
0,100,0.2,0.1,-1.6060193131822866,-0.44744453647325355,0.01679715281600257
1,100,0.2,0.1,-1.8047113658640228,-0.5152040991819651,0.046918637040560235
2,100,0.2,0.1,-3.290128104380299,-1.1331078327640833,0.010600763930506338
0,100,0.3,0.1,3.8636975502563393,0.5892001796748645,1.3285303987679098
1,100,0.3,0.1,-1.2309132738781383,-0.3276736236431348,0.0068848929239306534
2,100,0.3,0.1,-1.4730682995266575,-0.40380514554151437,0.006046013528154037
0,100,0.1,0.0,-3.8925673295023917,-1.4505114322740362,2.9400766242274218e-08
1,100,0.1,0.0,1.4669815091079834,0.2866513411221927,4.285026284035342e-08
2,100,0.1,0.0,8.909213197561671,0.8714480466204603,3.688270052622061e-07
0,100,0.1,0.1,-3.563378114471178,-1.2716311295089469,5.881686526177984e-10
1,100,0.1,0.1,-1.9624915365710094,-0.5712639760185714,7.167578558596345e-06
2,100,0.1,0.1,0.7162862517403162,0.15204779309248795,1.1057555699964063e-06
0,100,0.1,0.2,-3.2887381834708584,-1.1324252597828828,1.3085925399790586e-07
1,100,0.1,0.2,-2.617512040056877,-0.8270532450749872,9.624481702717821e-05
2,100,0.1,0.2,5.216651887103227,0.6991605324966716,3.151064018278932e-05
0,50,0.1,0.1,-4.028288802586094,-1.528301604411912,2.6566032462109295
1,50,0.1,0.1,-3.562968879832967,-1.2714170843427905,4.037751960384114e-05
2,50,0.1,0.1,6.568828048804969,0.7796478993202381,1.4109012011617324e-05
0,100,0.1,0.1,-4.010729538999632,-1.5180998891048767,0.029954238548499885
1,100,0.1,0.1,-3.5138414543440066,-1.2458675772182,1.1680574647105259e-05
2,100,0.1,0.1,7.402971447551203,0.8181543756857128,5.277379516102725e-06
0,200,0.1,0.1,-4.718179273351344,-1.9635886806369571,6.319787996968703e-07
1,200,0.1,0.1,1.4717895146044238,0.28744064114465806,2.3837511767102324e-05
2,200,0.1,0.1,9.496725182300553,0.8877135163405351,5.2077150683604914e-06
0,100,0.0,0.1,-5.12236893967304,-2.2526467064303954,1.2764163883333273e-06
1,100,0.0,0.1,26.32776006449906,0.9976707076864839,2.2254655111267362e-07
2,100,0.0,0.1,208.22640070010806,1.0,4.9024721096406914e-05
0,100,0.1,0.1,-3.7635640368938272,-1.3787916407633367,9.209542423208545e-05
1,100,0.1,0.1,-3.1326093452950103,-1.0571261954606963,1.3714070789437792e-09
2,100,0.1,0.1,7.311689572618425,0.8142918161743673,7.940259639897113e-08
0,100,0.2,0.1,1.3100997809978936,0.2604117174912184,4.423102784055811
1,100,0.2,0.1,-1.4760149853243811,-0.40475794980364777,1.3148052376658117
2,100,0.2,0.1,1.721260771815155,0.32721868279800725,0.18072207769945936
0,100,0.3,0.1,-2.623995508465609,-0.8297828419073789,1.7025478255289255
1,100,0.3,0.1,-3.1198955908770527,-1.0511128672458105,0.0012530029225974904
2,100,0.3,0.1,-2.4805992611773315,-0.7703532236282289,0.05573107237642949
0,100,0.1,0.0,-5.3800419526767325,-2.451470734269541,1.3216621062845007e-08
1,100,0.1,0.0,0.20960253483130203,0.047116632331404174,2.2811418703097478e-08
2,100,0.1,0.0,3.847165161209311,0.5876333981850788,1.3471658370534668e-05
0,100,0.1,0.1,-3.912770620790651,-1.4619377186172926,0.06934973681789634
1,100,0.1,0.1,0.5325775822715253,0.11540955949520149,3.996370612086544e-08
2,100,0.1,0.1,-2.544010472910927,-0.7963917310157556,8.592084414636658e-06
0,100,0.1,0.2,0.5553370191475646,0.12003317773102262,1.712166415872985e-05
1,100,0.1,0.2,-4.414823872803754,-1.7636458378330842,0.00014962023503793106
2,100,0.1,0.2,4.197870805931963,0.6196241644066425,1.4881640879657673e-06
0,50,0.1,0.1,-0.7573777474253595,-0.19052295800660835,6.86008741702549e-08
1,50,0.1,0.1,-1.0172011975481374,-0.2639215531343475,1.1488276105129567e-06
2,50,0.1,0.1,-3.1445926024091166,-1.062810152693379,2.5312212283603634e-07
0,100,0.1,0.1,-3.7659172289734895,-1.3800809204355158,0.0022312001769583967
1,100,0.1,0.1,-3.40651965322804,-1.1910483704479677,1.4292749189240472e-07
2,100,0.1,0.1,-0.4164737328859933,-0.10064527439081483,2.538663346051229e-07
0,200,0.1,0.1,-4.756714640514826,-1.9900018983067582,6.727230838098397e-05
1,200,0.1,0.1,2.4835208584286446,0.4355208382928156,2.3481364283960928e-07
2,200,0.1,0.1,10.324818640392499,0.9072063760442182,1.030590654456226e-05
0,100,0.0,0.1,-0.8496916990668947,-0.2160996679882119,2.2809373365938116e-06
1,100,0.0,0.1,32.18547193159217,0.9993954213495287,1.3213060973893676e-05
2,100,0.0,0.1,42.09108778232057,0.9999382138375746,0.00010054808834388467
0,100,0.1,0.1,-2.2041601949521388,-0.6611774210770369,8.171588864620619e-07
1,100,0.1,0.1,-3.790060936350683,-1.3933493375254473,2.533615245275411e-05
2,100,0.1,0.1,-1.630352570775929,-0.45557724307050673,1.0251380832121593e-05
0,100,0.2,0.1,-3.6215148929714562,-1.302244739461134,0.006753381814965033
1,100,0.2,0.1,-1.4659661324120625,-0.4015113307667406,5.892757717923886
2,100,0.2,0.1,-3.2225755044826587,-1.1001849909264418,0.0007555775217669254
0,100,0.3,0.1,-0.7487089838673889,-0.18814897691788102,0.0005655370487450745
1,100,0.3,0.1,-2.8386593521788175,-0.9224981706341642,0.9599394441308247
2,100,0.3,0.1,2.837990565756284,0.4797633511961028,0.0027153533857006253
0,100,0.1,0.0,-4.885842471216923,-2.080237807074705,0.019556797717541215
1,100,0.1,0.0,-2.4178134219879803,-0.7449433907741061,3.809474385043637e-06
2,100,0.1,0.0,-2.3710901889422105,-0.726271175311721,0.0004626666050157788
0,100,0.1,0.1,-2.2715576861040705,-0.687158050668242,2.3960680605121144e-06
1,100,0.1,0.1,-2.6335432988900735,-0.8338099713956661,2.3616776057040748e-08
2,100,0.1,0.1,16.177928024042618,0.9758894455499401,6.72868711471106e-07
0,100,0.1,0.2,-5.185159164689395,-2.3000150192221795,8.677279095576028e-08
1,100,0.1,0.2,4.882037193022975,0.6750651591383892,1.586944231813129e-05
2,100,0.1,0.2,-1.3071446661187673,-0.35118391507006175,6.11980293339998e-06
0,50,0.1,0.1,-0.5583365099876275,-0.13719162078018154,0.05842109266338899
1,50,0.1,0.1,-4.175131706177994,-1.6152497582240484,4.711524210093956e-09
2,50,0.1,0.1,-2.2309684728087356,-0.6714633075760559,5.418772264055786e-06
0,100,0.1,0.1,-3.8120698857707405,-1.4055090136306987,1.590359962611562e-06
1,100,0.1,0.1,-2.7508756333607454,-0.8840289129365362,5.688649215329488e-10
2,100,0.1,0.1,-4.600822224495938,-1.8845775717358468,1.6736189661333259e-06
0,200,0.1,0.1,-3.9728505175552415,-1.4962326064246216,9.495912163783106e-07
1,200,0.1,0.1,4.751471958621055,0.6651480717754326,1.3096277270198341e-06
2,200,0.1,0.1,15.474501103993283,0.9716502071682602,1.5436153395801702e-05
0,100,0.0,0.1,-6.413059472420567,-3.37830434754295,9.119291934667415e-08
1,100,0.0,0.1,9.078998042412756,0.8763767389141931,8.837214228770469e-06
2,100,0.0,0.1,57.85509294523443,0.9999983613330089,0.00015080793518087605
0,100,0.1,0.1,-3.561226643948152,-1.2705060548797378,1.3097777618707031e-06
1,100,0.1,0.1,5.21308486805418,0.6989133405647365,4.557420456498676e-08
2,100,0.1,0.1,-3.2276684396792765,-1.1026493050209458,5.1594464121442424e-05
0,100,0.2,0.1,-2.5626752914942488,-0.8041287575133098,0.42997210238135597
1,100,0.2,0.1,0.7293685533049405,0.15459824576309333,2.0468779005600424
2,100,0.2,0.1,-3.000544462763783,-0.9955124710677175,0.057284077566170294
0,100,0.3,0.1,-3.9539803186467317,-1.4854099455493759,0.07365195352744403
1,100,0.3,0.1,0.8837783052824226,0.1841277357048391,0.03719114376362028
2,100,0.3,0.1,-4.23138661056769,-1.6493458837778152,0.020022965486526552
0,100,0.1,0.0,-5.642095407159644,-2.6661441806032404,0.0007673306651062388
1,100,0.1,0.0,-2.860715934916117,-0.932286828452418,2.837360809757992e-09
2,100,0.1,0.0,8.477957966838073,0.8580275086943299,3.560098220960079e-05
0,100,0.1,0.1,-4.445483401727089,-1.783225150058823,1.8263912231962576e-08
1,100,0.1,0.1,-5.0759078370131245,-2.218035151440944,2.1618130243840004e-08
2,100,0.1,0.1,0.22907775705397412,0.05138011458786629,4.227047799863209e-06
0,100,0.1,0.2,-4.232054175036749,-1.6497531523910505,0.019967594671880123
1,100,0.1,0.2,-3.7726494307316836,-1.3837732562097473,3.096566307553692e-06
2,100,0.1,0.2,19.161069858211807,0.987869100237314,9.25259583159858e-09
0,50,0.1,0.1,-4.903140285543862,-2.0925307635719936,6.097707823354947e-06
1,50,0.1,0.1,-4.070722590231358,-1.553126062947483,1.3702834215860684e-07
2,50,0.1,0.1,-0.17743684956994354,-0.04170244848590543,1.0688658392886347e-08
0,100,0.1,0.1,-3.0225945045795264,-1.0056698702623255,0.000556553781014164
1,100,0.1,0.1,-3.3965592084083642,-1.18602900911403,2.422384538856271e-07
2,100,0.1,0.1,1.2772439885496578,0.2547952728537918,3.223936008738006e-05
0,200,0.1,0.1,-4.997125469481109,-2.1601852881957386,1.5485303307003174e-08
1,200,0.1,0.1,0.6665757517889002,0.1422861462802194,2.4577446451463003e-05
2,200,0.1,0.1,14.067948567056616,0.9608073036031298,1.3348723730809872e-05
0,100,0.0,0.1,-6.734310490477591,-3.714450162214285,8.751522647743527e-07
1,100,0.0,0.1,16.202428646860866,0.976025081731679,3.7393028611969644e-06
2,100,0.0,0.1,184.2248698615254,1.0,2.8725984141062707e-06
0,100,0.1,0.1,-4.2961795969946674,-1.6891681548805209,1.4629201366794852e-07
1,100,0.1,0.1,0.453524045347646,0.09916013783207567,2.1932726509876628e-06
2,100,0.1,0.1,6.80523709426021,0.7913221802616875,8.895067462030342e-06
0,100,0.2,0.1,-1.89673636222699,-0.547653150845411,0.13537935428145872
1,100,0.2,0.1,-2.8590285484474967,-0.9315362130397182,0.04943143540455808
2,100,0.2,0.1,-2.2826363613510314,-0.6914674162705039,0.0001949545280231531
0,100,0.3,0.1,-1.9751047661694847,-0.5758340366057961,0.01202513479087862
1,100,0.3,0.1,-1.7469024587134394,-0.4951688685789015,0.05826020766336859
2,100,0.3,0.1,-2.0563194501548123,-0.6055799826857458,0.007928941835513445
0,100,0.1,0.0,-5.7959122806551715,-2.7983171818828554,0.006617267581881212
1,100,0.1,0.0,1.8001644447294955,0.3393315685429087,2.5128062920182833e-08
2,100,0.1,0.0,4.568933279656991,0.6507739176430927,2.7198418868587977e-05
0,100,0.1,0.1,-3.919093885088693,-1.4655248748086591,7.682834688839031e-07
1,100,0.1,0.1,3.321084863270802,0.5345301948924279,4.5649021565115875e-06
2,100,0.1,0.1,-0.08965108511170192,-0.020857464089279354,1.642516574707366e-05
0,100,0.1,0.2,-3.562344167406767,-1.2710903750511298,0.03786058112609643
1,100,0.1,0.2,-5.975339135963842,-2.9585297536865127,2.6891218712458645e-06
2,100,0.1,0.2,21.440723971680562,0.9928232535552346,2.508465163651102e-07
0,50,0.1,0.1,-0.8973612312669763,-0.22952148784021542,0.004644961215729286
1,50,0.1,0.1,-1.7637463761585181,-0.500979074262315,0.027039444908093124
2,50,0.1,0.1,1.0969720450543041,0.2232114855496199,6.549857415382533e-05
0,100,0.1,0.1,-5.372642350981447,-2.4455950520463996,0.013589903300134556
1,100,0.1,0.1,-4.61035223946607,-1.8909143437444458,3.345796892820013e-08
2,100,0.1,0.1,2.303984103985254,0.4116962867101255,3.471104630459406e-05
0,200,0.1,0.1,-3.0098001409304374,-0.9997698396041381,5.118260854635246e-07
1,200,0.1,0.1,1.4779493760689977,0.28845059080054825,3.476493245738194e-09
2,200,0.1,0.1,9.304023635578744,0.8826190455749778,2.547613378393887e-06
0,100,0.0,0.1,-2.0281984525693355,-0.5952172793423176,2.839792755049927e-08
1,100,0.0,0.1,34.15970026684088,0.9996162662716123,1.484917498186071e-05
2,100,0.0,0.1,96.45089401559618,0.9999999997735822,3.8631053776871073e-07
0,100,0.1,0.1,-1.9839694264689318,-0.5790538564411893,3.809334420431679e-05
1,100,0.1,0.1,0.7646986943664944,0.16144774616201196,4.6778317617269144e-07
2,100,0.1,0.1,-2.817912941381806,-0.9133362254435304,2.4035425534464798e-05
0,100,0.2,0.1,-3.2329618060999583,-1.1052136661543623,0.2597525274641853
1,100,0.2,0.1,-3.585825513194859,-1.2834029159400382,0.01072834352543142
2,100,0.2,0.1,12.74579961107012,0.9468601849068693,0.6987277985722505
0,100,0.3,0.1,-3.9166824830469533,-1.4641562823676453,1.071028789771956
1,100,0.3,0.1,-2.1182032194487705,-0.6286220931716449,0.00332687282391683
2,100,0.3,0.1,-4.160118931603884,-1.6062249205271129,0.09697668630526365
0,100,0.1,0.0,-4.740826742917208,-1.9790834874652936,2.252829464474268e-07
1,100,0.1,0.0,-4.469037900549613,-1.7983613255422286,1.029183197770315e-08
2,100,0.1,0.0,5.8295630758102215,0.7387575834548802,6.473498038730265e-06
0,100,0.1,0.1,-2.227725892991964,-0.6702158060308998,4.586180387909352e-09
1,100,0.1,0.1,-2.652692543647314,-0.8419135991422566,1.1488597940042576e-07
2,100,0.1,0.1,2.617310688317338,0.4526451997379394,1.3906229202176378e-05
0,100,0.1,0.2,-5.453013761000137,-2.5099536062472008,3.608115514230646e-08
1,100,0.1,0.2,-1.1565856036273652,-0.30514438821995493,1.0058555706952246e-09
2,100,0.1,0.2,6.146631007659558,0.7571506758134059,3.2061270683122558e-06
0,50,0.1,0.1,-3.2420619564597244,-1.1096295284757094,0.05320160718758423
1,50,0.1,0.1,-4.341438554801767,-1.7173392098211195,0.002225009862843806
2,50,0.1,0.1,1.6855332080803467,0.32166116813792245,3.519563186341377e-05
0,100,0.1,0.1,-1.1741924430819426,-0.31044634633654233,0.011071319940573091
1,100,0.1,0.1,-4.41712045475331,-1.765107661056991,1.7873729595940257e-09
2,100,0.1,0.1,20.48527485859843,0.9910572206739525,7.412195524342257e-06
0,200,0.1,0.1,-5.005652874506716,-2.166396431747954,1.3526494671729984e-05
1,200,0.1,0.1,1.0406889514482354,0.21307905493271728,1.333301540817435e-05
2,200,0.1,0.1,13.583601437534883,0.9561832808168218,2.3409370900874155e-06
0,100,0.0,0.1,-7.333008633277948,-4.411290675459553,4.3431894079834824e-05
1,100,0.0,0.1,14.727734593145275,0.9663312850572132,7.857451886806258e-06
2,100,0.0,0.1,67.91072879939476,0.9999998382191473,1.2011736395852416e-06
0,100,0.1,0.1,0.6185042753165335,0.1327394882569789,0.03644809870919667
1,100,0.1,0.1,-1.951546057891684,-0.5673089217887732,3.7274262436794726e-06
2,100,0.1,0.1,7.483642860220916,0.8215010301849938,3.25233140449323e-05
0,100,0.2,0.1,-3.1078589930658342,-1.045436018719529,11.620442143829017
1,100,0.2,0.1,4.08536150715602,0.6096413123405047,1.1702342508251962
2,100,0.2,0.1,-3.8078978287599945,-1.4031992670890876,0.014869500558600892
0,100,0.3,0.1,0.5923321432222638,0.12749728774483648,0.0010188019886900699
1,100,0.3,0.1,-1.630691796329825,-0.45569094202401383,0.0007028408270738839
2,100,0.3,0.1,-2.5210036755826923,-0.786900488494769,0.012741372660144568
0,100,0.1,0.0,-1.2073793193830142,-0.3204985599757444,2.6089269686235566e-05
1,100,0.1,0.0,-2.9635464119267874,-0.9785846760850354,4.664666024759201e-07
2,100,0.1,0.0,26.135991755387685,0.9975655501947718,5.90950050781276e-07
0,100,0.1,0.1,-3.1221611084555727,-1.0521831190407744,0.008813773068922788
1,100,0.1,0.1,-3.13543123010179,-1.0584632742713778,2.8644093686833583e-09
2,100,0.1,0.1,2.4174078053422723,0.42686197940087656,1.215342659707515e-06
0,100,0.1,0.2,-3.118656397757213,-1.0505276969357449,0.008735070479016218
1,100,0.1,0.2,-4.324813943742344,-1.706957232583512,1.4110508476243082e-08
2,100,0.1,0.2,12.965590146347601,0.9494826005907714,1.1406727908646665e-08
0,50,0.1,0.1,-4.801420352925324,-2.020939552146556,0.006894758904517266
1,50,0.1,0.1,-2.7368139706874315,-0.8779386361021884,6.880009064436817e-06
2,50,0.1,0.1,1.4105956821713164,0.2773293253480148,0.00010059544427644062
0,100,0.1,0.1,-5.396536616933416,-2.4646044725660214,2.920040069264548e-09
1,100,0.1,0.1,-4.112697472100196,-1.5779218481046127,3.29243245527004e-05
2,100,0.1,0.1,9.2194083929672,0.8803096434537536,7.198217202406205e-06
0,200,0.1,0.1,-4.149735526726773,-1.6000012254932585,4.724302960682898e-07
1,200,0.1,0.1,0.7923194221934664,0.1667639378636122,1.5971104677301407e-05
2,200,0.1,0.1,17.283341876960264,0.9813075678762817,1.4363878019834475e-05
0,100,0.0,0.1,-2.4327699725237633,-0.7509631138889907,7.804330005534598e-05
1,100,0.0,0.1,35.36880886993784,0.9997095180756302,9.55072083391596e-06
2,100,0.0,0.1,136.86870757381848,0.9999999999999795,1.9281544531283556e-05
0,100,0.1,0.1,-4.733664398958303,-1.974174459926635,8.228422749773693e-09
1,100,0.1,0.1,-1.749181621834648,-0.4959537342006026,2.772464312587984e-08
2,100,0.1,0.1,0.5362016325349175,0.11614741437360798,4.566997675205582e-06
0,100,0.2,0.1,-3.599287828121993,-1.2904920187625368,0.05157632648857001
1,100,0.2,0.1,-1.00267609751446,-0.25970139341503296,0.1076767086132375
2,100,0.2,0.1,-3.4092113302708107,-1.192406762698372,1.6059614124461772
0,100,0.3,0.1,-0.875990567552068,-0.22348614803265154,0.0002775471939634085
1,100,0.3,0.1,-1.2221949667805037,-0.3250110395298442,5.7728579745647295e-05
2,100,0.3,0.1,-2.860160068382132,-0.9320395250922664,0.11274205690828074
0,100,0.1,0.0,-4.192730078755323,-1.6258687083986127,0.021971831027445807
1,100,0.1,0.0,-3.2475459416759946,-1.1122951125671507,3.5886077499723397e-09
2,100,0.1,0.0,2.1201002838139766,0.38625216717371935,2.619870991382479e-06
0,100,0.1,0.1,-2.472825248372411,-0.7671870682509787,0.011497881149981348
1,100,0.1,0.1,-0.14925630060333078,-0.03496492088732328,4.1299741133765966e-07
2,100,0.1,0.1,3.833113283866218,0.5862969986800117,5.826008804514118e-05
0,100,0.1,0.2,-5.0789650082441025,-2.220301251614232,0.005828896264475506
1,100,0.1,0.2,2.5903512615500364,0.449236851648776,1.3315131120169153e-07
2,100,0.1,0.2,-0.5983622571927235,-0.14772072955179016,4.1115426851042995e-06
0,50,0.1,0.1,-3.499494906914164,-1.2384607860050658,0.1894967776433151
1,50,0.1,0.1,-3.0341327844375128,-1.01100559294169,0.00862581263619262
2,50,0.1,0.1,-1.646121555631884,-0.46087196759804616,2.982594513844905e-05
0,100,0.1,0.1,-4.387107373475718,-1.7460645224413032,0.0026531911594031366
1,100,0.1,0.1,2.023250289044273,0.372411508428939,8.6803987345858e-10
2,100,0.1,0.1,2.791828928008723,0.4742042066439097,8.692564833351844e-06
0,200,0.1,0.1,-4.655436037056216,-1.9210810256493995,2.2210203643210977e-05
1,200,0.1,0.1,-0.48097234525513466,-0.11711333114657685,1.2406861554589327e-06
2,200,0.1,0.1,11.575557291427916,0.9304264328589835,1.0429960818995573e-05
0,100,0.0,0.1,-4.4784308231495595,-1.8044201720887898,0.00013016668733353644
1,100,0.0,0.1,23.962474038927873,0.9959843801154317,2.5588702147912383e-05
2,100,0.0,0.1,50.517672078610616,0.9999911236832384,3.912315172065066e-07
0,100,0.1,0.1,-4.0771501079188885,-1.5569074631547521,2.990295305960289e-08
1,100,0.1,0.1,25.206851196296256,0.9969848086372685,4.173442219735306e-06
2,100,0.1,0.1,14.505239044694742,0.9645614376375944,1.4898920921755346e-05
0,100,0.2,0.1,4.609367637221905,0.6540102473424381,2.593176923063832
1,100,0.2,0.1,0.16992672169601344,0.03837149624063496,0.09158187033516957
2,100,0.2,0.1,-1.1074813718863317,-0.29047066674040356,0.013950549435823276
0,100,0.3,0.1,-2.76763269537204,-0.8913123982920861,1.3651282284377628
1,100,0.3,0.1,0.16935355391609047,0.03824457525262115,0.004973027990824353
2,100,0.3,0.1,-2.586427808366871,-0.8140229651534239,0.002112054034231662
0,100,0.1,0.0,-4.827253299799169,-2.038962422656143,1.998607649221503e-08
1,100,0.1,0.0,3.3214435226044388,0.534568633832766,4.3215645348115894e-07
2,100,0.1,0.0,-2.2611359826840816,-0.6831142551534037,2.9695393979493767e-05
0,100,0.1,0.1,-6.0025230392423845,-2.9833851860826184,5.156869155608931
1,100,0.1,0.1,-2.175379980777792,-0.6502053777556991,6.367120569764238e-05
2,100,0.1,0.1,2.266285590415896,0.4065673446380219,2.2049348326034025e-07
0,100,0.1,0.2,-4.217154192035683,-1.6406778293487578,6.992825505810417e-09
1,100,0.1,0.2,-2.580760966276832,-0.8116575015550183,6.783224595827538e-07
2,100,0.1,0.2,0.1986739799894573,0.04471578406488308,1.9194727615162782e-05
0,50,0.1,0.1,-4.088429798977117,-1.5635570094032243,0.0008096824885522395
1,50,0.1,0.1,0.14296693929006077,0.03238340945954343,2.670589474916624e-06
2,50,0.1,0.1,2.2878408746390333,0.40950542428677494,8.659789413768232e-05
0,100,0.1,0.1,-1.0423785018619627,-0.2712701514856848,0.0001868537680548574
1,100,0.1,0.1,-4.303628979779345,-1.6937847996814113,1.2710239865352144e-09
2,100,0.1,0.1,11.606335148887991,0.9309177482391213,6.456558057385445e-06
0,200,0.1,0.1,-2.248820086927653,-0.6783479741636513,1.0321440109873554e-08
1,200,0.1,0.1,-2.9461846668482266,-0.9706906981698262,2.3777637404910645e-05
2,200,0.1,0.1,45.389760231674316,0.9999710916052256,2.1240505065778005e-05
0,100,0.0,0.1,-1.8909901895455217,-0.5456067970512768,2.1507170182674685e-08
1,100,0.0,0.1,21.68259554157402,0.9932120216912541,3.3451049512254575e-05
2,100,0.0,0.1,185.0250881436948,1.0,8.26908676116529e-06
0,100,0.1,0.1,-2.0327437714258636,-0.5968877050854386,1.75655833097459
1,100,0.1,0.1,-3.0874023848510337,-1.0358240403079035,6.127241840726042e-06
2,100,0.1,0.1,10.28112934707604,0.9062681766664802,5.6354212167701556e-06
0,100,0.2,0.1,-1.841335372817412,-0.5280358279263251,0.03914354743521509
1,100,0.2,0.1,-1.8064378116499236,-0.5158065562384335,0.03294193127426917
2,100,0.2,0.1,-3.158348218238214,-1.0693541475524415,0.005573144934585975
0,100,0.3,0.1,-0.8868291833982073,-0.2265433956329601,0.0015875372161802356
1,100,0.3,0.1,-1.7006803078692265,-0.47934010372867264,0.5895336790807846
2,100,0.3,0.1,-1.5522983849642216,-0.42965036175886384,0.009126238443323399
0,100,0.1,0.0,-4.392756337492535,-1.7496387130816595,4.2743113094630694e-07
1,100,0.1,0.0,-1.0787419529325315,-0.2819591760042117,6.195168518788848e-06
2,100,0.1,0.0,-4.624821587495117,-1.9005620382639608,8.983070470598513e-07
0,100,0.1,0.1,-3.68175842200118,-1.3344030512125125,0.0066428914355393266
1,100,0.1,0.1,3.9973070823262797,0.6016458996956794,1.1823922397794459e-06
2,100,0.1,0.1,16.235537533864196,0.9762071620537913,1.008291639054696e-05
0,100,0.1,0.2,-3.96323187447728,-1.4907101320848506,6.269130397475639e-09
1,100,0.1,0.2,-0.7819851969435082,-0.19728769661051326,1.422222011259837e-07
2,100,0.1,0.2,1.2667908754065134,0.25299946568256515,1.3548497884123186e-05
0,50,0.1,0.1,-5.240186115063333,-2.3420936212008523,0.006370606079541031
1,50,0.1,0.1,-3.1770731340541563,-1.078295577256791,0.00010030707921599576
2,50,0.1,0.1,1.0068999111614128,0.20693276281157436,1.9998536458894952e-08
0,100,0.1,0.1,-3.923481684999628,-1.468017123064104,7.985328852200563e-05
1,100,0.1,0.1,-0.41693107729188317,-0.10076118663136358,4.0438824721894725e-07
2,100,0.1,0.1,5.061499945493585,0.688218741706623,8.480721038963054e-08
0,200,0.1,0.1,-2.1917923229989853,-0.6564534368201267,5.245078808303555e-08
1,200,0.1,0.1,20.641930497271474,0.991374049725358,6.065789761425848e-06
2,200,0.1,0.1,16.090671865444733,0.975400129920113,5.632123976627176e-08
0,100,0.0,0.1,-6.489031029067277,-3.455568274288127,9.415114042385235e-08
1,100,0.0,0.1,20.033494788943436,0.9900768279546208,8.049583398872748e-06
2,100,0.0,0.1,65.75821236791076,0.9999997344301531,4.3094170300329184e-07
0,100,0.1,0.1,-3.9579112153196156,-1.487660564173451,0.00011006111210628678
1,100,0.1,0.1,-4.49621366914537,-1.8159268374779112,8.666369648178342e-06
2,100,0.1,0.1,-1.8119120945062417,-0.5177184354297784,4.002707463869937e-06
0,100,0.2,0.1,-2.8537983333730983,-0.9292114611622524,0.2298294328062776
1,100,0.2,0.1,-2.5300124689448755,-0.7906109950165108,0.7858513503438695
2,100,0.2,0.1,-2.875151411723001,-0.9387202260011429,0.17848044525627751
0,100,0.3,0.1,-2.6112700606373678,-0.8244291645170356,1.304427669404788
1,100,0.3,0.1,-3.2229011233118654,-1.1003424613626804,0.8256891002417022
2,100,0.3,0.1,-1.3754994571783294,-0.3726188089485112,0.0010256387682394928
0,100,0.1,0.0,-3.143214873275968,-1.0621558632604509,1.3187654179236064e-08
1,100,0.1,0.0,-1.0018920702493057,-0.259474001372058,1.6417297272829545e-07
2,100,0.1,0.0,1.372129970198661,0.2709001599158387,1.7027507193895455e-05
0,100,0.1,0.1,-5.236573846331805,-2.339314971810017,0.012675135818931628
1,100,0.1,0.1,-2.625005025566531,-0.830208224189191,0.15987843728273118
2,100,0.1,0.1,25.646318776706835,0.9972749898620953,7.56601664402199e-08
0,100,0.1,0.2,-5.19415819795956,-2.306860082889801,0.00013355486456291014
1,100,0.1,0.2,-5.951452466665521,-2.9368171746071163,1.8568079126522925e-07
2,100,0.1,0.2,0.7722890598720049,0.16291204273385707,1.1924760602825073e-05
0,50,0.1,0.1,-4.471893530325744,-1.800201945682598,4.480752149629444e-06
1,50,0.1,0.1,-1.2239333519773004,-0.3255415184399597,0.0009465846460973819
2,50,0.1,0.1,-0.00941680053009854,-0.0021706509114902683,2.265465957928172e-05
0,100,0.1,0.1,-2.8638090391273012,-0.9336635195335152,1.4785925322642015e-08
1,100,0.1,0.1,-3.0979834131774417,-1.0407901117501126,2.2100597076173127e-09
2,100,0.1,0.1,11.3885144823075,0.9273645633296707,1.4521329794760209e-08
0,200,0.1,0.1,-4.244336519422812,-1.6572575638616396,7.005801283902945e-07
1,200,0.1,0.1,4.25615804662976,0.6246951339481769,1.144074319089111e-06
2,200,0.1,0.1,28.3051861565314,0.9985226568447899,4.150984642001299e-06
0,100,0.0,0.1,-4.47867932695146,-1.804580645924613,3.90590209003183e-05
1,100,0.0,0.1,36.68005477677798,0.9997852196615896,1.318912817083098e-05
2,100,0.0,0.1,111.4786178161209,0.9999999999928856,0.00010421258529077607
0,100,0.1,0.1,-5.029073195173205,-2.1835180715176836,2.84309311742494e-08
1,100,0.1,0.1,-4.489843614622569,-1.8117995783053122,2.681925250654317e-08
2,100,0.1,0.1,6.008115579617826,0.7492803100619484,6.598736498259413e-08
0,100,0.2,0.1,-3.290110564429665,-1.1330992177500576,0.2652896932223412
1,100,0.2,0.1,-2.303084045369374,-0.6994500506003081,7.364127020194955
2,100,0.2,0.1,-2.412056422444281,-0.7426318295122964,0.0012057674064655949
0,100,0.3,0.1,-2.7389018932421867,-0.8788416945753499,0.5048697556875763
1,100,0.3,0.1,2.221425464573947,0.4004057580743602,0.03592899269387155
2,100,0.3,0.1,-1.0980677033625055,-0.28767650121980615,0.010116666032602585
0,100,0.1,0.0,-3.0727274688906334,-1.0289565507012117,7.069832991224678e-05
1,100,0.1,0.0,3.2141175717252715,0.5229232601182918,3.489290953308629e-08
2,100,0.1,0.0,29.828421160001916,0.9989597017114683,1.32017299485545e-08
0,100,0.1,0.1,-4.501551061072603,-1.8193896824331564,5.053646269659857e-09
1,100,0.1,0.1,2.0523265505980253,0.37659921481934444,1.9524317941485437e-08
2,100,0.1,0.1,0.2501657279953182,0.05597514865517417,2.3968722676337864e-07
0,100,0.1,0.2,-4.023465572755082,-1.5254952573025675,9.621646022018331e-05
1,100,0.1,0.2,-3.143901068310833,-1.0624817142599872,9.132399003518183e-06
2,100,0.1,0.2,0.7025556892673224,0.14936268297489697,7.045393188671306e-07
0,50,0.1,0.1,-4.494790920972368,-1.8150044912908783,4.39190229102836e-06
1,50,0.1,0.1,-3.539255720201595,-1.259048588624204,1.2050224421003992e-05
2,50,0.1,0.1,-1.195001869073901,-0.31674047940732164,5.319648045348439e-06
0,100,0.1,0.1,-4.661613805351105,-1.92523917259546,0.004873686639712228
1,100,0.1,0.1,-2.3709184845645663,-0.7262029261234924,5.703217191671187e-08
2,100,0.1,0.1,-3.0188807685047108,-1.0039555162746985,4.3876713944410235e-06
0,200,0.1,0.1,-3.324124921199261,-1.149871448765932,1.8774638068995955e-05
1,200,0.1,0.1,-0.9667873035930598,-0.24933449224903148,9.221182059248802e-09
2,200,0.1,0.1,14.696184386193902,0.9660858012178306,3.609441467368553e-05
0,100,0.0,0.1,-4.697392867575341,-1.9494381048626859,1.4237694704424225e-07
1,100,0.0,0.1,5.610265107872365,0.7252273582424656,2.9475865720873798e-05
2,100,0.0,0.1,176.26776264909313,1.0,1.8259267249109095e-08
0,100,0.1,0.1,-4.094238430120301,-1.5669880268900394,1.0257308481153792e-05
1,100,0.1,0.1,-2.572498829208658,-0.8082142310726461,2.514499968798712e-07
2,100,0.1,0.1,9.46548744570265,0.8869029556239992,9.214214364257873e-06
0,100,0.2,0.1,-3.983056410798573,-1.5021056355720424,11.234592870535355
1,100,0.2,0.1,-3.170208849668023,-1.0750133012277128,0.5052643610849632
2,100,0.2,0.1,-1.0186536990391255,-0.26434434344175206,0.004839323666875592
0,100,0.3,0.1,-4.229493020126826,-1.6481909802014596,2.4289986380455746
1,100,0.3,0.1,-1.9214778985905219,-0.5564952148308908,0.030465378672305254
2,100,0.3,0.1,-0.5151799830370906,-0.12594713013365788,0.3590694228588917
0,100,0.1,0.0,-4.2925304947395135,-1.6869095657206987,1.5996843943008548e-09
1,100,0.1,0.0,-3.1006285834091023,-1.042033480425435,4.27503126704784e-07
2,100,0.1,0.0,5.869728842408103,0.7411625481252935,1.0729251291467371e-05
0,100,0.1,0.1,-3.705092424791863,-1.3469792096155233,4.186945655360504e-06
1,100,0.1,0.1,10.554760737193584,0.9119916403821265,4.3535259257389714e-08
2,100,0.1,0.1,20.748911766001164,0.9915839399923386,2.1902688618773567e-05
0,100,0.1,0.2,-2.6439288031737656,-0.8382005017747689,0.00018971909596136793
1,100,0.1,0.2,-0.9516296213043056,-0.24498168380680263,5.2006554553260446e-05
2,100,0.1,0.2,-0.6824348548927048,-0.17015525007844512,3.864440494283277e-06
0,50,0.1,0.1,-4.496785746731423,-1.8162977919338972,2.1545976623759576e-07
1,50,0.1,0.1,-1.8634433310944507,-0.5358341959927189,3.675436641718008e-05
2,50,0.1,0.1,0.031690591007673394,0.007270469572700611,2.049241716519762e-07
0,100,0.1,0.1,-5.220932943136479,-2.3273102226195395,2.585166520373383e-05
1,100,0.1,0.1,-2.3125952474432676,-0.7031759845247987,1.786782866350072e-05
2,100,0.1,0.1,-0.43400361623150246,-0.10509690251006609,4.8332529345432787e-05
0,200,0.1,0.1,-5.541695589079008,-2.582362737752952,1.6692332167407858e-07
1,200,0.1,0.1,-4.766183659235436,-1.9965281777401005,3.7994270017621658e-06
2,200,0.1,0.1,14.328247912224505,0.9630873513615171,1.1370095884640538e-07
0,100,0.0,0.1,-3.561331977809349,-1.270561124441966,1.1607945100976978e-06
1,100,0.0,0.1,18.39743828717816,0.9855370737617323,1.7079941059517923e-05
2,100,0.0,0.1,119.04935820858842,0.9999999999987553,7.447378322058442e-06
0,100,0.1,0.1,-2.0263035717932087,-0.5945214180437615,5.004300922283277e-06
1,100,0.1,0.1,1.3584729363890469,0.2686037886346325,6.348912133016595e-05
2,100,0.1,0.1,45.30445370522354,0.999970518156975,2.483265178384904e-08
0,100,0.2,0.1,-2.033224073497579,-0.5970643204739821,4.768005456446728
1,100,0.2,0.1,-1.5521670661322973,-0.42960713367629677,1.1221947659382436
2,100,0.2,0.1,2.6367107241580774,0.45508479348437225,0.23135449843276287
0,100,0.3,0.1,0.0014549988783686203,0.0003349697578646227,0.013602658827491638
1,100,0.3,0.1,3.0061632320481984,0.4995235150873416,0.03830159566543004
2,100,0.3,0.1,-1.8313938957163072,-0.5245419867129908,0.00012064976128181828
0,100,0.1,0.0,-4.738451221160624,-1.9774544217467458,1.8629929971934053e-08
1,100,0.1,0.0,1.057781963850509,0.21617014052589834,2.476816293179526e-08
2,100,0.1,0.0,13.956095442097116,0.9597847793602553,7.253326808183522e-06
0,100,0.1,0.1,-2.042830418699758,-0.600600845133791,2.0778638284572786
1,100,0.1,0.1,-3.447137808975799,-1.2116366636839806,5.355896178179245e-09
2,100,0.1,0.1,7.198227297545795,0.8093761352658495,2.3825997541556854e-05
0,100,0.1,0.2,-4.467580744199968,-1.797422569433519,0.0028478796933494254
1,100,0.1,0.2,-5.291545681618661,-2.3818517704009485,1.500414631185465e-06
2,100,0.1,0.2,4.312637286595091,0.6295443085999182,2.495017328103698e-07
0,50,0.1,0.1,-4.913595493679109,-2.0999846928073334,0.01463439876545903
1,50,0.1,0.1,-1.7408219603963735,-0.49307696762608977,9.229053422189719e-10
2,50,0.1,0.1,-0.9251138029852168,-0.23740361456566794,4.309201161495855e-05
0,100,0.1,0.1,-3.5696423058679896,-1.274910056646247,0.0459338349573457
1,100,0.1,0.1,-3.835981188377003,-1.4187897460496415,1.084904066231231e-08
2,100,0.1,0.1,-0.7626907598541774,-0.19198029494541036,4.878170065080819e-06
0,200,0.1,0.1,-4.762105323057366,-1.9937155440423835,1.8833767798288308e-07
1,200,0.1,0.1,0.2097937342484298,0.04715858237720005,0.00010663976991660465
2,200,0.1,0.1,10.972717039907813,0.9200665982050574,8.444795839469803e-07
0,100,0.0,0.1,-8.301710139552368,-5.763492518369022,2.4665437643282028e-06
1,100,0.0,0.1,7.169177674393287,0.8080967929864371,1.896456878128725e-05
2,100,0.0,0.1,149.2351275960035,0.9999999999999988,5.878039761404064e-05
0,100,0.1,0.1,-4.409950821057594,-1.7605465959726612,0.058987905135428204
1,100,0.1,0.1,1.5114515846028331,0.2939184856601068,0.000967870732372054
2,100,0.1,0.1,10.044654764107033,0.9010229458931545,6.011242892200214e-06
0,100,0.2,0.1,0.11628205702544421,0.026419662432454194,0.1480489420780068
1,100,0.2,0.1,-1.7551136704878019,-0.4979984605398957,1.3296036905004929
2,100,0.2,0.1,-1.915200700688772,-0.5542471155982678,0.006341363153777169
0,100,0.3,0.1,-1.8170954154015604,-0.5195309194507227,0.133132041980162
1,100,0.3,0.1,-1.702424068800887,-0.4799342014049104,0.0003860582877580894
2,100,0.3,0.1,0.8385932858614233,0.1755948969029526,0.06829188785660308
0,100,0.1,0.0,-3.807283819895612,-1.402859524953381,9.110490027711797e-09
1,100,0.1,0.0,1.5362451204394372,0.2979379660082361,3.0136899491500568e-05
2,100,0.1,0.0,-0.7012363635863444,-0.17523207619187908,1.7254659657560084e-06
0,100,0.1,0.1,-1.2621042230641935,-0.3372432743902789,0.8071550441541052
1,100,0.1,0.1,-3.2503423603671244,-1.1136556556779018,1.3149135783540634e-08
2,100,0.1,0.1,26.18215624831626,0.9975912907791797,1.3036500091453864e-05
0,100,0.1,0.2,-0.7099094072392471,-0.17758140920604237,0.004293288032255892
1,100,0.1,0.2,-1.7158380322550233,-0.4845123099475095,1.124060170722501e-07
2,100,0.1,0.2,3.312145987262581,0.5335711539765302,3.510046788847095e-06
0,50,0.1,0.1,-2.270775348073192,-0.6868541534088075,0.006573390892515886
1,50,0.1,0.1,-3.084840187627556,-1.0346233240810774,0.00477361254155471
2,50,0.1,0.1,-3.9461899773265334,-1.4809556323804496,1.3097589959979145e-06
0,100,0.1,0.1,-3.0308831234494904,-1.0095013965207649,1.0353895122041588e-05
1,100,0.1,0.1,-2.786835200307318,-0.8996934268917045,9.457556562986116e-10
2,100,0.1,0.1,15.442258196014206,0.9714389492845477,1.5158535419672677e-07
0,200,0.1,0.1,-2.402698251161435,-0.7388808516913339,1.2686406075883636e-05
1,200,0.1,0.1,-1.2894411930931395,-0.3456871932836849,3.875960985047897e-05
2,200,0.1,0.1,1.8380641070638664,0.3450719529998836,4.3980105933025605e-05
0,100,0.0,0.1,-4.8974300741286525,-2.0884672994844835,0.00010778361353360202
1,100,0.0,0.1,5.142776637348845,0.6939993589740026,4.9791437392062625e-06
2,100,0.0,0.1,142.5089176351437,0.9999999999999943,0.00010638721708151384
0,100,0.1,0.1,0.3392044841246477,0.0751324296073762,7.074212738651678
1,100,0.1,0.1,4.12762786139259,0.6134219296878903,1.3327782589412989e-08
2,100,0.1,0.1,3.5577988285067663,0.5592217897463301,1.396422979181929e-05
0,100,0.2,0.1,-1.5237733424104865,-0.4202909973556641,0.6908698707749528
1,100,0.2,0.1,-1.8267994303253459,-0.5229300040757272,3.077356520965324
2,100,0.2,0.1,-4.3160653776202365,-1.7015097405125261,0.08885585027778521
0,100,0.3,0.1,-0.8020792038455336,-0.20284016178395636,0.08176863457641337
1,100,0.3,0.1,-0.12156592564522714,-0.028387034437281855,3.288955499991866e-05
2,100,0.3,0.1,0.39481584036517553,0.08689984613390267,0.002182481010206081
0,100,0.1,0.0,-4.293970791647614,-1.687800801849174,7.378122467716631e-08
1,100,0.1,0.0,-0.6292503497202456,-0.15591269900056837,8.59174382002653e-05
2,100,0.1,0.0,19.267970436835924,0.9881640545113615,3.7136278632205905e-06
0,100,0.1,0.1,-3.866255109227672,-1.4357096173015127,6.172770566021242e-05
1,100,0.1,0.1,-2.8985424086118634,-0.9491902972200961,4.4594682207126755e-05
2,100,0.1,0.1,16.241422071539667,0.9762393786823101,1.8283917604858282e-05
0,100,0.1,0.2,-4.402250437512399,-1.7556562659786312,0.00023951684509338042
1,100,0.1,0.2,-4.77797568478935,-2.004675449464546,7.826164609562923e-08
2,100,0.1,0.2,-3.6904813242935566,-1.3390964640497613,6.432274454038849e-07
0,50,0.1,0.1,-3.39190746431663,-1.1836887989686158,0.0020696863617804496
1,50,0.1,0.1,2.88074195963149,0.4848593708589901,9.991830570594855e-06
2,50,0.1,0.1,3.344093322393494,0.5369896835396941,5.746605714100493e-06
0,100,0.1,0.1,-4.855807731135451,-2.0590091294370163,6.739431957094777e-06
1,100,0.1,0.1,-2.9731336451199697,-0.9829573095145676,3.5344422170986483e-07
2,100,0.1,0.1,-0.22743278376177703,-0.05376380782020895,1.8367066617360515e-05
0,200,0.1,0.1,-5.306025225152789,-2.393145810001513,0.00011131559990989486
1,200,0.1,0.1,9.350101747464661,0.8838578596514017,2.501461275636623e-08
2,200,0.1,0.1,37.15173313414209,0.9998073244148561,6.862162066412982e-07
0,100,0.0,0.1,-5.951911992242063,-2.9372337499883656,2.0939436307666876e-05
1,100,0.0,0.1,23.205053785340304,0.9952192655460356,2.2578683550632808e-10
2,100,0.0,0.1,184.90434718820808,1.0,4.6753055355059896e-05
0,100,0.1,0.1,-4.1590396905563205,-1.6055773425426438,0.0019563352067346706
1,100,0.1,0.1,-4.6695619849912475,-1.9305976599856023,1.1506715706298586e-05
2,100,0.1,0.1,11.123130309514377,0.922787614726238,1.088956260548515e-06
0,100,0.2,0.1,1.4122491728456859,0.277604415598282,1.3331038936076385
1,100,0.2,0.1,-3.8678457822125187,-1.4366018982926283,0.17223674804116137
2,100,0.2,0.1,-2.124490960429087,-0.6309817295254869,0.23289966491630087
0,100,0.3,0.1,-2.92374860197747,-0.9605361752980144,10.442218046778383
1,100,0.3,0.1,2.6548579584667342,0.4573570011318534,0.038748614544400595
2,100,0.3,0.1,-2.2229834161135695,-0.6683929330912608,0.00268979492198032
0,100,0.1,0.0,-4.1836203793344175,-1.6203664961586144,0.04869676845788917
1,100,0.1,0.0,3.9122645094436095,0.593768544316936,1.739418217746338e-05
2,100,0.1,0.0,20.395268370838796,0.9908699498529299,1.5227787029345612e-06
0,100,0.1,0.1,-4.475400585358912,-1.8024641039553297,8.671546333260778e-05
1,100,0.1,0.1,-2.536891005884115,-0.7934492864192297,7.171719095945455e-07
2,100,0.1,0.1,2.883070301531096,0.48513547430967774,1.8370866846376094e-05
0,100,0.1,0.2,-4.094609904673662,-1.5672076040556706,8.104555360784372e-07
1,100,0.1,0.2,-3.5185644237973737,-1.2483112955160869,1.5053308845693503e-09
2,100,0.1,0.2,-0.8428002270754059,-0.21417146688949895,3.5370555253032517e-06
0,50,0.1,0.1,-4.870665161587359,-2.0694920730824573,0.0009542839230130735
1,50,0.1,0.1,-3.3042144910001263,-1.1400378228427992,0.24391884604839048
2,50,0.1,0.1,1.5477749930680018,0.29979936433935994,5.037869443454081e-06
0,100,0.1,0.1,-4.1466901770964615,-1.598178697770873,4.385511345854543e-05
1,100,0.1,0.1,-3.9537729374899633,-1.4852912668866085,1.8147267363523538e-07
2,100,0.1,0.1,3.1773391399225677,0.5188659579014858,1.0560411709985887e-06
0,200,0.1,0.1,-4.744032177360507,-1.9812830967479944,0.007670196204897968
1,200,0.1,0.1,-3.092301311984791,-1.0381217855548677,8.194060188194685e-09
2,200,0.1,0.1,20.91534609287165,0.9919003660754557,1.6575654173610592e-05
0,100,0.0,0.1,-4.5941259898416025,-1.8801333695713685,9.9541153376814e-09
1,100,0.0,0.1,17.398984461432534,0.9817987357934419,8.22536644732639e-06
2,100,0.0,0.1,143.4003475912712,0.9999999999999954,2.7464957426344725e-05
0,100,0.1,0.1,-5.483059832748362,-2.534320935664892,0.007255399887078358
1,100,0.1,0.1,1.3288842692669944,0.2636037418227227,2.0066276597548996e-08
2,100,0.1,0.1,9.055894872076204,0.8757173477319921,4.4072995114058384e-07
0,100,0.2,0.1,-3.6832373237126523,-1.3351981201559666,2.67745778697325
1,100,0.2,0.1,-2.811039683050362,-0.9103105242789242,4.500849418599233
2,100,0.2,0.1,4.891779578562913,0.6757932578344708,1.2372300071092395
0,100,0.3,0.1,-2.627542683262237,-0.8312779589789763,0.09366966467432684
1,100,0.3,0.1,-2.8401389491374456,-0.9231532577167079,0.003988488173378206
2,100,0.3,0.1,-1.9507473951906649,-0.5670207219294163,0.017189816914210426
0,100,0.1,0.0,-3.864051509531637,-1.4344740576199326,0.00014744708644054668
1,100,0.1,0.0,-0.13389338709564957,-0.031310260844375826,2.9910989965353916e-07
2,100,0.1,0.0,2.158916999216002,0.3917133290970165,1.400823590781359e-07
0,100,0.1,0.1,-5.597808974430095,-2.6289492726109156,3.5017059435216184e-07
1,100,0.1,0.1,-1.9243939655451499,-0.5575406732912329,1.5603131259038503e-07
2,100,0.1,0.1,1.780061997401749,0.3362664047477397,4.06713672079562e-05
0,100,0.1,0.2,-4.645680341184893,-1.9145266722833805,1.311451915182108e-07
1,100,0.1,0.2,-4.07145715421854,-1.5535579342129027,2.5385204773675802e-08
2,100,0.1,0.2,1.8675994357423953,0.3495108509083735,2.3243977392940306e-05
0,50,0.1,0.1,-1.6790511635437047,-0.47199087016663976,0.004710282627632189
1,50,0.1,0.1,-2.025628316137707,-0.5942735157679233,1.3285921490109138e-05
2,50,0.1,0.1,-2.8747317387431544,-0.9385328901684971,4.414587966369773e-07
0,100,0.1,0.1,-3.930318988240846,-1.4719056992209851,5.103170725129448e-06
1,100,0.1,0.1,-1.5718850598318403,-0.43611264431651886,7.577371493976977e-05
2,100,0.1,0.1,3.3225350036402226,0.5346855926473397,8.420267115330023e-08
0,200,0.1,0.1,-5.661790335700545,-2.6828076242606187,6.81695935706963e-08
1,200,0.1,0.1,0.9686805640699182,0.19992270935125656,9.605043400545564e-07
2,200,0.1,0.1,12.784928076446489,0.9473368063621443,9.578977071295947e-06
0,100,0.0,0.1,-7.145939024176229,-4.183151491164334,5.89888587438633e-05
1,100,0.0,0.1,26.63590217344273,0.9978302495722593,4.358536434519772e-05
2,100,0.0,0.1,150.22986502482328,0.999999999999999,1.0858543042294009e-05
0,100,0.1,0.1,-4.369544901305208,-1.7349821115651074,0.0008712949255934039
1,100,0.1,0.1,0.2687599431683107,0.06000832850903004,3.025435297214323e-05
2,100,0.1,0.1,-2.652082418877465,-0.8416548534703308,3.581723549217781e-06
0,100,0.2,0.1,-3.7494965603187733,-1.3710988289411512,0.0493007990576845
1,100,0.2,0.1,1.660120227267134,0.3176801950186521,0.02036223569731048
2,100,0.2,0.1,10.134012395176242,0.9030386261324019,0.23348138912944838
0,100,0.3,0.1,-3.6789153726295973,-1.3328753663061907,0.15649572690819388
1,100,0.3,0.1,-1.0786611338955552,-0.2819353199004968,0.004819172886498443
2,100,0.3,0.1,-0.6441540866789398,-0.15988627295716062,0.00013151596430726763
0,100,0.1,0.0,-2.8546930191082187,-0.9296089370336149,0.038712059730826885
1,100,0.1,0.0,-2.3137100673407778,-0.7036132404136011,1.801285677907152e-08
2,100,0.1,0.0,-0.43668434940117906,-0.10577924698907659,1.2362243912747965e-05
0,100,0.1,0.1,-2.5089959133271256,-0.781966730000609,0.012035565452710827
1,100,0.1,0.1,-2.255135200855383,-0.6807902498233211,1.1276501581989607e-07
2,100,0.1,0.1,4.949330404710437,0.6800611646595153,1.4168775060150872e-06
0,100,0.1,0.2,-1.2818259951155817,-0.34332964659506326,6.673322722047004e-07
1,100,0.1,0.2,-2.8944597710789273,-0.9473587984239842,8.130130181564736e-10
2,100,0.1,0.2,9.463382770111227,0.8868481333120399,3.0191046664394813e-09
0,50,0.1,0.1,-4.559750785059008,-1.8574265685017601,0.0009867139650875162
1,50,0.1,0.1,-3.180438315910398,-1.0799065930975638,1.6578672659255038e-06
2,50,0.1,0.1,3.5524030638181348,0.5586738174233326,4.3445780400382765e-07
0,100,0.1,0.1,-3.0115587518770033,-1.000579780649821,0.00010900208956628616
1,100,0.1,0.1,-3.224784612103493,-1.1012535550110578,1.0134575552097984e-08
2,100,0.1,0.1,3.6663685976468363,0.5701042613009,2.1146783799407706e-05
0,200,0.1,0.1,-3.778004431353164,-1.3867143436388787,4.2228872605614336e-06
1,200,0.1,0.1,2.906831059760009,0.487944666533598,2.243947060154223e-06
2,200,0.1,0.1,7.882307140002766,0.8371569282467863,1.1753133005202816e-05
0,100,0.0,0.1,-5.696848508902086,-2.7126571951647334,0.00012870799997606418
1,100,0.0,0.1,19.41694806341586,0.9885631824306242,2.0395965119631257e-05
2,100,0.0,0.1,122.90385187507474,0.9999999999994876,8.444980292727074e-05
0,100,0.1,0.1,-4.751555529524694,-1.9864520966000803,4.153049463037765e-06
1,100,0.1,0.1,-3.5635152201476608,-1.2717028454648283,2.3476386808878e-10
2,100,0.1,0.1,3.5697641462586036,0.56043451358204,7.239686597688597e-07
0,100,0.2,0.1,-3.34565462498582,-1.1605556772129901,10.438334012544153
1,100,0.2,0.1,2.6650164788946884,0.45862480631834524,0.3650692160243936
2,100,0.2,0.1,-1.1697802791870349,-0.30911568977472736,0.0007185235051427403
0,100,0.3,0.1,-4.351271332167951,-1.7234984548516765,12.405105788196842
1,100,0.3,0.1,-3.596821025170266,-1.289191383283483,0.1210719652246896
2,100,0.3,0.1,-2.8936056975450524,-0.9469758729779136,0.3190213395407927
0,100,0.1,0.0,-2.486270082765616,-0.7726663809493393,0.04643614646887219
1,100,0.1,0.0,-3.299753117202582,-1.137840556514575,4.522694702601058e-05
2,100,0.1,0.0,5.978436880450398,0.7475610808869457,1.00522594612443e-06
0,100,0.1,0.1,-1.4741622395665623,-0.40415879315792536,6.208196267533571e-08
1,100,0.1,0.1,2.0817454199530188,0.3808078269064138,1.7779135128616427e-09
2,100,0.1,0.1,0.07605282740176414,0.017359370043283917,7.638576839880832e-07
0,100,0.1,0.2,-2.806765393848641,-0.9084313378664628,0.0018364947006656706
1,100,0.1,0.2,-2.853276551353881,-0.9289796904569958,8.185904722845121e-07
2,100,0.1,0.2,3.067980481705677,0.5065968113380891,1.220543363327974e-05
0,50,0.1,0.1,-0.860304844772817,-0.21907516659038162,5.2312213417785685e-05
1,50,0.1,0.1,-1.9249255100545164,-0.5577313164824638,3.4929616599654645e-06
2,50,0.1,0.1,-2.6747487281506492,-0.8512917800267827,8.67869955578194e-06
0,100,0.1,0.1,-4.793055504366006,-2.0151265881725013,4.72426598833074e-05
1,100,0.1,0.1,-4.420879083383697,-1.7675017765479146,1.8157545124578908e-09
2,100,0.1,0.1,3.0115532008345602,0.5001442642538564,6.514428221040495e-05
0,200,0.1,0.1,-3.6854276037909783,-1.3363761291132619,0.006245915610945523
1,200,0.1,0.1,0.3822637312311517,0.08425695929745747,2.814608341665225e-05
2,200,0.1,0.1,30.396390708547205,0.9990872309006925,6.191084728524236e-06
0,100,0.0,0.1,-3.6833503558494347,-1.3352588982407116,1.5747721630569723e-07
1,100,0.0,0.1,35.424677034813506,0.9997132309375151,1.8402861454541467e-05
2,100,0.0,0.1,82.72207588322144,0.9999999946569109,4.716463245749331e-06
0,100,0.1,0.1,-3.6179338735546507,-1.3003471825276218,3.197480362294916e-08
1,100,0.1,0.1,4.642698132414176,0.6566554273528263,2.0817645583751696e-09
2,100,0.1,0.1,10.860668931600333,0.9179774802385259,1.3025151347243819e-07
0,100,0.2,0.1,-1.6341377098802963,-0.45684641968406114,0.002676813933641922
1,100,0.2,0.1,1.5430709550121702,0.29904053478164017,0.47496945851362216
2,100,0.2,0.1,-2.924131448627818,-0.9607090114318495,0.0030946660934612963
0,100,0.3,0.1,-1.2997978079622974,-0.34890008114785087,0.010609153317194323
1,100,0.3,0.1,2.081641775135096,0.38079304964616667,0.0007570227769844637
2,100,0.3,0.1,-0.12928090635315004,-0.030215525878374283,0.37783323607865316
0,100,0.1,0.0,-4.05290834105812,-1.5426748893311335,1.867534820673155e-08
1,100,0.1,0.0,0.0794020778929091,0.018116883904201297,2.9429389132007535e-09
2,100,0.1,0.0,25.117388519979094,0.9969220529243358,3.1443062004698887e-06
0,100,0.1,0.1,-3.72747951182206,-1.3591086943978485,0.06326452344849073
1,100,0.1,0.1,-0.0742846754840874,-0.017251801287972324,2.6855925704411544e-06
2,100,0.1,0.1,2.3673485041462747,0.42021743725891536,5.270726196685094e-06
0,100,0.1,0.2,-4.259057227195726,-1.6662798017800422,0.0007959313260769783
1,100,0.1,0.2,-3.286581823742521,-1.1313667304287311,2.997156624720357e-07
2,100,0.1,0.2,10.623578571890228,0.913375220366484,1.7982758761569924e-06
0,50,0.1,0.1,-4.849066694585056,-2.0542646765815977,0.0012828857864601614
1,50,0.1,0.1,-3.2464292506055275,-1.1117520529703162,2.4858312048041116e-07
2,50,0.1,0.1,-1.1196237838905458,-0.2940837340537328,1.497018123893439e-06
0,100,0.1,0.1,-3.0766084087196925,-1.0307704760354284,1.1497779541946158e-06
1,100,0.1,0.1,-2.1674809127596277,-0.6472066665209772,5.847961424215736e-05
2,100,0.1,0.1,8.359731569868076,0.8541095570076485,1.341940510222864e-05
0,200,0.1,0.1,-4.99892204086659,-2.161492850962977,1.6259653406500443e-05
1,200,0.1,0.1,-1.9138021116606074,-0.553746671066597,3.804927397015679e-05
2,200,0.1,0.1,-0.842535782991894,-0.2140975376320502,3.6738213758700067e-10
0,100,0.0,0.1,-2.5582123519138973,-0.8022757332867749,7.728337225427217e-09
1,100,0.0,0.1,18.619389269804483,0.9862576478561508,3.405389243141056e-06
2,100,0.0,0.1,98.53582545654697,0.9999999998599066,2.9092512645651666e-05
0,100,0.1,0.1,-5.278322743969374,-2.371570726164032,0.007661186829263098
1,100,0.1,0.1,-2.0684707519881758,-0.610078590664312,2.8690138361085763e-05
2,100,0.1,0.1,0.8898293998207224,0.18526371202041203,2.2315942032041863e-05
0,100,0.2,0.1,-3.3850571378312018,-1.1802470813565775,7.548224905088494
1,100,0.2,0.1,-3.1734166667731274,-1.076546528632682,1.8724155430591782
2,100,0.2,0.1,2.006536479933146,0.36999158259423315,0.060447905899588046
0,100,0.3,0.1,-1.0150786496209971,-0.26330398171251845,0.0021238195693059464
1,100,0.3,0.1,-0.794736847517195,-0.2008083101141236,0.027330116648629263
2,100,0.3,0.1,-0.31101667450662185,-0.0742408604984035,0.0030711572997841035
0,100,0.1,0.0,-0.8831710486546516,-0.22551069269785207,0.0001316248339886541
1,100,0.1,0.0,1.4159188755736838,0.2782145678016654,2.3503001836158635e-08
2,100,0.1,0.0,7.56780810461764,0.8249269936364179,9.603924778310725e-06
0,100,0.1,0.1,-2.4767749680272066,-0.7687949791744477,6.051406631746111e-09
1,100,0.1,0.1,-3.1499001166374025,-1.0653326546905966,3.272132463716419e-06
2,100,0.1,0.1,1.3033290158165953,0.25925778063426586,8.67876577831868e-06
0,100,0.1,0.2,-0.9883713466982915,-0.2555590265975729,3.3791587461668065e-05
1,100,0.1,0.2,-4.783836403677616,-2.0087329372101648,9.046569458273735e-07
2,100,0.1,0.2,13.66767653242325,0.9570233710545702,1.5056590530578387e-05
0,50,0.1,0.1,-5.3755943208536365,-2.4479378748979155,2.024735230712695
1,50,0.1,0.1,-3.375713962247982,-1.1755616580023682,5.042420243928742e-07
2,50,0.1,0.1,1.7473816744595114,0.3312530219180845,3.604560650991525e-05
0,100,0.1,0.1,-1.515288585649309,-0.41751890145408765,8.408037874643373e-05
1,100,0.1,0.1,-2.370580363384641,-0.7260685373448292,8.476273582305973e-10
2,100,0.1,0.1,10.167662496937249,0.903787001375746,4.151591621603004e-07
0,200,0.1,0.1,-2.3954993236818654,-0.7360008455373375,2.157682711503122e-08
1,200,0.1,0.1,-1.1963862887738974,-0.3171602894939529,1.0259281413519006e-06
2,200,0.1,0.1,14.575046760781301,0.9651265170736546,8.391994054090384e-07
0,100,0.0,0.1,-2.8665210307064726,-0.9348713904823687,5.235739171546265e-06
1,100,0.0,0.1,10.140264353715814,0.903178108072039,6.004759859584379e-06
2,100,0.0,0.1,50.71020776033694,0.9999915086014759,3.78628742098924e-06
0,100,0.1,0.1,-3.4655761627584103,-1.2210463220766234,2.1691251296427128e-05
1,100,0.1,0.1,0.15998266905650582,0.036167130114938884,1.854499985446977e-05
2,100,0.1,0.1,1.7592824054884424,0.3330830437055995,8.110482492844592e-05
0,100,0.2,0.1,-3.7205756612870693,-1.3553614685109858,0.1430812164980802
1,100,0.2,0.1,2.2432628103143464,0.4034130915085201,1.3099470425584687
2,100,0.2,0.1,-2.123596396334912,-0.6306458128837524,0.0011767353563231278
0,100,0.3,0.1,-0.06508545439869994,-0.01509934008235514,0.0008182919723767916
1,100,0.3,0.1,-3.259819970600951,-1.1182733240066645,0.6098874691177071
2,100,0.3,0.1,-0.6482732993870949,-0.1609869281652896,0.01477260295230404
0,100,0.1,0.0,6.028426105201356,0.7504501061432651,1.7722879010893652e-07
1,100,0.1,0.0,-2.4507401267730167,-0.758223225687142,4.865127212538424e-07
2,100,0.1,0.0,-1.8251216114207662,-0.5223417609957002,9.9611205897916e-05
0,100,0.1,0.1,-5.264105370464126,-2.360551358813733,0.02296956965145873
1,100,0.1,0.1,-5.050114400531298,-2.1989793751231153,6.0670467779271675e-09
2,100,0.1,0.1,-1.3759186653230695,-0.37275130907928267,6.541841475378094e-05
0,100,0.1,0.2,-4.27095453911603,-1.6735939753256122,1.4165939108045382e-08
1,100,0.1,0.2,-3.9640010499541756,-1.4911512988267281,1.5303953470834708e-06
2,100,0.1,0.2,17.056468582600218,0.9803051289463349,1.0348096692758986e-06
0,50,0.1,0.1,-3.984507091303111,-1.50294155735117,0.18689915531877047
1,50,0.1,0.1,-2.559403362604753,-0.8027700577866472,0.00015229416444381813
2,50,0.1,0.1,1.6853704841001762,0.32163575126822264,4.7195054048328816e-06
0,100,0.1,0.1,-4.687502271614986,-1.9427287154286779,5.8926343477733e-06
1,100,0.1,0.1,-1.997206423038274,-0.5838740458661531,6.481250043922646e-06
2,100,0.1,0.1,16.904554311235692,0.9796040204018378,7.626004467501823e-06
0,200,0.1,0.1,-2.225174225836031,-0.6692347705279167,2.260872570978227e-07
1,200,0.1,0.1,16.576229990661666,0.9780023138785693,1.0420646664093449e-06
2,200,0.1,0.1,19.866434055347447,0.9896876749331445,2.5209217300679348e-05
0,100,0.0,0.1,-6.29799054755804,-3.263821888760199,1.6455494776313739e-06
1,100,0.0,0.1,15.63322331524992,0.9726676062537531,4.806328185431079e-06
2,100,0.0,0.1,19.40216000895214,0.9885241728271074,5.314254105279252e-05
0,100,0.1,0.1,0.849629305262825,0.17768716402839313,3.223741361141758
1,100,0.1,0.1,-4.597089573032912,-1.8820994152240704,7.811964469967035e-05
2,100,0.1,0.1,-1.600458156425054,-0.44559226461310764,1.2491142887344808e-05
0,100,0.2,0.1,-3.1065185014598735,-1.0448047726834666,0.020959307156034338
1,100,0.2,0.1,-0.993958520004699,-0.25717533546200566,1.4355348177996305
2,100,0.2,0.1,6.356369157344828,0.7686001440474668,0.05785154225188571
0,100,0.3,0.1,-3.0430084018104386,-1.0151196602732515,0.16357531486907745
1,100,0.3,0.1,-1.751430283807086,-0.49672850004104063,0.0036829472285677656
2,100,0.3,0.1,-2.075426843199411,-0.6126595186267527,0.00027696631262133693
0,100,0.1,0.0,-5.356791356420272,-2.433042150226675,0.0016161388659784355
1,100,0.1,0.0,-2.0573321862196767,-0.6059544333001803,5.462810653456412e-10
2,100,0.1,0.0,8.52786657761849,0.8596497009829402,7.734709406986026e-06
0,100,0.1,0.1,-5.442172729738381,-2.501202847258524,0.03209046932941814
1,100,0.1,0.1,0.19716786237343226,0.044384437489016104,1.4498707760841719e-05
2,100,0.1,0.1,3.5408326379926485,0.5574964734241026,3.881732906395305e-07
0,100,0.1,0.2,-3.9585556036244505,-1.488029700409657,0.008023607235959365
1,100,0.1,0.2,2.7655125969544248,0.4710084432485143,1.7275941788988995e-08
2,100,0.1,0.2,15.228407690437443,0.9699973765798131,1.5838161988005085e-08
0,50,0.1,0.1,-5.254932015276803,-2.3534605488186684,0.0002704285548096062
1,50,0.1,0.1,-3.9763794299337976,-1.4982617747437001,0.0007601562006466678
2,50,0.1,0.1,1.9922260896964468,0.3679122247571004,2.1642657739631193e-05
0,100,0.1,0.1,-4.973466656602952,-2.143016534059815,0.005762288709112019
1,100,0.1,0.1,1.20495517608964,0.2422874467574786,3.4296482580633515e-08
2,100,0.1,0.1,-2.65981726326491,-0.8449377886741558,6.185569221724027e-05
0,200,0.1,0.1,-3.511974896650367,-1.2449025314120843,1.1237017251529584e-07
1,200,0.1,0.1,5.242548355953673,0.7009490651324621,6.10950106614769e-05
2,200,0.1,0.1,25.923580395526283,0.9974435225843611,2.9622986975706294e-06
0,100,0.0,0.1,-6.866814351302448,-3.860505457798598,5.115122967798753e-06
1,100,0.0,0.1,11.019779229869462,0.920928117746213,4.723968884238348e-05
2,100,0.0,0.1,160.62465454322424,0.9999999999999999,1.580734195194231e-05
0,100,0.1,0.1,-4.739795497162853,-1.9783761788055347,0.022989771094879173
1,100,0.1,0.1,-0.24683056857620955,-0.05848097593791857,6.496259055478395e-06
2,100,0.1,0.1,0.43647620956589783,0.09561702316290244,8.091906242656565e-09
0,100,0.2,0.1,-2.4616174729582134,-0.7626323935460713,0.1151065947768767
1,100,0.2,0.1,-4.268298817152038,-1.6719595654842263,0.4778353668759139
2,100,0.2,0.1,-0.17709400763597571,-0.0416202173730047,0.050325459286459595
0,100,0.3,0.1,-2.187084805397756,-0.6546589035316324,0.010605281187748759
1,100,0.3,0.1,3.0449885306551994,0.5039777626535669,0.09123798129824848
2,100,0.3,0.1,-2.098818298866412,-0.6213688681474137,0.14388328286556734
0,100,0.1,0.0,3.5191244824372325,0.5552790878908469,0.00019387248969621537
1,100,0.1,0.0,-3.7889342763306804,-1.392728528054199,5.527181342244073e-09
2,100,0.1,0.0,11.324928414793263,0.9262932675605573,6.686585234098766e-09
0,100,0.1,0.1,-3.4889968745237345,-1.2330563759677169,2.9113270365443518e-05
1,100,0.1,0.1,-2.9452752723720583,-0.9702780869831531,2.919624175539646e-05
2,100,0.1,0.1,3.606737691185219,0.5641608580570809,2.174417915458358e-09
0,100,0.1,0.2,-4.118852019156887,-1.5815777059157385,0.008099333586919763
1,100,0.1,0.2,-4.092126611839455,-1.565740096128898,1.4999468709619456e-07
2,100,0.1,0.2,0.9873639520137766,0.20335725607904676,1.1222751404306865e-05
0,50,0.1,0.1,-3.551554942378897,-1.265455283100747,8.65325633551966e-06
1,50,0.1,0.1,-2.6114492951762127,-0.8245044607690908,0.001070274990347401
2,50,0.1,0.1,-2.4564991288922773,-0.7605562803893793,1.3846054400501203e-05
0,100,0.1,0.1,0.38207105427380067,0.08421633099012438,3.9818769998818955e-05
1,100,0.1,0.1,1.7435307763246728,0.33065977961661364,4.56088510962896e-09
2,100,0.1,0.1,-1.8599724104364697,-0.5346072338201981,2.1533793910391582e-05
0,200,0.1,0.1,-4.946462780857958,-2.123534290826607,4.420140674707822e-08
1,200,0.1,0.1,-4.326154116660163,-1.7077926911777825,4.4893887102397937e-07
2,200,0.1,0.1,22.69876025297165,0.9946281487941345,2.985855038666301e-09
0,100,0.0,0.1,-5.538779322173517,-2.57995800559127,7.29867132985271e-08
1,100,0.0,0.1,11.21180799520734,0.9243482113692487,3.395983270235083e-06
2,100,0.0,0.1,44.7887039224874,0.9999668006479449,6.265893712506606e-05
0,100,0.1,0.1,-5.6996122266736915,-2.715020569004515,4.124157259306251e-08
1,100,0.1,0.1,2.066675880779834,0.37865556651504717,2.078389493277934e-08
2,100,0.1,0.1,2.5718264377027045,0.4468825548074796,6.444772921523283e-06
0,100,0.2,0.1,-2.972675410419975,-0.982748093890166,0.07799643107715691
1,100,0.2,0.1,0.5737614698222967,0.12375842957328764,0.2528194235278121
2,100,0.2,0.1,-1.6729436086438974,-0.4699222400529104,0.0059018824512054
0,100,0.3,0.1,-1.883312152026733,-0.5428766811008119,0.006690406595134153
1,100,0.3,0.1,-1.9323738055631572,-0.5604051699692638,0.055703538885672074
2,100,0.3,0.1,-1.8369196803165877,-0.5264829858779208,0.0017342474693355526
0,100,0.1,0.0,-4.04056154765022,-1.5354564466744889,3.5289162269852455e-07
1,100,0.1,0.0,-4.210619882566743,-1.6367077047905845,7.029996260830046e-05
2,100,0.1,0.0,2.943660189114652,0.49226864855741737,1.650713116815747e-05
0,100,0.1,0.1,-3.847668745093602,-1.425307861489609,0.00031733328399919926
1,100,0.1,0.1,1.756567237063692,0.3326659631070251,2.1399967908381509e-07
2,100,0.1,0.1,7.998748073507482,0.8414649869707371,1.065620476815435e-07
0,100,0.1,0.2,-5.195830904082641,-2.308133981292796,0.0012810499838214824
1,100,0.1,0.2,-4.127925160337297,-1.5869766930843827,5.5121081520852775e-05
2,100,0.1,0.2,2.8756981653040183,0.48426075106141064,3.398944301312204e-05
0,50,0.1,0.1,-3.743582858835799,-1.3678723480952106,0.7040874286002896
1,50,0.1,0.1,-3.8089832232855874,-1.4037999528942438,0.00013816803040925108
2,50,0.1,0.1,-0.7254584211815456,-0.18180505184006002,5.166193660381604e-09
0,100,0.1,0.1,-3.585632740496496,-1.2833015635188505,0.00392649140471758
1,100,0.1,0.1,0.5003850563552101,0.10882807890167268,9.81825106062345e-08
2,100,0.1,0.1,8.243305807385969,0.8501456275662098,1.7518162274554604e-05
0,200,0.1,0.1,-2.6940836019615393,-0.8595521406138578,9.961489481215968e-06
1,200,0.1,0.1,0.10400945927703611,0.023664559955421494,7.957529885331629e-06
2,200,0.1,0.1,32.595941003000874,0.9994499452749311,1.4409778275204024e-06
0,100,0.0,0.1,-3.279463203128454,-1.1278760198950102,1.5819043182649173e-07
1,100,0.0,0.1,8.045933952461993,0.8431781384784697,1.0532565177928577e-05
2,100,0.0,0.1,141.00307604859643,0.9999999999999921,8.81954536258295e-05
0,100,0.1,0.1,-2.8312507244111815,-0.919221377535955,1.8618006384659393e-07
1,100,0.1,0.1,-0.6969067992946731,-0.1740610487892733,1.2413146362626977e-05
2,100,0.1,0.1,4.148592041756776,0.6152835152527404,5.678482409372785e-06
0,100,0.2,0.1,-5.022575324273285,-2.178758484911847,19.25468917774625
1,100,0.2,0.1,0.12431893327648397,0.028219664410773615,1.7194256734753022
2,100,0.2,0.1,-1.047880718760244,-0.27288178535274277,0.05581097162060421
0,100,0.3,0.1,-2.3374669799671275,-0.7129579343786381,0.10979971711752076
1,100,0.3,0.1,0.06406113586722123,0.014642364171317923,0.003617780196657327
2,100,0.3,0.1,-3.4456086535685797,-1.2108580811824248,0.4450376923805158
0,100,0.1,0.0,-5.14779347084791,-2.271744244424893,0.39825677098355416
1,100,0.1,0.0,-3.3510673454873388,-1.1632501103887383,1.2474928604958326e-06
2,100,0.1,0.0,-1.7754718800005427,-0.5050370387933654,9.236225437802443e-06
0,100,0.1,0.1,2.4281915468397712,0.42828334336734497,2.5000345066176467e-07
1,100,0.1,0.1,-4.884995353130126,-2.079637046346486,1.0560007704638967e-09
2,100,0.1,0.1,10.146640032931575,0.9033201435922809,1.200808632971304e-07
0,100,0.1,0.2,-1.8942120216664455,-0.5467538374558825,0.001134333756588502
1,100,0.1,0.2,-4.398081226306219,-1.7530121153918845,4.198915045674866e-06
2,100,0.1,0.2,0.6226663129962446,0.13357022454867384,4.376245917441109e-08
0,50,0.1,0.1,-4.324494149477801,-1.706757912177138,2.486388409913358e-08
1,50,0.1,0.1,3.7756120223257383,0.5807830849296565,0.00047689487972759335
2,50,0.1,0.1,4.7581312331806345,0.6656611250841225,2.125996222655196e-10
0,100,0.1,0.1,-3.7976775107063143,-1.3975504310789666,3.660536482591531e-05
1,100,0.1,0.1,2.384146250866381,0.4224556030330301,8.690821912844078e-10
2,100,0.1,0.1,0.5487566569564019,0.11869885512215295,9.305002395364861e-06
0,200,0.1,0.1,-3.642523620009274,-1.3134086867223633,3.3140943362756746e-08
1,200,0.1,0.1,-0.4940881998683036,-0.12049215440440775,2.5432242122102615e-08
2,200,0.1,0.1,10.174292551489819,0.9039337706275411,5.831991855048257e-05
0,100,0.0,0.1,-6.450520630120977,-3.4162338577767652,7.547201444174772e-08
1,100,0.0,0.1,22.858676082564365,0.9948223535504499,1.7364239825651185e-05
2,100,0.0,0.1,164.69231961513788,1.0,2.461987788558418e-05
0,100,0.1,0.1,-4.320332744112893,-1.7041655416652652,0.020238007050637854
1,100,0.1,0.1,-2.5510559277918965,-0.7993083392286213,8.384201046747843e-09
2,100,0.1,0.1,2.0240683107132846,0.37252970763718196,1.6559493350178851e-06
0,100,0.2,0.1,0.8932998056522703,0.1859144999726431,4.812320980739882
1,100,0.2,0.1,-0.2403793270408039,-0.056909819151435226,0.673771352868662
2,100,0.2,0.1,-0.2068568817082923,-0.04878311839213967,0.02363219815797951
0,100,0.3,0.1,-1.7535691431783795,-0.49746580625708914,0.03623760794470428
1,100,0.3,0.1,-1.4023510662801262,-0.3811317420953877,0.15661677603943575
2,100,0.3,0.1,-1.4621937141915156,-0.40029446260456103,0.005938686058768567
0,100,0.1,0.0,-3.517448705104875,-1.2477337701613416,4.231290859969438e-09
1,100,0.1,0.0,2.1314470693184857,0.38785360945203773,8.575702067869224e-08
2,100,0.1,0.0,3.510369756378892,0.554381692960924,1.4894578277780184e-05
0,100,0.1,0.1,-2.5230568368102535,-0.7877454594340367,4.5090073101638675e-09
1,100,0.1,0.1,-4.974004020438013,-2.1434054517140266,1.4799964694793997e-07
2,100,0.1,0.1,2.5916204140174557,0.4493977793860431,1.8361503419522491e-06
0,100,0.1,0.2,-6.221988717271218,-3.189853825946641,2.909821302498001e-07
1,100,0.1,0.2,-4.770605736707511,-1.9995808594465765,1.419228560883445e-09
2,100,0.1,0.2,3.040803719958081,0.5034995710897112,1.407770936765838e-07
nonstationary level,time series length,observation noise,process noise,evidence,significance_level,bayes factor error
0,50,0.1,0.1,-3.260681252343281,-1.1186934562292432,nan
1,50,0.1,0.1,-2.5614292724778345,-0.8036112155263442,nan
2,50,0.1,0.1,2.832918301372197,0.47915539519120054,nan
0,100,0.1,0.1,-0.4908648127826321,-0.11966081989099853,nan
1,100,0.1,0.1,-3.6603068204157485,-1.322900898889821,nan
2,100,0.1,0.1,4.692733007987013,0.6605883857970647,nan
0,200,0.1,0.1,-4.4363522511756575,-1.7773794967523489,nan
1,200,0.1,0.1,-4.090646522897821,-1.5648658330030099,nan
2,200,0.1,0.1,12.516016482344465,0.9439728731551793,nan
0,100,0.0,0.1,-2.7419663679104858,-0.8801679132729374,nan
1,100,0.0,0.1,9.769589136048287,0.8945513348701077,nan
2,100,0.0,0.1,177.74975820353123,1.0,nan
0,100,0.1,0.1,-3.8280556262726044,-1.4143796539110487,nan
1,100,0.1,0.1,-2.531331834036467,-0.7911550563913434,nan
2,100,0.1,0.1,2.1121062289531816,0.38512140167586406,nan
0,100,0.2,0.1,-3.7906211142078305,-1.3936580653192712,nan
1,100,0.2,0.1,-1.4542252014112853,-0.39772753293991614,nan
2,100,0.2,0.1,-1.4626122810225992,-0.4004294274925988,nan
0,100,0.3,0.1,-1.4186777497841523,-0.3863336823412242,nan
1,100,0.3,0.1,0.44361727066573564,0.09710286920781974,nan
2,100,0.3,0.1,-1.9406552178731777,-0.5633834917205254,nan
0,100,0.1,0.0,-2.512871043909054,-0.7835574560486009,nan
1,100,0.1,0.0,-3.2300314779044674,-1.1037936881243295,nan
2,100,0.1,0.0,13.675160433477085,0.9570973659790227,nan
0,100,0.1,0.1,-3.1677034297382183,-1.0738165831916051,nan
1,100,0.1,0.1,-1.3140961733786325,-0.35334841092115554,nan
2,100,0.1,0.1,9.962880168986036,0.8991416211809344,nan
0,100,0.1,0.2,-3.2249417453626834,-1.101329582408693,nan
1,100,0.1,0.2,-2.8129984108829724,-0.9111722949143821,nan
2,100,0.1,0.2,0.44008210632623435,0.09636761022424412,nan
0,50,0.1,0.1,-4.374735621492793,-1.738252936945062,nan
1,50,0.1,0.1,-3.2695751478421538,-1.1230367640193064,nan
2,50,0.1,0.1,19.573826382422116,0.9889689370801766,nan
0,100,0.1,0.1,-2.492014033405967,-0.7750124491088852,nan
1,100,0.1,0.1,-2.2184357052520802,-0.6666467912883878,nan
2,100,0.1,0.1,7.125959859623672,0.8061775789654222,nan
0,200,0.1,0.1,-4.010240409730364,-1.5178163011125978,nan
1,200,0.1,0.1,6.017948729624015,0.7498473390091052,nan
2,200,0.1,0.1,25.031088867950963,0.9968602785992536,nan
0,100,0.0,0.1,-3.473851014062317,-1.2252822378070243,nan
1,100,0.0,0.1,52.54208945655351,0.999994430822571,nan
nonstationary level,time series length,observation noise,process noise,evidence,significance_level,bayes factor error
0,50,0.1,0.1,nan,nan,nan
1,50,0.1,0.1,nan,nan,nan
2,50,0.1,0.1,nan,nan,nan
0,100,0.1,0.1,nan,nan,nan
1,100,0.1,0.1,nan,nan,nan
2,100,0.1,0.1,nan,nan,nan
0,200,0.1,0.1,nan,nan,nan
1,200,0.1,0.1,nan,nan,nan
2,200,0.1,0.1,nan,nan,nan
0,100,0.0,0.1,-10.79181246047625,-11.000000000000002,nan
1,100,0.0,0.1,-10.7918124604508,-10.999999999929685,nan
2,100,0.0,0.1,179.56242234240477,1.0,nan
0,100,0.1,0.1,nan,nan,nan
1,100,0.1,0.1,nan,nan,nan
2,100,0.1,0.1,nan,nan,nan
0,100,0.2,0.1,nan,nan,nan
1,100,0.2,0.1,nan,nan,nan
2,100,0.2,0.1,nan,nan,nan
0,100,0.3,0.1,nan,nan,nan
1,100,0.3,0.1,nan,nan,nan
2,100,0.3,0.1,nan,nan,nan
0,100,0.1,0.0,nan,nan,nan
1,100,0.1,0.0,nan,nan,nan
2,100,0.1,0.0,nan,nan,nan
0,100,0.1,0.1,-10.791634713557134,-10.99950887716281,nan
1,100,0.1,0.1,nan,nan,nan
2,100,0.1,0.1,nan,nan,nan
0,100,0.1,0.2,nan,nan,nan
1,100,0.1,0.2,nan,nan,nan
2,100,0.1,0.2,nan,nan,nan
0,50,0.1,0.1,nan,nan,nan
1,50,0.1,0.1,nan,nan,nan
2,50,0.1,0.1,nan,nan,nan
0,100,0.1,0.1,nan,nan,nan
1,100,0.1,0.1,nan,nan,nan
2,100,0.1,0.1,nan,nan,nan
0,200,0.1,0.1,nan,nan,nan
1,200,0.1,0.1,nan,nan,nan
2,200,0.1,0.1,nan,nan,nan
0,100,0.0,0.1,-10.791812460476248,-10.999999999999995,nan
1,100,0.0,0.1,-10.791812460393807,-10.999999999772204,nan
2,100,0.0,0.1,nan,nan,nan
0,100,0.1,0.1,nan,nan,nan
1,100,0.1,0.1,nan,nan,nan
2,100,0.1,0.1,nan,nan,nan
0,100,0.2,0.1,nan,nan,nan
1,100,0.2,0.1,nan,nan,nan
2,100,0.2,0.1,nan,nan,nan
0,100,0.3,0.1,nan,nan,nan
1,100,0.3,0.1,nan,nan,nan
2,100,0.3,0.1,nan,nan,nan
0,100,0.1,0.0,nan,nan,nan
1,100,0.1,0.0,nan,nan,nan
2,100,0.1,0.0,nan,nan,nan
0,100,0.1,0.1,nan,nan,nan
1,100,0.1,0.1,nan,nan,nan
2,100,0.1,0.1,nan,nan,nan
0,100,0.1,0.2,nan,nan,nan
1,100,0.1,0.2,nan,nan,nan
2,100,0.1,0.2,nan,nan,nan
0,50,0.1,0.1,nan,nan,nan
1,50,0.1,0.1,nan,nan,nan
2,50,0.1,0.1,nan,nan,nan
0,100,0.1,0.1,nan,nan,nan
1,100,0.1,0.1,nan,nan,nan
2,100,0.1,0.1,nan,nan,nan
0,200,0.1,0.1,-10.79181246047625,-11.000000000000002,nan
1,200,0.1,0.1,nan,nan,nan
2,200,0.1,0.1,nan,nan,nan
0,100,0.0,0.1,-10.791812460476248,-10.999999999999995,nan
1,100,0.0,0.1,-10.791807108769795,-10.99998521269771,nan
2,100,0.0,0.1,282.31197516678264,1.0,nan
0,100,0.1,0.1,nan,nan,nan
1,100,0.1,0.1,nan,nan,nan
2,100,0.1,0.1,nan,nan,nan
0,100,0.2,0.1,nan,nan,nan
1,100,0.2,0.1,nan,nan,nan
2,100,0.2,0.1,nan,nan,nan
0,100,0.3,0.1,nan,nan,nan
1,100,0.3,0.1,nan,nan,nan
2,100,0.3,0.1,nan,nan,nan
0,100,0.1,0.0,nan,nan,nan
1,100,0.1,0.0,nan,nan,nan
2,100,0.1,0.0,nan,nan,nan
0,100,0.1,0.1,nan,nan,nan
1,100,0.1,0.1,nan,nan,nan
2,100,0.1,0.1,nan,nan,nan
0,100,0.1,0.2,-10.791723401855293,-10.999753924459467,nan
1,100,0.1,0.2,nan,nan,nan
2,100,0.1,0.2,nan,nan,nan
0,50,0.1,0.1,nan,nan,nan
1,50,0.1,0.1,nan,nan,nan
2,50,0.1,0.1,nan,nan,nan
0,100,0.1,0.1,nan,nan,nan
1,100,0.1,0.1,nan,nan,nan
2,100,0.1,0.1,nan,nan,nan
0,200,0.1,0.1,nan,nan,nan
1,200,0.1,0.1,nan,nan,nan
2,200,0.1,0.1,nan,nan,nan
0,100,0.0,0.1,-10.79181246047625,-11.000000000000002,nan
1,100,0.0,0.1,-10.79181237051042,-10.999999751415235,nan
2,100,0.0,0.1,101.98383088076739,0.9999999999366689,nan
0,100,0.1,0.1,nan,nan,nan
1,100,0.1,0.1,nan,nan,nan
2,100,0.1,0.1,nan,nan,nan
0,100,0.2,0.1,nan,nan,nan
1,100,0.2,0.1,nan,nan,nan
2,100,0.2,0.1,nan,nan,nan
0,100,0.3,0.1,nan,nan,nan
1,100,0.3,0.1,nan,nan,nan
2,100,0.3,0.1,nan,nan,nan
0,100,0.1,0.0,nan,nan,nan
1,100,0.1,0.0,nan,nan,nan
2,100,0.1,0.0,nan,nan,nan
0,100,0.1,0.1,nan,nan,nan
1,100,0.1,0.1,nan,nan,nan
2,100,0.1,0.1,nan,nan,nan
0,100,0.1,0.2,nan,nan,nan
1,100,0.1,0.2,nan,nan,nan
2,100,0.1,0.2,nan,nan,nan
0,50,0.1,0.1,nan,nan,nan
1,50,0.1,0.1,nan,nan,nan
2,50,0.1,0.1,nan,nan,nan
0,100,0.1,0.1,nan,nan,nan
1,100,0.1,0.1,nan,nan,nan
2,100,0.1,0.1,nan,nan,nan
0,200,0.1,0.1,nan,nan,nan
1,200,0.1,0.1,-10.791812460476248,-10.999999999999995,nan
2,200,0.1,0.1,nan,nan,nan
0,100,0.0,0.1,-10.79181246047625,-11.000000000000002,nan
1,100,0.0,0.1,-10.79181246047619,-10.999999999999842,nan
2,100,0.0,0.1,nan,nan,nan
0,100,0.1,0.1,nan,nan,nan
1,100,0.1,0.1,nan,nan,nan
2,100,0.1,0.1,nan,nan,nan
0,100,0.2,0.1,nan,nan,nan
1,100,0.2,0.1,nan,nan,nan
2,100,0.2,0.1,nan,nan,nan
0,100,0.3,0.1,nan,nan,nan
1,100,0.3,0.1,nan,nan,nan
2,100,0.3,0.1,nan,nan,nan
0,100,0.1,0.0,-10.791812460476226,-10.99999999999994,nan
1,100,0.1,0.0,nan,nan,nan
2,100,0.1,0.0,nan,nan,nan
0,100,0.1,0.1,nan,nan,nan
1,100,0.1,0.1,nan,nan,nan
2,100,0.1,0.1,nan,nan,nan
0,100,0.1,0.2,nan,nan,nan
1,100,0.1,0.2,nan,nan,nan
2,100,0.1,0.2,nan,nan,nan
0,50,0.1,0.1,nan,nan,nan
1,50,0.1,0.1,nan,nan,nan
2,50,0.1,0.1,nan,nan,nan
0,100,0.1,0.1,nan,nan,nan
1,100,0.1,0.1,-10.744424311173479,-10.869773481604073,nan
2,100,0.1,0.1,nan,nan,nan
0,200,0.1,0.1,nan,nan,nan
1,200,0.1,0.1,nan,nan,nan
2,200,0.1,0.1,nan,nan,nan
0,100,0.0,0.1,-10.791812460476248,-10.999999999999995,nan
1,100,0.0,0.1,-10.791812459463877,-10.999999997202714,nan
2,100,0.0,0.1,180.5059349719121,1.0,nan
0,100,0.1,0.1,nan,nan,nan
1,100,0.1,0.1,nan,nan,nan
2,100,0.1,0.1,nan,nan,nan
0,100,0.2,0.1,nan,nan,nan
1,100,0.2,0.1,nan,nan,nan
2,100,0.2,0.1,nan,nan,nan
0,100,0.3,0.1,nan,nan,nan
1,100,0.3,0.1,nan,nan,nan
2,100,0.3,0.1,nan,nan,nan
0,100,0.1,0.0,nan,nan,nan
1,100,0.1,0.0,nan,nan,nan
2,100,0.1,0.0,nan,nan,nan
0,100,0.1,0.1,nan,nan,nan
1,100,0.1,0.1,nan,nan,nan
2,100,0.1,0.1,nan,nan,nan
0,100,0.1,0.2,nan,nan,nan
1,100,0.1,0.2,nan,nan,nan
2,100,0.1,0.2,nan,nan,nan
0,50,0.1,0.1,nan,nan,nan
1,50,0.1,0.1,nan,nan,nan
2,50,0.1,0.1,nan,nan,nan
0,100,0.1,0.1,nan,nan,nan
1,100,0.1,0.1,nan,nan,nan
2,100,0.1,0.1,nan,nan,nan
0,200,0.1,0.1,-10.791812460476248,-10.999999999999995,nan
1,200,0.1,0.1,nan,nan,nan
2,200,0.1,0.1,nan,nan,nan
0,100,0.0,0.1,-10.79181246047625,-11.000000000000002,nan
1,100,0.0,0.1,-9.265991738463802,-7.4449906650669195,nan
2,100,0.0,0.1,nan,nan,nan
0,100,0.1,0.1,nan,nan,nan
1,100,0.1,0.1,nan,nan,nan
2,100,0.1,0.1,nan,nan,nan
0,100,0.2,0.1,nan,nan,nan
1,100,0.2,0.1,nan,nan,nan
2,100,0.2,0.1,nan,nan,nan
0,100,0.3,0.1,nan,nan,nan
1,100,0.3,0.1,nan,nan,nan
2,100,0.3,0.1,nan,nan,nan
0,100,0.1,0.0,nan,nan,nan
1,100,0.1,0.0,nan,nan,nan
2,100,0.1,0.0,nan,nan,nan
0,100,0.1,0.1,nan,nan,nan
1,100,0.1,0.1,nan,nan,nan
2,100,0.1,0.1,nan,nan,nan
0,100,0.1,0.2,nan,nan,nan
1,100,0.1,0.2,nan,nan,nan
2,100,0.1,0.2,nan,nan,nan
0,50,0.1,0.1,nan,nan,nan
1,50,0.1,0.1,nan,nan,nan
2,50,0.1,0.1,nan,nan,nan
0,100,0.1,0.1,nan,nan,nan
1,100,0.1,0.1,nan,nan,nan
2,100,0.1,0.1,nan,nan,nan
0,200,0.1,0.1,nan,nan,nan
1,200,0.1,0.1,nan,nan,nan
2,200,0.1,0.1,nan,nan,nan
0,100,0.0,0.1,-10.79181246047623,-10.999999999999947,nan
1,100,0.0,0.1,nan,nan,nan
2,100,0.0,0.1,100.4337103079397,0.9999999999095041,nan
0,100,0.1,0.1,nan,nan,nan
1,100,0.1,0.1,nan,nan,nan
2,100,0.1,0.1,nan,nan,nan
0,100,0.2,0.1,nan,nan,nan
1,100,0.2,0.1,nan,nan,nan
2,100,0.2,0.1,nan,nan,nan
0,100,0.3,0.1,nan,nan,nan
1,100,0.3,0.1,nan,nan,nan
2,100,0.3,0.1,nan,nan,nan
0,100,0.1,0.0,nan,nan,nan
1,100,0.1,0.0,-10.784637670420803,-10.980191689176737,nan
2,100,0.1,0.0,nan,nan,nan
0,100,0.1,0.1,nan,nan,nan
1,100,0.1,0.1,-10.767787228421028,-10.933799111531275,nan
2,100,0.1,0.1,nan,nan,nan
0,100,0.1,0.2,nan,nan,nan
1,100,0.1,0.2,nan,nan,nan
2,100,0.1,0.2,nan,nan,nan
0,50,0.1,0.1,nan,nan,nan
1,50,0.1,0.1,nan,nan,nan
2,50,0.1,0.1,nan,nan,nan
0,100,0.1,0.1,nan,nan,nan
1,100,0.1,0.1,nan,nan,nan
2,100,0.1,0.1,nan,nan,nan
0,200,0.1,0.1,-10.79181246047625,-11.000000000000002,nan
1,200,0.1,0.1,nan,nan,nan
2,200,0.1,0.1,nan,nan,nan
0,100,0.0,0.1,-10.791812460476248,-10.999999999999995,nan
1,100,0.0,0.1,-10.791812460475992,-10.99999999999929,nan
2,100,0.0,0.1,62.32089899738586,0.9999994139831546,nan
0,100,0.1,0.1,nan,nan,nan
1,100,0.1,0.1,nan,nan,nan
2,100,0.1,0.1,nan,nan,nan
0,100,0.2,0.1,nan,nan,nan
1,100,0.2,0.1,nan,nan,nan
2,100,0.2,0.1,nan,nan,nan
0,100,0.3,0.1,nan,nan,nan
1,100,0.3,0.1,nan,nan,nan
2,100,0.3,0.1,-7.632370555965977,-4.7974505851604645,nan
0,100,0.1,0.0,nan,nan,nan
1,100,0.1,0.0,nan,nan,nan
2,100,0.1,0.0,nan,nan,nan
0,100,0.1,0.1,nan,nan,nan
1,100,0.1,0.1,nan,nan,nan
2,100,0.1,0.1,nan,nan,nan
0,100,0.1,0.2,nan,nan,nan
1,100,0.1,0.2,nan,nan,nan
2,100,0.1,0.2,nan,nan,nan
0,50,0.1,0.1,nan,nan,nan
1,50,0.1,0.1,nan,nan,nan
2,50,0.1,0.1,nan,nan,nan
0,100,0.1,0.1,nan,nan,nan
1,100,0.1,0.1,nan,nan,nan
2,100,0.1,0.1,nan,nan,nan
0,200,0.1,0.1,nan,nan,nan
1,200,0.1,0.1,-10.79181246047625,-11.000000000000002,nan
2,200,0.1,0.1,nan,nan,nan
0,100,0.0,0.1,-10.791812460476224,-10.999999999999934,nan
1,100,0.0,0.1,-10.79181246047603,-10.9999999999994,nan
2,100,0.0,0.1,168.82000542281173,1.0,nan
0,100,0.1,0.1,nan,nan,nan
1,100,0.1,0.1,nan,nan,nan
2,100,0.1,0.1,nan,nan,nan
0,100,0.2,0.1,nan,nan,nan
1,100,0.2,0.1,nan,nan,nan
2,100,0.2,0.1,nan,nan,nan
0,100,0.3,0.1,nan,nan,nan
1,100,0.3,0.1,nan,nan,nan
2,100,0.3,0.1,nan,nan,nan
0,100,0.1,0.0,nan,nan,nan
1,100,0.1,0.0,nan,nan,nan
2,100,0.1,0.0,nan,nan,nan
0,100,0.1,0.1,nan,nan,nan
1,100,0.1,0.1,nan,nan,nan
2,100,0.1,0.1,nan,nan,nan
0,100,0.1,0.2,nan,nan,nan
1,100,0.1,0.2,nan,nan,nan
2,100,0.1,0.2,nan,nan,nan
0,50,0.1,0.1,nan,nan,nan
1,50,0.1,0.1,nan,nan,nan
2,50,0.1,0.1,nan,nan,nan
0,100,0.1,0.1,nan,nan,nan
1,100,0.1,0.1,nan,nan,nan
2,100,0.1,0.1,nan,nan,nan
0,200,0.1,0.1,nan,nan,nan
1,200,0.1,0.1,nan,nan,nan
2,200,0.1,0.1,nan,nan,nan
0,100,0.0,0.1,-10.791812460476248,-10.999999999999995,nan
1,100,0.0,0.1,-10.791812447572289,-10.999999964345042,nan
2,100,0.0,0.1,226.88243938453468,1.0,nan
0,100,0.1,0.1,nan,nan,nan
1,100,0.1,0.1,nan,nan,nan
2,100,0.1,0.1,nan,nan,nan
0,100,0.2,0.1,nan,nan,nan
1,100,0.2,0.1,nan,nan,nan
2,100,0.2,0.1,nan,nan,nan
0,100,0.3,0.1,nan,nan,nan
1,100,0.3,0.1,nan,nan,nan
2,100,0.3,0.1,nan,nan,nan
0,100,0.1,0.0,nan,nan,nan
1,100,0.1,0.0,nan,nan,nan
2,100,0.1,0.0,nan,nan,nan
0,100,0.1,0.1,nan,nan,nan
1,100,0.1,0.1,nan,nan,nan
2,100,0.1,0.1,nan,nan,nan
0,100,0.1,0.2,nan,nan,nan
1,100,0.1,0.2,nan,nan,nan
2,100,0.1,0.2,nan,nan,nan
0,50,0.1,0.1,nan,nan,nan
1,50,0.1,0.1,nan,nan,nan
2,50,0.1,0.1,nan,nan,nan
0,100,0.1,0.1,nan,nan,nan
1,100,0.1,0.1,nan,nan,nan
2,100,0.1,0.1,nan,nan,nan
0,200,0.1,0.1,nan,nan,nan
1,200,0.1,0.1,nan,nan,nan
2,200,0.1,0.1,nan,nan,nan
0,100,0.0,0.1,-10.791812460470737,-10.999999999984773,nan
1,100,0.0,0.1,-10.791812460476038,-10.99999999999942,nan
2,100,0.0,0.1,207.58628490111775,1.0,nan
0,100,0.1,0.1,nan,nan,nan
1,100,0.1,0.1,nan,nan,nan
2,100,0.1,0.1,nan,nan,nan
0,100,0.2,0.1,nan,nan,nan
1,100,0.2,0.1,nan,nan,nan
2,100,0.2,0.1,nan,nan,nan
0,100,0.3,0.1,nan,nan,nan
1,100,0.3,0.1,nan,nan,nan
2,100,0.3,0.1,nan,nan,nan
0,100,0.1,0.0,nan,nan,nan
1,100,0.1,0.0,nan,nan,nan
2,100,0.1,0.0,nan,nan,nan
0,100,0.1,0.1,nan,nan,nan
1,100,0.1,0.1,nan,nan,nan
2,100,0.1,0.1,nan,nan,nan
0,100,0.1,0.2,nan,nan,nan
1,100,0.1,0.2,nan,nan,nan
2,100,0.1,0.2,nan,nan,nan
0,50,0.1,0.1,nan,nan,nan
1,50,0.1,0.1,nan,nan,nan
2,50,0.1,0.1,nan,nan,nan
0,100,0.1,0.1,nan,nan,nan
1,100,0.1,0.1,nan,nan,nan
2,100,0.1,0.1,nan,nan,nan
0,200,0.1,0.1,nan,nan,nan
1,200,0.1,0.1,nan,nan,nan
2,200,0.1,0.1,nan,nan,nan
0,100,0.0,0.1,-10.791812460476248,-10.999999999999995,nan
1,100,0.0,0.1,-10.786378990928219,-10.984996156449462,nan
2,100,0.0,0.1,nan,nan,nan
0,100,0.1,0.1,nan,nan,nan
1,100,0.1,0.1,nan,nan,nan
2,100,0.1,0.1,nan,nan,nan
0,100,0.2,0.1,nan,nan,nan
1,100,0.2,0.1,nan,nan,nan
2,100,0.2,0.1,nan,nan,nan
0,100,0.3,0.1,nan,nan,nan
1,100,0.3,0.1,nan,nan,nan
2,100,0.3,0.1,nan,nan,nan
0,100,0.1,0.0,nan,nan,nan
1,100,0.1,0.0,nan,nan,nan
2,100,0.1,0.0,nan,nan,nan
0,100,0.1,0.1,nan,nan,nan
1,100,0.1,0.1,nan,nan,nan
2,100,0.1,0.1,nan,nan,nan
0,100,0.1,0.2,nan,nan,nan
1,100,0.1,0.2,nan,nan,nan
2,100,0.1,0.2,nan,nan,nan
0,50,0.1,0.1,nan,nan,nan
1,50,0.1,0.1,nan,nan,nan
2,50,0.1,0.1,nan,nan,nan
0,100,0.1,0.1,nan,nan,nan
1,100,0.1,0.1,nan,nan,nan
2,100,0.1,0.1,nan,nan,nan
0,200,0.1,0.1,nan,nan,nan
1,200,0.1,0.1,nan,nan,nan
2,200,0.1,0.1,nan,nan,nan
0,100,0.0,0.1,-10.79181246047625,-11.000000000000002,nan
1,100,0.0,0.1,-10.791812460453645,-10.999999999937543,nan
2,100,0.0,0.1,181.1628422639808,1.0,nan
0,100,0.1,0.1,nan,nan,nan
1,100,0.1,0.1,nan,nan,nan
2,100,0.1,0.1,nan,nan,nan
0,100,0.2,0.1,nan,nan,nan
1,100,0.2,0.1,nan,nan,nan
2,100,0.2,0.1,nan,nan,nan
0,100,0.3,0.1,nan,nan,nan
1,100,0.3,0.1,nan,nan,nan
2,100,0.3,0.1,nan,nan,nan
0,100,0.1,0.0,nan,nan,nan
1,100,0.1,0.0,nan,nan,nan
2,100,0.1,0.0,nan,nan,nan
0,100,0.1,0.1,nan,nan,nan
1,100,0.1,0.1,nan,nan,nan
2,100,0.1,0.1,nan,nan,nan
0,100,0.1,0.2,nan,nan,nan
1,100,0.1,0.2,nan,nan,nan
2,100,0.1,0.2,nan,nan,nan
0,50,0.1,0.1,nan,nan,nan
1,50,0.1,0.1,nan,nan,nan
2,50,0.1,0.1,nan,nan,nan
0,100,0.1,0.1,nan,nan,nan
1,100,0.1,0.1,nan,nan,nan
2,100,0.1,0.1,nan,nan,nan
0,200,0.1,0.1,-10.79181246047625,-11.000000000000002,nan
1,200,0.1,0.1,nan,nan,nan
2,200,0.1,0.1,nan,nan,nan
0,100,0.0,0.1,-10.791812460476248,-10.999999999999995,nan
1,100,0.0,0.1,-10.7918112197932,-10.999996571866538,nan
2,100,0.0,0.1,83.84141186316566,0.9999999958708675,nan
0,100,0.1,0.1,nan,nan,nan
1,100,0.1,0.1,nan,nan,nan
2,100,0.1,0.1,nan,nan,nan
0,100,0.2,0.1,nan,nan,nan
1,100,0.2,0.1,nan,nan,nan
2,100,0.2,0.1,nan,nan,nan
0,100,0.3,0.1,nan,nan,nan
1,100,0.3,0.1,nan,nan,nan
2,100,0.3,0.1,nan,nan,nan
0,100,0.1,0.0,nan,nan,nan
1,100,0.1,0.0,nan,nan,nan
2,100,0.1,0.0,nan,nan,nan
0,100,0.1,0.1,nan,nan,nan
1,100,0.1,0.1,nan,nan,nan
2,100,0.1,0.1,nan,nan,nan
0,100,0.1,0.2,nan,nan,nan
1,100,0.1,0.2,nan,nan,nan
2,100,0.1,0.2,nan,nan,nan
0,50,0.1,0.1,nan,nan,nan
1,50,0.1,0.1,nan,nan,nan
2,50,0.1,0.1,nan,nan,nan
0,100,0.1,0.1,nan,nan,nan
1,100,0.1,0.1,nan,nan,nan
2,100,0.1,0.1,nan,nan,nan
0,200,0.1,0.1,nan,nan,nan
1,200,0.1,0.1,nan,nan,nan
2,200,0.1,0.1,nan,nan,nan
0,100,0.0,0.1,-10.791812460476248,-10.999999999999995,nan
1,100,0.0,0.1,-10.79181226910207,-10.999999471213616,nan
2,100,0.0,0.1,nan,nan,nan
0,100,0.1,0.1,nan,nan,nan
1,100,0.1,0.1,nan,nan,nan
2,100,0.1,0.1,nan,nan,nan
0,100,0.2,0.1,nan,nan,nan
1,100,0.2,0.1,nan,nan,nan
2,100,0.2,0.1,nan,nan,nan
0,100,0.3,0.1,nan,nan,nan
1,100,0.3,0.1,nan,nan,nan
2,100,0.3,0.1,nan,nan,nan
0,100,0.1,0.0,nan,nan,nan
1,100,0.1,0.0,nan,nan,nan
2,100,0.1,0.0,nan,nan,nan
0,100,0.1,0.1,nan,nan,nan
1,100,0.1,0.1,nan,nan,nan
2,100,0.1,0.1,nan,nan,nan
0,100,0.1,0.2,nan,nan,nan
1,100,0.1,0.2,-10.278031651006856,-9.661128183566353,nan
2,100,0.1,0.2,nan,nan,nan
0,50,0.1,0.1,nan,nan,nan
1,50,0.1,0.1,nan,nan,nan
2,50,0.1,0.1,nan,nan,nan
0,100,0.1,0.1,-10.680033957846335,-10.695085354685174,nan
1,100,0.1,0.1,nan,nan,nan
2,100,0.1,0.1,nan,nan,nan
0,200,0.1,0.1,nan,nan,nan
1,200,0.1,0.1,nan,nan,nan
2,200,0.1,0.1,nan,nan,nan
0,100,0.0,0.1,-10.791812460476248,-10.999999999999995,nan
1,100,0.0,0.1,-10.791812460476248,-10.999999999999995,nan
2,100,0.0,0.1,123.23028912493595,0.9999999999995247,nan
0,100,0.1,0.1,nan,nan,nan
1,100,0.1,0.1,nan,nan,nan
2,100,0.1,0.1,nan,nan,nan
0,100,0.2,0.1,nan,nan,nan
1,100,0.2,0.1,nan,nan,nan
2,100,0.2,0.1,nan,nan,nan
0,100,0.3,0.1,-4.679445829581368,-1.9372748245704594,nan
1,100,0.3,0.1,nan,nan,nan
2,100,0.3,0.1,nan,nan,nan
0,100,0.1,0.0,nan,nan,nan
1,100,0.1,0.0,nan,nan,nan
2,100,0.1,0.0,nan,nan,nan
0,100,0.1,0.1,nan,nan,nan
1,100,0.1,0.1,nan,nan,nan
2,100,0.1,0.1,nan,nan,nan
0,100,0.1,0.2,-10.791812460476216,-10.99999999999991,nan
1,100,0.1,0.2,nan,nan,nan
2,100,0.1,0.2,nan,nan,nan
0,50,0.1,0.1,nan,nan,nan
1,50,0.1,0.1,nan,nan,nan
2,50,0.1,0.1,nan,nan,nan
0,100,0.1,0.1,nan,nan,nan
1,100,0.1,0.1,nan,nan,nan
2,100,0.1,0.1,nan,nan,nan
0,200,0.1,0.1,nan,nan,nan
1,200,0.1,0.1,nan,nan,nan
2,200,0.1,0.1,nan,nan,nan
0,100,0.0,0.1,-10.79181246047625,-11.000000000000002,nan
1,100,0.0,0.1,-10.791812460475729,-10.999999999998566,nan
2,100,0.0,0.1,106.15580361844016,0.9999999999757663,nan
0,100,0.1,0.1,nan,nan,nan
1,100,0.1,0.1,nan,nan,nan
2,100,0.1,0.1,nan,nan,nan
0,100,0.2,0.1,nan,nan,nan
1,100,0.2,0.1,nan,nan,nan
2,100,0.2,0.1,nan,nan,nan
0,100,0.3,0.1,nan,nan,nan
1,100,0.3,0.1,nan,nan,nan
2,100,0.3,0.1,nan,nan,nan
0,100,0.1,0.0,nan,nan,nan
1,100,0.1,0.0,nan,nan,nan
2,100,0.1,0.0,nan,nan,nan
0,100,0.1,0.1,nan,nan,nan
1,100,0.1,0.1,nan,nan,nan
2,100,0.1,0.1,nan,nan,nan
0,100,0.1,0.2,nan,nan,nan
1,100,0.1,0.2,nan,nan,nan
2,100,0.1,0.2,nan,nan,nan
0,50,0.1,0.1,nan,nan,nan
1,50,0.1,0.1,nan,nan,nan
2,50,0.1,0.1,nan,nan,nan
0,100,0.1,0.1,nan,nan,nan
1,100,0.1,0.1,nan,nan,nan
2,100,0.1,0.1,nan,nan,nan
0,200,0.1,0.1,nan,nan,nan
1,200,0.1,0.1,nan,nan,nan
2,200,0.1,0.1,nan,nan,nan
0,100,0.0,0.1,nan,nan,nan
1,100,0.0,0.1,nan,nan,nan
2,100,0.0,0.1,88.88924393289895,0.9999999987085559,nan
0,100,0.1,0.1,nan,nan,nan
1,100,0.1,0.1,nan,nan,nan
2,100,0.1,0.1,nan,nan,nan
0,100,0.2,0.1,nan,nan,nan
1,100,0.2,0.1,nan,nan,nan
2,100,0.2,0.1,nan,nan,nan
0,100,0.3,0.1,nan,nan,nan
1,100,0.3,0.1,nan,nan,nan
2,100,0.3,0.1,nan,nan,nan
0,100,0.1,0.0,nan,nan,nan
1,100,0.1,0.0,nan,nan,nan
2,100,0.1,0.0,nan,nan,nan
0,100,0.1,0.1,nan,nan,nan
1,100,0.1,0.1,nan,nan,nan
2,100,0.1,0.1,nan,nan,nan
0,100,0.1,0.2,nan,nan,nan
1,100,0.1,0.2,nan,nan,nan
2,100,0.1,0.2,nan,nan,nan
0,50,0.1,0.1,nan,nan,nan
1,50,0.1,0.1,nan,nan,nan
2,50,0.1,0.1,nan,nan,nan
0,100,0.1,0.1,nan,nan,nan
1,100,0.1,0.1,nan,nan,nan
2,100,0.1,0.1,nan,nan,nan
0,200,0.1,0.1,nan,nan,nan
1,200,0.1,0.1,nan,nan,nan
2,200,0.1,0.1,nan,nan,nan
0,100,0.0,0.1,-10.791812460476248,-10.999999999999995,nan
1,100,0.0,0.1,-10.79181246047623,-10.999999999999947,nan
2,100,0.0,0.1,nan,nan,nan
0,100,0.1,0.1,nan,nan,nan
1,100,0.1,0.1,nan,nan,nan
2,100,0.1,0.1,nan,nan,nan
0,100,0.2,0.1,nan,nan,nan
1,100,0.2,0.1,nan,nan,nan
2,100,0.2,0.1,nan,nan,nan
0,100,0.3,0.1,nan,nan,nan
1,100,0.3,0.1,nan,nan,nan
2,100,0.3,0.1,nan,nan,nan
0,100,0.1,0.0,nan,nan,nan
1,100,0.1,0.0,nan,nan,nan
2,100,0.1,0.0,nan,nan,nan
0,100,0.1,0.1,nan,nan,nan
1,100,0.1,0.1,nan,nan,nan
2,100,0.1,0.1,nan,nan,nan
0,100,0.1,0.2,nan,nan,nan
1,100,0.1,0.2,nan,nan,nan
2,100,0.1,0.2,nan,nan,nan
0,50,0.1,0.1,nan,nan,nan
1,50,0.1,0.1,nan,nan,nan
2,50,0.1,0.1,nan,nan,nan
0,100,0.1,0.1,nan,nan,nan
1,100,0.1,0.1,nan,nan,nan
2,100,0.1,0.1,nan,nan,nan
0,200,0.1,0.1,-10.791812460476248,-10.999999999999995,nan
1,200,0.1,0.1,nan,nan,nan
2,200,0.1,0.1,nan,nan,nan
0,100,0.0,0.1,-10.79181246047625,-11.000000000000002,nan
1,100,0.0,0.1,-10.791812460458862,-10.999999999951962,nan
2,100,0.0,0.1,151.5750535627287,0.9999999999999993,nan
0,100,0.1,0.1,nan,nan,nan
1,100,0.1,0.1,nan,nan,nan
2,100,0.1,0.1,nan,nan,nan
0,100,0.2,0.1,nan,nan,nan
1,100,0.2,0.1,nan,nan,nan
2,100,0.2,0.1,nan,nan,nan
0,100,0.3,0.1,nan,nan,nan
1,100,0.3,0.1,nan,nan,nan
2,100,0.3,0.1,nan,nan,nan
0,100,0.1,0.0,nan,nan,nan
1,100,0.1,0.0,nan,nan,nan
2,100,0.1,0.0,nan,nan,nan
0,100,0.1,0.1,nan,nan,nan
1,100,0.1,0.1,nan,nan,nan
2,100,0.1,0.1,nan,nan,nan
0,100,0.1,0.2,nan,nan,nan
1,100,0.1,0.2,nan,nan,nan
2,100,0.1,0.2,nan,nan,nan
0,50,0.1,0.1,nan,nan,nan
1,50,0.1,0.1,nan,nan,nan
2,50,0.1,0.1,nan,nan,nan
0,100,0.1,0.1,nan,nan,nan
1,100,0.1,0.1,nan,nan,nan
2,100,0.1,0.1,nan,nan,nan
0,200,0.1,0.1,nan,nan,nan
1,200,0.1,0.1,nan,nan,nan
2,200,0.1,0.1,nan,nan,nan
0,100,0.0,0.1,-10.791812460476248,-10.999999999999995,nan
1,100,0.0,0.1,nan,nan,nan
2,100,0.0,0.1,100.06223073510434,0.9999999999014227,nan
0,100,0.1,0.1,nan,nan,nan
1,100,0.1,0.1,nan,nan,nan
2,100,0.1,0.1,nan,nan,nan
0,100,0.2,0.1,nan,nan,nan
1,100,0.2,0.1,nan,nan,nan
2,100,0.2,0.1,nan,nan,nan
0,100,0.3,0.1,nan,nan,nan
1,100,0.3,0.1,nan,nan,nan
2,100,0.3,0.1,nan,nan,nan
0,100,0.1,0.0,nan,nan,nan
1,100,0.1,0.0,nan,nan,nan
2,100,0.1,0.0,nan,nan,nan
0,100,0.1,0.1,nan,nan,nan
1,100,0.1,0.1,nan,nan,nan
2,100,0.1,0.1,nan,nan,nan
0,100,0.1,0.2,nan,nan,nan
1,100,0.1,0.2,nan,nan,nan
2,100,0.1,0.2,nan,nan,nan
0,50,0.1,0.1,nan,nan,nan
1,50,0.1,0.1,nan,nan,nan
2,50,0.1,0.1,nan,nan,nan
0,100,0.1,0.1,nan,nan,nan
1,100,0.1,0.1,nan,nan,nan
2,100,0.1,0.1,nan,nan,nan
0,200,0.1,0.1,nan,nan,nan
1,200,0.1,0.1,nan,nan,nan
2,200,0.1,0.1,nan,nan,nan
0,100,0.0,0.1,-10.791812460476248,-10.999999999999995,nan
1,100,0.0,0.1,-10.791812460473285,-10.999999999991811,nan
2,100,0.0,0.1,93.44276621239041,0.9999999995473908,nan
0,100,0.1,0.1,nan,nan,nan
1,100,0.1,0.1,nan,nan,nan
2,100,0.1,0.1,nan,nan,nan
0,100,0.2,0.1,nan,nan,nan
1,100,0.2,0.1,nan,nan,nan
2,100,0.2,0.1,nan,nan,nan
0,100,0.3,0.1,nan,nan,nan
1,100,0.3,0.1,nan,nan,nan
2,100,0.3,0.1,nan,nan,nan
0,100,0.1,0.0,nan,nan,nan
1,100,0.1,0.0,nan,nan,nan
2,100,0.1,0.0,nan,nan,nan
0,100,0.1,0.1,nan,nan,nan
1,100,0.1,0.1,nan,nan,nan
2,100,0.1,0.1,nan,nan,nan
0,100,0.1,0.2,nan,nan,nan
1,100,0.1,0.2,nan,nan,nan
2,100,0.1,0.2,nan,nan,nan
0,50,0.1,0.1,nan,nan,nan
1,50,0.1,0.1,nan,nan,nan
2,50,0.1,0.1,nan,nan,nan
0,100,0.1,0.1,nan,nan,nan
1,100,0.1,0.1,nan,nan,nan
2,100,0.1,0.1,nan,nan,nan
0,200,0.1,0.1,nan,nan,nan
1,200,0.1,0.1,nan,nan,nan
2,200,0.1,0.1,nan,nan,nan
0,100,0.0,0.1,-10.79181246047625,-11.000000000000002,nan
1,100,0.0,0.1,-10.791812460471096,-10.99999999998576,nan
2,100,0.0,0.1,163.1474859292429,1.0,nan
0,100,0.1,0.1,nan,nan,nan
1,100,0.1,0.1,nan,nan,nan
2,100,0.1,0.1,nan,nan,nan
0,100,0.2,0.1,nan,nan,nan
1,100,0.2,0.1,nan,nan,nan
2,100,0.2,0.1,nan,nan,nan
0,100,0.3,0.1,nan,nan,nan
1,100,0.3,0.1,nan,nan,nan
2,100,0.3,0.1,nan,nan,nan
0,100,0.1,0.0,nan,nan,nan
1,100,0.1,0.0,nan,nan,nan
2,100,0.1,0.0,nan,nan,nan
0,100,0.1,0.1,nan,nan,nan
1,100,0.1,0.1,nan,nan,nan
2,100,0.1,0.1,nan,nan,nan
0,100,0.1,0.2,-10.791812440458264,-10.999999944688264,nan
1,100,0.1,0.2,nan,nan,nan
2,100,0.1,0.2,nan,nan,nan
0,50,0.1,0.1,nan,nan,nan
1,50,0.1,0.1,nan,nan,nan
2,50,0.1,0.1,nan,nan,nan
0,100,0.1,0.1,-10.47750006521936,-10.162205313881019,nan
1,100,0.1,0.1,nan,nan,nan
2,100,0.1,0.1,nan,nan,nan
0,200,0.1,0.1,nan,nan,nan
1,200,0.1,0.1,nan,nan,nan
2,200,0.1,0.1,nan,nan,nan
0,100,0.0,0.1,-10.791812460476248,-10.999999999999995,nan
1,100,0.0,0.1,-10.791812460476232,-10.999999999999952,nan
2,100,0.0,0.1,107.43174761676096,0.9999999999819356,nan
0,100,0.1,0.1,nan,nan,nan
1,100,0.1,0.1,nan,nan,nan
2,100,0.1,0.1,nan,nan,nan
0,100,0.2,0.1,nan,nan,nan
1,100,0.2,0.1,nan,nan,nan
2,100,0.2,0.1,nan,nan,nan
0,100,0.3,0.1,nan,nan,nan
1,100,0.3,0.1,nan,nan,nan
2,100,0.3,0.1,nan,nan,nan
0,100,0.1,0.0,nan,nan,nan
1,100,0.1,0.0,nan,nan,nan
2,100,0.1,0.0,nan,nan,nan
0,100,0.1,0.1,nan,nan,nan
1,100,0.1,0.1,nan,nan,nan
2,100,0.1,0.1,nan,nan,nan
0,100,0.1,0.2,nan,nan,nan
1,100,0.1,0.2,nan,nan,nan
2,100,0.1,0.2,nan,nan,nan
0,50,0.1,0.1,nan,nan,nan
1,50,0.1,0.1,nan,nan,nan
2,50,0.1,0.1,nan,nan,nan
0,100,0.1,0.1,nan,nan,nan
1,100,0.1,0.1,nan,nan,nan
2,100,0.1,0.1,nan,nan,nan
0,200,0.1,0.1,nan,nan,nan
1,200,0.1,0.1,nan,nan,nan
2,200,0.1,0.1,nan,nan,nan
0,100,0.0,0.1,-10.791812460476248,-10.999999999999995,nan
1,100,0.0,0.1,-10.791812454614195,-10.999999983802551,nan
2,100,0.0,0.1,106.26361623269085,0.9999999999763605,nan
0,100,0.1,0.1,nan,nan,nan
1,100,0.1,0.1,nan,nan,nan
2,100,0.1,0.1,nan,nan,nan
0,100,0.2,0.1,nan,nan,nan
1,100,0.2,0.1,nan,nan,nan
2,100,0.2,0.1,nan,nan,nan
0,100,0.3,0.1,nan,nan,nan
1,100,0.3,0.1,nan,nan,nan
2,100,0.3,0.1,nan,nan,nan
0,100,0.1,0.0,nan,nan,nan
1,100,0.1,0.0,nan,nan,nan
2,100,0.1,0.0,nan,nan,nan
0,100,0.1,0.1,nan,nan,nan
1,100,0.1,0.1,nan,nan,nan
2,100,0.1,0.1,nan,nan,nan
0,100,0.1,0.2,nan,nan,nan
1,100,0.1,0.2,nan,nan,nan
2,100,0.1,0.2,nan,nan,nan
0,50,0.1,0.1,nan,nan,nan
1,50,0.1,0.1,nan,nan,nan
2,50,0.1,0.1,nan,nan,nan
0,100,0.1,0.1,nan,nan,nan
1,100,0.1,0.1,nan,nan,nan
2,100,0.1,0.1,nan,nan,nan
0,200,0.1,0.1,nan,nan,nan
1,200,0.1,0.1,nan,nan,nan
2,200,0.1,0.1,nan,nan,nan
0,100,0.0,0.1,-10.791812460476248,-10.999999999999995,nan
1,100,0.0,0.1,-10.791812460476248,-10.999999999999995,nan
2,100,0.0,0.1,163.50950233206714,1.0,nan
0,100,0.1,0.1,nan,nan,nan
1,100,0.1,0.1,nan,nan,nan
2,100,0.1,0.1,nan,nan,nan
0,100,0.2,0.1,nan,nan,nan
1,100,0.2,0.1,nan,nan,nan
2,100,0.2,0.1,nan,nan,nan
0,100,0.3,0.1,nan,nan,nan
1,100,0.3,0.1,nan,nan,nan
2,100,0.3,0.1,nan,nan,nan
0,100,0.1,0.0,nan,nan,nan
1,100,0.1,0.0,nan,nan,nan
2,100,0.1,0.0,nan,nan,nan
0,100,0.1,0.1,nan,nan,nan
1,100,0.1,0.1,nan,nan,nan
2,100,0.1,0.1,nan,nan,nan
0,100,0.1,0.2,nan,nan,nan
1,100,0.1,0.2,nan,nan,nan
2,100,0.1,0.2,nan,nan,nan
0,50,0.1,0.1,nan,nan,nan
1,50,0.1,0.1,nan,nan,nan
2,50,0.1,0.1,nan,nan,nan
0,100,0.1,0.1,nan,nan,nan
1,100,0.1,0.1,nan,nan,nan
2,100,0.1,0.1,nan,nan,nan
0,200,0.1,0.1,nan,nan,nan
1,200,0.1,0.1,nan,nan,nan
2,200,0.1,0.1,nan,nan,nan
0,100,0.0,0.1,-10.791812460472974,-10.999999999990951,nan
1,100,0.0,0.1,nan,nan,nan
2,100,0.0,0.1,126.11940236073448,0.9999999999997556,nan
0,100,0.1,0.1,nan,nan,nan
1,100,0.1,0.1,nan,nan,nan
2,100,0.1,0.1,nan,nan,nan
0,100,0.2,0.1,nan,nan,nan
1,100,0.2,0.1,nan,nan,nan
2,100,0.2,0.1,nan,nan,nan
0,100,0.3,0.1,nan,nan,nan
1,100,0.3,0.1,nan,nan,nan
2,100,0.3,0.1,nan,nan,nan
0,100,0.1,0.0,-10.717632152389998,-10.796772801039552,nan
1,100,0.1,0.0,nan,nan,nan
2,100,0.1,0.0,nan,nan,nan
0,100,0.1,0.1,nan,nan,nan
1,100,0.1,0.1,nan,nan,nan
2,100,0.1,0.1,nan,nan,nan
0,100,0.1,0.2,nan,nan,nan
1,100,0.1,0.2,nan,nan,nan
2,100,0.1,0.2,nan,nan,nan
0,50,0.1,0.1,nan,nan,nan
1,50,0.1,0.1,nan,nan,nan
2,50,0.1,0.1,nan,nan,nan
0,100,0.1,0.1,nan,nan,nan
1,100,0.1,0.1,nan,nan,nan
2,100,0.1,0.1,nan,nan,nan
0,200,0.1,0.1,nan,nan,nan
1,200,0.1,0.1,nan,nan,nan
2,200,0.1,0.1,4.224172671701266,0.6219208457132295,nan
0,100,0.0,0.1,nan,nan,nan
1,100,0.0,0.1,-10.791812460464701,-10.999999999968091,nan
2,100,0.0,0.1,30.45569304465189,0.9990996099324467,nan
0,100,0.1,0.1,nan,nan,nan
1,100,0.1,0.1,nan,nan,nan
2,100,0.1,0.1,nan,nan,nan
0,100,0.2,0.1,nan,nan,nan
1,100,0.2,0.1,nan,nan,nan
2,100,0.2,0.1,nan,nan,nan
0,100,0.3,0.1,nan,nan,nan
1,100,0.3,0.1,nan,nan,nan
2,100,0.3,0.1,nan,nan,nan
0,100,0.1,0.0,nan,nan,nan
1,100,0.1,0.0,nan,nan,nan
2,100,0.1,0.0,nan,nan,nan
0,100,0.1,0.1,nan,nan,nan
1,100,0.1,0.1,nan,nan,nan
2,100,0.1,0.1,nan,nan,nan
0,100,0.1,0.2,-10.791812460463472,-10.999999999964698,nan
1,100,0.1,0.2,nan,nan,nan
2,100,0.1,0.2,nan,nan,nan
0,50,0.1,0.1,nan,nan,nan
1,50,0.1,0.1,nan,nan,nan
2,50,0.1,0.1,nan,nan,nan
0,100,0.1,0.1,nan,nan,nan
1,100,0.1,0.1,nan,nan,nan
2,100,0.1,0.1,nan,nan,nan
0,200,0.1,0.1,nan,nan,nan
1,200,0.1,0.1,nan,nan,nan
2,200,0.1,0.1,nan,nan,nan
0,100,0.0,0.1,-10.79181246047625,-11.000000000000002,nan
1,100,0.0,0.1,-10.791812453840322,-10.999999981664256,nan
2,100,0.0,0.1,187.09562833491546,1.0,nan
0,100,0.1,0.1,nan,nan,nan
1,100,0.1,0.1,nan,nan,nan
2,100,0.1,0.1,nan,nan,nan
0,100,0.2,0.1,nan,nan,nan
1,100,0.2,0.1,nan,nan,nan
2,100,0.2,0.1,nan,nan,nan
0,100,0.3,0.1,nan,nan,nan
1,100,0.3,0.1,nan,nan,nan
2,100,0.3,0.1,nan,nan,nan
0,100,0.1,0.0,nan,nan,nan
1,100,0.1,0.0,nan,nan,nan
2,100,0.1,0.0,nan,nan,nan
0,100,0.1,0.1,nan,nan,nan
1,100,0.1,0.1,nan,nan,nan
2,100,0.1,0.1,nan,nan,nan
0,100,0.1,0.2,nan,nan,nan
1,100,0.1,0.2,nan,nan,nan
2,100,0.1,0.2,nan,nan,nan
0,50,0.1,0.1,nan,nan,nan
1,50,0.1,0.1,nan,nan,nan
2,50,0.1,0.1,nan,nan,nan
0,100,0.1,0.1,nan,nan,nan
1,100,0.1,0.1,nan,nan,nan
2,100,0.1,0.1,nan,nan,nan
0,200,0.1,0.1,nan,nan,nan
1,200,0.1,0.1,-10.791811866780103,-10.99999835955704,nan
2,200,0.1,0.1,nan,nan,nan
0,100,0.0,0.1,-10.791812460476248,-10.999999999999995,nan
1,100,0.0,0.1,-10.7918124000709,-10.999999833093854,nan
2,100,0.0,0.1,134.72527314495395,0.9999999999999664,nan
0,100,0.1,0.1,nan,nan,nan
1,100,0.1,0.1,nan,nan,nan
2,100,0.1,0.1,nan,nan,nan
0,100,0.2,0.1,nan,nan,nan
1,100,0.2,0.1,nan,nan,nan
2,100,0.2,0.1,nan,nan,nan
0,100,0.3,0.1,nan,nan,nan
1,100,0.3,0.1,nan,nan,nan
2,100,0.3,0.1,nan,nan,nan
0,100,0.1,0.0,nan,nan,nan
1,100,0.1,0.0,nan,nan,nan
2,100,0.1,0.0,nan,nan,nan
0,100,0.1,0.1,nan,nan,nan
1,100,0.1,0.1,nan,nan,nan
2,100,0.1,0.1,nan,nan,nan
0,100,0.1,0.2,nan,nan,nan
1,100,0.1,0.2,nan,nan,nan
2,100,0.1,0.2,nan,nan,nan
0,50,0.1,0.1,nan,nan,nan
1,50,0.1,0.1,nan,nan,nan
2,50,0.1,0.1,nan,nan,nan
0,100,0.1,0.1,nan,nan,nan
1,100,0.1,0.1,nan,nan,nan
2,100,0.1,0.1,nan,nan,nan
0,200,0.1,0.1,nan,nan,nan
1,200,0.1,0.1,nan,nan,nan
2,200,0.1,0.1,nan,nan,nan
0,100,0.0,0.1,-10.79181246047625,-11.000000000000002,nan
1,100,0.0,0.1,nan,nan,nan
2,100,0.0,0.1,171.1096812923994,1.0,nan
0,100,0.1,0.1,-10.791799315534538,-10.999963679238771,nan
1,100,0.1,0.1,nan,nan,nan
2,100,0.1,0.1,nan,nan,nan
0,100,0.2,0.1,nan,nan,nan
1,100,0.2,0.1,nan,nan,nan
2,100,0.2,0.1,nan,nan,nan
0,100,0.3,0.1,nan,nan,nan
1,100,0.3,0.1,nan,nan,nan
2,100,0.3,0.1,nan,nan,nan
0,100,0.1,0.0,nan,nan,nan
1,100,0.1,0.0,nan,nan,nan
2,100,0.1,0.0,nan,nan,nan
0,100,0.1,0.1,nan,nan,nan
1,100,0.1,0.1,nan,nan,nan
2,100,0.1,0.1,nan,nan,nan
0,100,0.1,0.2,nan,nan,nan
1,100,0.1,0.2,nan,nan,nan
2,100,0.1,0.2,nan,nan,nan
0,50,0.1,0.1,nan,nan,nan
1,50,0.1,0.1,nan,nan,nan
2,50,0.1,0.1,nan,nan,nan
0,100,0.1,0.1,nan,nan,nan
1,100,0.1,0.1,nan,nan,nan
2,100,0.1,0.1,nan,nan,nan
0,200,0.1,0.1,nan,nan,nan
1,200,0.1,0.1,nan,nan,nan
2,200,0.1,0.1,nan,nan,nan
0,100,0.0,0.1,-10.79181246047625,-11.000000000000002,nan
1,100,0.0,0.1,-10.644219247480331,-10.59903675823006,nan
2,100,0.0,0.1,143.50398564163757,0.9999999999999956,nan
0,100,0.1,0.1,nan,nan,nan
1,100,0.1,0.1,nan,nan,nan
2,100,0.1,0.1,nan,nan,nan
0,100,0.2,0.1,nan,nan,nan
1,100,0.2,0.1,nan,nan,nan
2,100,0.2,0.1,nan,nan,nan
0,100,0.3,0.1,nan,nan,nan
1,100,0.3,0.1,nan,nan,nan
2,100,0.3,0.1,nan,nan,nan
0,100,0.1,0.0,nan,nan,nan
1,100,0.1,0.0,nan,nan,nan
2,100,0.1,0.0,nan,nan,nan
0,100,0.1,0.1,nan,nan,nan
1,100,0.1,0.1,nan,nan,nan
2,100,0.1,0.1,nan,nan,nan
0,100,0.1,0.2,nan,nan,nan
1,100,0.1,0.2,nan,nan,nan
2,100,0.1,0.2,nan,nan,nan
0,50,0.1,0.1,nan,nan,nan
1,50,0.1,0.1,nan,nan,nan
2,50,0.1,0.1,nan,nan,nan
0,100,0.1,0.1,nan,nan,nan
1,100,0.1,0.1,nan,nan,nan
2,100,0.1,0.1,nan,nan,nan
0,200,0.1,0.1,nan,nan,nan
1,200,0.1,0.1,nan,nan,nan
2,200,0.1,0.1,nan,nan,nan
0,100,0.0,0.1,-10.791812460476248,-10.999999999999995,nan
1,100,0.0,0.1,-10.79181246047625,-11.000000000000002,nan
2,100,0.0,0.1,nan,nan,nan
0,100,0.1,0.1,nan,nan,nan
1,100,0.1,0.1,nan,nan,nan
2,100,0.1,0.1,nan,nan,nan
0,100,0.2,0.1,nan,nan,nan
1,100,0.2,0.1,nan,nan,nan
2,100,0.2,0.1,nan,nan,nan
0,100,0.3,0.1,nan,nan,nan
1,100,0.3,0.1,nan,nan,nan
2,100,0.3,0.1,nan,nan,nan
0,100,0.1,0.0,nan,nan,nan
1,100,0.1,0.0,nan,nan,nan
2,100,0.1,0.0,nan,nan,nan
0,100,0.1,0.1,nan,nan,nan
1,100,0.1,0.1,nan,nan,nan
2,100,0.1,0.1,nan,nan,nan
0,100,0.1,0.2,nan,nan,nan
1,100,0.1,0.2,nan,nan,nan
2,100,0.1,0.2,nan,nan,nan
0,50,0.1,0.1,nan,nan,nan
1,50,0.1,0.1,nan,nan,nan
2,50,0.1,0.1,nan,nan,nan
0,100,0.1,0.1,nan,nan,nan
1,100,0.1,0.1,nan,nan,nan
2,100,0.1,0.1,nan,nan,nan
0,200,0.1,0.1,nan,nan,nan
1,200,0.1,0.1,nan,nan,nan
2,200,0.1,0.1,nan,nan,nan
0,100,0.0,0.1,-10.791812460476248,-10.999999999999995,nan
1,100,0.0,0.1,-10.791812452192229,-10.999999977110408,nan
2,100,0.0,0.1,nan,nan,nan
0,100,0.1,0.1,nan,nan,nan
1,100,0.1,0.1,nan,nan,nan
2,100,0.1,0.1,nan,nan,nan
0,100,0.2,0.1,nan,nan,nan
1,100,0.2,0.1,nan,nan,nan
2,100,0.2,0.1,nan,nan,nan
0,100,0.3,0.1,nan,nan,nan
1,100,0.3,0.1,nan,nan,nan
2,100,0.3,0.1,nan,nan,nan
0,100,0.1,0.0,nan,nan,nan
1,100,0.1,0.0,nan,nan,nan
2,100,0.1,0.0,nan,nan,nan
0,100,0.1,0.1,nan,nan,nan
1,100,0.1,0.1,nan,nan,nan
2,100,0.1,0.1,nan,nan,nan
0,100,0.1,0.2,nan,nan,nan
1,100,0.1,0.2,nan,nan,nan
2,100,0.1,0.2,nan,nan,nan
0,50,0.1,0.1,nan,nan,nan
1,50,0.1,0.1,nan,nan,nan
2,50,0.1,0.1,nan,nan,nan
0,100,0.1,0.1,nan,nan,nan
1,100,0.1,0.1,nan,nan,nan
2,100,0.1,0.1,nan,nan,nan
0,200,0.1,0.1,nan,nan,nan
1,200,0.1,0.1,nan,nan,nan
2,200,0.1,0.1,nan,nan,nan
0,100,0.0,0.1,-10.79181246047625,-11.000000000000002,nan
1,100,0.0,0.1,-10.791812460475263,-10.999999999997277,nan
2,100,0.0,0.1,203.1647258179637,1.0,nan
0,100,0.1,0.1,nan,nan,nan
1,100,0.1,0.1,nan,nan,nan
2,100,0.1,0.1,nan,nan,nan
0,100,0.2,0.1,nan,nan,nan
1,100,0.2,0.1,nan,nan,nan
2,100,0.2,0.1,nan,nan,nan
0,100,0.3,0.1,nan,nan,nan
1,100,0.3,0.1,nan,nan,nan
2,100,0.3,0.1,nan,nan,nan
0,100,0.1,0.0,nan,nan,nan
1,100,0.1,0.0,nan,nan,nan
2,100,0.1,0.0,nan,nan,nan
0,100,0.1,0.1,nan,nan,nan
1,100,0.1,0.1,nan,nan,nan
2,100,0.1,0.1,nan,nan,nan
0,100,0.1,0.2,nan,nan,nan
1,100,0.1,0.2,nan,nan,nan
2,100,0.1,0.2,nan,nan,nan
0,50,0.1,0.1,nan,nan,nan
1,50,0.1,0.1,nan,nan,nan
2,50,0.1,0.1,nan,nan,nan
0,100,0.1,0.1,nan,nan,nan
1,100,0.1,0.1,nan,nan,nan
2,100,0.1,0.1,nan,nan,nan
0,200,0.1,0.1,-10.79181246047625,-11.000000000000002,nan
1,200,0.1,0.1,nan,nan,nan
2,200,0.1,0.1,nan,nan,nan
0,100,0.0,0.1,-10.79181246047625,-11.000000000000002,nan
1,100,0.0,0.1,-10.791812454030637,-10.99999998219012,nan
2,100,0.0,0.1,161.6733240373917,0.9999999999999999,nan
0,100,0.1,0.1,nan,nan,nan
1,100,0.1,0.1,nan,nan,nan
2,100,0.1,0.1,nan,nan,nan
0,100,0.2,0.1,nan,nan,nan
1,100,0.2,0.1,nan,nan,nan
2,100,0.2,0.1,nan,nan,nan
0,100,0.3,0.1,nan,nan,nan
1,100,0.3,0.1,nan,nan,nan
2,100,0.3,0.1,nan,nan,nan
0,100,0.1,0.0,nan,nan,nan
1,100,0.1,0.0,nan,nan,nan
2,100,0.1,0.0,nan,nan,nan
0,100,0.1,0.1,nan,nan,nan
1,100,0.1,0.1,nan,nan,nan
2,100,0.1,0.1,nan,nan,nan
0,100,0.1,0.2,nan,nan,nan
1,100,0.1,0.2,nan,nan,nan
2,100,0.1,0.2,nan,nan,nan
0,50,0.1,0.1,nan,nan,nan
1,50,0.1,0.1,nan,nan,nan
2,50,0.1,0.1,nan,nan,nan
0,100,0.1,0.1,nan,nan,nan
1,100,0.1,0.1,nan,nan,nan
2,100,0.1,0.1,nan,nan,nan
0,200,0.1,0.1,nan,nan,nan
1,200,0.1,0.1,nan,nan,nan
2,200,0.1,0.1,2.8146262995280673,0.47695702910239257,nan
0,100,0.0,0.1,-10.791812460476248,-10.999999999999995,nan
1,100,0.0,0.1,-10.574748365804627,-10.41497163312933,nan
2,100,0.0,0.1,nan,nan,nan
0,100,0.1,0.1,nan,nan,nan
1,100,0.1,0.1,nan,nan,nan
2,100,0.1,0.1,nan,nan,nan
0,100,0.2,0.1,nan,nan,nan
1,100,0.2,0.1,nan,nan,nan
2,100,0.2,0.1,nan,nan,nan
0,100,0.3,0.1,nan,nan,nan
1,100,0.3,0.1,nan,nan,nan
2,100,0.3,0.1,nan,nan,nan
0,100,0.1,0.0,nan,nan,nan
1,100,0.1,0.0,nan,nan,nan
2,100,0.1,0.0,nan,nan,nan
0,100,0.1,0.1,nan,nan,nan
1,100,0.1,0.1,nan,nan,nan
2,100,0.1,0.1,nan,nan,nan
0,100,0.1,0.2,nan,nan,nan
1,100,0.1,0.2,nan,nan,nan
2,100,0.1,0.2,nan,nan,nan
0,50,0.1,0.1,nan,nan,nan
1,50,0.1,0.1,nan,nan,nan
2,50,0.1,0.1,nan,nan,nan
0,100,0.1,0.1,nan,nan,nan
1,100,0.1,0.1,nan,nan,nan
2,100,0.1,0.1,nan,nan,nan
0,200,0.1,0.1,-10.791812460476248,-10.999999999999995,nan
1,200,0.1,0.1,nan,nan,nan
2,200,0.1,0.1,nan,nan,nan
0,100,0.0,0.1,-10.791812460470974,-10.999999999985425,nan
1,100,0.0,0.1,-10.791751874474446,-10.999832595858173,nan
2,100,0.0,0.1,183.82559712564162,1.0,nan
0,100,0.1,0.1,-10.791810944166977,-10.999995810283384,nan
1,100,0.1,0.1,nan,nan,nan
2,100,0.1,0.1,nan,nan,nan
0,100,0.2,0.1,nan,nan,nan
1,100,0.2,0.1,nan,nan,nan
2,100,0.2,0.1,nan,nan,nan
0,100,0.3,0.1,nan,nan,nan
1,100,0.3,0.1,nan,nan,nan
2,100,0.3,0.1,nan,nan,nan
0,100,0.1,0.0,nan,nan,nan
1,100,0.1,0.0,nan,nan,nan
2,100,0.1,0.0,nan,nan,nan
0,100,0.1,0.1,nan,nan,nan
1,100,0.1,0.1,nan,nan,nan
2,100,0.1,0.1,nan,nan,nan
0,100,0.1,0.2,nan,nan,nan
1,100,0.1,0.2,nan,nan,nan
2,100,0.1,0.2,nan,nan,nan
0,50,0.1,0.1,nan,nan,nan
1,50,0.1,0.1,nan,nan,nan
2,50,0.1,0.1,nan,nan,nan
0,100,0.1,0.1,nan,nan,nan
1,100,0.1,0.1,nan,nan,nan
2,100,0.1,0.1,nan,nan,nan
0,200,0.1,0.1,-10.791812460476248,-10.999999999999995,nan
1,200,0.1,0.1,nan,nan,nan
2,200,0.1,0.1,nan,nan,nan
0,100,0.0,0.1,-10.791812460476201,-10.999999999999872,nan
1,100,0.0,0.1,nan,nan,nan
2,100,0.0,0.1,119.16998471436114,0.9999999999987894,nan
0,100,0.1,0.1,nan,nan,nan
1,100,0.1,0.1,nan,nan,nan
2,100,0.1,0.1,nan,nan,nan
0,100,0.2,0.1,nan,nan,nan
1,100,0.2,0.1,nan,nan,nan
2,100,0.2,0.1,nan,nan,nan
0,100,0.3,0.1,nan,nan,nan
1,100,0.3,0.1,nan,nan,nan
2,100,0.3,0.1,nan,nan,nan
0,100,0.1,0.0,nan,nan,nan
1,100,0.1,0.0,nan,nan,nan
2,100,0.1,0.0,nan,nan,nan
0,100,0.1,0.1,nan,nan,nan
1,100,0.1,0.1,nan,nan,nan
2,100,0.1,0.1,nan,nan,nan
0,100,0.1,0.2,nan,nan,nan
1,100,0.1,0.2,nan,nan,nan
2,100,0.1,0.2,nan,nan,nan
0,50,0.1,0.1,nan,nan,nan
1,50,0.1,0.1,nan,nan,nan
2,50,0.1,0.1,nan,nan,nan
0,100,0.1,0.1,nan,nan,nan
1,100,0.1,0.1,nan,nan,nan
2,100,0.1,0.1,nan,nan,nan
0,200,0.1,0.1,nan,nan,nan
1,200,0.1,0.1,nan,nan,nan
2,200,0.1,0.1,nan,nan,nan
0,100,0.0,0.1,-10.79181246047625,-11.000000000000002,nan
1,100,0.0,0.1,-10.791810018459953,-10.999993252461515,nan
2,100,0.0,0.1,123.76388276815844,0.9999999999995797,nan
0,100,0.1,0.1,nan,nan,nan
1,100,0.1,0.1,nan,nan,nan
2,100,0.1,0.1,nan,nan,nan
0,100,0.2,0.1,nan,nan,nan
1,100,0.2,0.1,nan,nan,nan
2,100,0.2,0.1,nan,nan,nan
0,100,0.3,0.1,nan,nan,nan
1,100,0.3,0.1,nan,nan,nan
2,100,0.3,0.1,nan,nan,nan
0,100,0.1,0.0,nan,nan,nan
1,100,0.1,0.0,nan,nan,nan
2,100,0.1,0.0,nan,nan,nan
0,100,0.1,0.1,nan,nan,nan
1,100,0.1,0.1,nan,nan,nan
2,100,0.1,0.1,nan,nan,nan
0,100,0.1,0.2,nan,nan,nan
1,100,0.1,0.2,nan,nan,nan
2,100,0.1,0.2,nan,nan,nan
0,50,0.1,0.1,nan,nan,nan
1,50,0.1,0.1,nan,nan,nan
2,50,0.1,0.1,nan,nan,nan
0,100,0.1,0.1,nan,nan,nan
1,100,0.1,0.1,nan,nan,nan
2,100,0.1,0.1,nan,nan,nan
0,200,0.1,0.1,nan,nan,nan
1,200,0.1,0.1,nan,nan,nan
2,200,0.1,0.1,-10.6298205396137,-10.560644699841623,nan
0,100,0.0,0.1,-10.79181246047625,-11.000000000000002,nan
1,100,0.0,0.1,-10.791553175680018,-10.999283591017958,nan
2,100,0.0,0.1,nan,nan,nan
0,100,0.1,0.1,nan,nan,nan
1,100,0.1,0.1,nan,nan,nan
2,100,0.1,0.1,nan,nan,nan
0,100,0.2,0.1,nan,nan,nan
1,100,0.2,0.1,nan,nan,nan
2,100,0.2,0.1,nan,nan,nan
0,100,0.3,0.1,nan,nan,nan
1,100,0.3,0.1,nan,nan,nan
2,100,0.3,0.1,nan,nan,nan
0,100,0.1,0.0,nan,nan,nan
1,100,0.1,0.0,nan,nan,nan
2,100,0.1,0.0,nan,nan,nan
0,100,0.1,0.1,nan,nan,nan
1,100,0.1,0.1,nan,nan,nan
2,100,0.1,0.1,nan,nan,nan
0,100,0.1,0.2,nan,nan,nan
1,100,0.1,0.2,nan,nan,nan
2,100,0.1,0.2,nan,nan,nan
0,50,0.1,0.1,nan,nan,nan
1,50,0.1,0.1,nan,nan,nan
2,50,0.1,0.1,nan,nan,nan
0,100,0.1,0.1,-10.761197702998366,-10.91570575609603,nan
1,100,0.1,0.1,nan,nan,nan
2,100,0.1,0.1,nan,nan,nan
0,200,0.1,0.1,nan,nan,nan
1,200,0.1,0.1,-10.791491201738516,-10.999112362134232,nan
2,200,0.1,0.1,nan,nan,nan
0,100,0.0,0.1,-10.79181246047625,-11.000000000000002,nan
1,100,0.0,0.1,-10.791812460147334,-10.999999999091177,nan
2,100,0.0,0.1,nan,nan,nan
0,100,0.1,0.1,nan,nan,nan
1,100,0.1,0.1,nan,nan,nan
2,100,0.1,0.1,nan,nan,nan
0,100,0.2,0.1,nan,nan,nan
1,100,0.2,0.1,nan,nan,nan
2,100,0.2,0.1,nan,nan,nan
0,100,0.3,0.1,nan,nan,nan
1,100,0.3,0.1,nan,nan,nan
2,100,0.3,0.1,nan,nan,nan
0,100,0.1,0.0,nan,nan,nan
1,100,0.1,0.0,nan,nan,nan
2,100,0.1,0.0,nan,nan,nan
0,100,0.1,0.1,nan,nan,nan
1,100,0.1,0.1,nan,nan,nan
2,100,0.1,0.1,nan,nan,nan
0,100,0.1,0.2,nan,nan,nan
1,100,0.1,0.2,nan,nan,nan
2,100,0.1,0.2,nan,nan,nan
0,50,0.1,0.1,nan,nan,nan
1,50,0.1,0.1,nan,nan,nan
2,50,0.1,0.1,nan,nan,nan
0,100,0.1,0.1,nan,nan,nan
1,100,0.1,0.1,nan,nan,nan
2,100,0.1,0.1,nan,nan,nan
0,200,0.1,0.1,nan,nan,nan
1,200,0.1,0.1,-10.791812460474482,-10.999999999995119,nan
2,200,0.1,0.1,nan,nan,nan
0,100,0.0,0.1,-10.79181246047625,-11.000000000000002,nan
1,100,0.0,0.1,-10.791812455808339,-10.999999987102088,nan
2,100,0.0,0.1,56.374660611399804,0.9999976957269587,nan
0,100,0.1,0.1,nan,nan,nan
1,100,0.1,0.1,nan,nan,nan
2,100,0.1,0.1,nan,nan,nan
0,100,0.2,0.1,nan,nan,nan
1,100,0.2,0.1,nan,nan,nan
2,100,0.2,0.1,nan,nan,nan
0,100,0.3,0.1,nan,nan,nan
1,100,0.3,0.1,nan,nan,nan
2,100,0.3,0.1,nan,nan,nan
0,100,0.1,0.0,nan,nan,nan
1,100,0.1,0.0,nan,nan,nan
2,100,0.1,0.0,nan,nan,nan
0,100,0.1,0.1,nan,nan,nan
1,100,0.1,0.1,-10.791812444835458,-10.999999956782899,nan
2,100,0.1,0.1,nan,nan,nan
0,100,0.1,0.2,nan,nan,nan
1,100,0.1,0.2,nan,nan,nan
2,100,0.1,0.2,nan,nan,nan
0,50,0.1,0.1,nan,nan,nan
1,50,0.1,0.1,nan,nan,nan
2,50,0.1,0.1,nan,nan,nan
0,100,0.1,0.1,nan,nan,nan
1,100,0.1,0.1,nan,nan,nan
2,100,0.1,0.1,nan,nan,nan
0,200,0.1,0.1,nan,nan,nan
1,200,0.1,0.1,nan,nan,nan
2,200,0.1,0.1,nan,nan,nan
0,100,0.0,0.1,-10.791812460476248,-10.999999999999995,nan
1,100,0.0,0.1,-10.791812460474118,-10.999999999994111,nan
2,100,0.0,0.1,175.11879729977488,1.0,nan
0,100,0.1,0.1,nan,nan,nan
1,100,0.1,0.1,nan,nan,nan
2,100,0.1,0.1,nan,nan,nan
0,100,0.2,0.1,nan,nan,nan
1,100,0.2,0.1,nan,nan,nan
2,100,0.2,0.1,nan,nan,nan
0,100,0.3,0.1,nan,nan,nan
1,100,0.3,0.1,nan,nan,nan
2,100,0.3,0.1,nan,nan,nan
0,100,0.1,0.0,nan,nan,nan
1,100,0.1,0.0,nan,nan,nan
2,100,0.1,0.0,nan,nan,nan
0,100,0.1,0.1,nan,nan,nan
1,100,0.1,0.1,nan,nan,nan
2,100,0.1,0.1,nan,nan,nan
0,100,0.1,0.2,nan,nan,nan
1,100,0.1,0.2,nan,nan,nan
2,100,0.1,0.2,nan,nan,nan
0,50,0.1,0.1,nan,nan,nan
1,50,0.1,0.1,nan,nan,nan
2,50,0.1,0.1,nan,nan,nan
0,100,0.1,0.1,nan,nan,nan
1,100,0.1,0.1,nan,nan,nan
2,100,0.1,0.1,nan,nan,nan
0,200,0.1,0.1,nan,nan,nan
1,200,0.1,0.1,nan,nan,nan
2,200,0.1,0.1,-1.0354367109297926,-0.26923976821997697,nan
0,100,0.0,0.1,-10.791812460476248,-10.999999999999995,nan
1,100,0.0,0.1,-10.79181246047516,-10.999999999996996,nan
2,100,0.0,0.1,57.24538599256272,0.9999981143486311,nan
0,100,0.1,0.1,nan,nan,nan
1,100,0.1,0.1,nan,nan,nan
2,100,0.1,0.1,nan,nan,nan
0,100,0.2,0.1,nan,nan,nan
1,100,0.2,0.1,nan,nan,nan
2,100,0.2,0.1,nan,nan,nan
0,100,0.3,0.1,nan,nan,nan
1,100,0.3,0.1,nan,nan,nan
2,100,0.3,0.1,nan,nan,nan
0,100,0.1,0.0,nan,nan,nan
1,100,0.1,0.0,nan,nan,nan
2,100,0.1,0.0,nan,nan,nan
0,100,0.1,0.1,nan,nan,nan
1,100,0.1,0.1,nan,nan,nan
2,100,0.1,0.1,nan,nan,nan
0,100,0.1,0.2,-10.791812460403412,-10.999999999798744,nan
1,100,0.1,0.2,nan,nan,nan
2,100,0.1,0.2,nan,nan,nan
0,50,0.1,0.1,nan,nan,nan
1,50,0.1,0.1,nan,nan,nan
2,50,0.1,0.1,nan,nan,nan
0,100,0.1,0.1,nan,nan,nan
1,100,0.1,0.1,nan,nan,nan
2,100,0.1,0.1,nan,nan,nan
0,200,0.1,0.1,nan,nan,nan
1,200,0.1,0.1,nan,nan,nan
2,200,0.1,0.1,nan,nan,nan
0,100,0.0,0.1,-10.79181246047625,-11.000000000000002,nan
1,100,0.0,0.1,-10.777169040807873,-10.959606872669506,nan
2,100,0.0,0.1,174.66340941488585,1.0,nan
0,100,0.1,0.1,nan,nan,nan
1,100,0.1,0.1,nan,nan,nan
2,100,0.1,0.1,nan,nan,nan
0,100,0.2,0.1,nan,nan,nan
1,100,0.2,0.1,nan,nan,nan
2,100,0.2,0.1,nan,nan,nan
0,100,0.3,0.1,nan,nan,nan
1,100,0.3,0.1,nan,nan,nan
2,100,0.3,0.1,nan,nan,nan
0,100,0.1,0.0,nan,nan,nan
1,100,0.1,0.0,nan,nan,nan
2,100,0.1,0.0,nan,nan,nan
0,100,0.1,0.1,nan,nan,nan
1,100,0.1,0.1,nan,nan,nan
2,100,0.1,0.1,nan,nan,nan
0,100,0.1,0.2,nan,nan,nan
1,100,0.1,0.2,nan,nan,nan
2,100,0.1,0.2,nan,nan,nan
0,50,0.1,0.1,nan,nan,nan
1,50,0.1,0.1,nan,nan,nan
2,50,0.1,0.1,nan,nan,nan
0,100,0.1,0.1,nan,nan,nan
1,100,0.1,0.1,nan,nan,nan
2,100,0.1,0.1,nan,nan,nan
0,200,0.1,0.1,nan,nan,nan
1,200,0.1,0.1,-10.791812460476248,-10.999999999999995,nan
2,200,0.1,0.1,nan,nan,nan
0,100,0.0,0.1,-10.79181246047625,-11.000000000000002,nan
1,100,0.0,0.1,-10.79181246047616,-10.999999999999757,nan
2,100,0.0,0.1,207.7283239412611,1.0,nan
0,100,0.1,0.1,nan,nan,nan
1,100,0.1,0.1,nan,nan,nan
2,100,0.1,0.1,nan,nan,nan
0,100,0.2,0.1,nan,nan,nan
1,100,0.2,0.1,nan,nan,nan
2,100,0.2,0.1,nan,nan,nan
0,100,0.3,0.1,nan,nan,nan
1,100,0.3,0.1,nan,nan,nan
2,100,0.3,0.1,nan,nan,nan
0,100,0.1,0.0,nan,nan,nan
1,100,0.1,0.0,nan,nan,nan
2,100,0.1,0.0,nan,nan,nan
0,100,0.1,0.1,nan,nan,nan
1,100,0.1,0.1,nan,nan,nan
2,100,0.1,0.1,nan,nan,nan
0,100,0.1,0.2,nan,nan,nan
1,100,0.1,0.2,nan,nan,nan
2,100,0.1,0.2,nan,nan,nan
0,50,0.1,0.1,nan,nan,nan
1,50,0.1,0.1,nan,nan,nan
2,50,0.1,0.1,nan,nan,nan
0,100,0.1,0.1,nan,nan,nan
1,100,0.1,0.1,nan,nan,nan
2,100,0.1,0.1,nan,nan,nan
0,200,0.1,0.1,-10.791812460476248,-10.999999999999995,nan
1,200,0.1,0.1,nan,nan,nan
2,200,0.1,0.1,nan,nan,nan
0,100,0.0,0.1,-10.79181246047625,-11.000000000000002,nan
1,100,0.0,0.1,-10.791812460476248,-10.999999999999995,nan
2,100,0.0,0.1,153.82152690764664,0.9999999999999996,nan
0,100,0.1,0.1,nan,nan,nan
1,100,0.1,0.1,nan,nan,nan
2,100,0.1,0.1,nan,nan,nan
0,100,0.2,0.1,nan,nan,nan
1,100,0.2,0.1,nan,nan,nan
2,100,0.2,0.1,nan,nan,nan
0,100,0.3,0.1,nan,nan,nan
1,100,0.3,0.1,nan,nan,nan
2,100,0.3,0.1,nan,nan,nan
0,100,0.1,0.0,nan,nan,nan
1,100,0.1,0.0,nan,nan,nan
2,100,0.1,0.0,nan,nan,nan
0,100,0.1,0.1,nan,nan,nan
1,100,0.1,0.1,nan,nan,nan
2,100,0.1,0.1,-10.49987714582773,-10.21986714847619,nan
0,100,0.1,0.2,nan,nan,nan
1,100,0.1,0.2,nan,nan,nan
2,100,0.1,0.2,nan,nan,nan
0,50,0.1,0.1,nan,nan,nan
1,50,0.1,0.1,nan,nan,nan
2,50,0.1,0.1,nan,nan,nan
0,100,0.1,0.1,nan,nan,nan
1,100,0.1,0.1,nan,nan,nan
2,100,0.1,0.1,nan,nan,nan
0,200,0.1,0.1,nan,nan,nan
1,200,0.1,0.1,nan,nan,nan
2,200,0.1,0.1,nan,nan,nan
0,100,0.0,0.1,-10.791812460476248,-10.999999999999995,nan
1,100,0.0,0.1,nan,nan,nan
2,100,0.0,0.1,234.93178609129524,1.0,nan
0,100,0.1,0.1,nan,nan,nan
1,100,0.1,0.1,nan,nan,nan
2,100,0.1,0.1,nan,nan,nan
0,100,0.2,0.1,nan,nan,nan
1,100,0.2,0.1,nan,nan,nan
2,100,0.2,0.1,nan,nan,nan
0,100,0.3,0.1,nan,nan,nan
1,100,0.3,0.1,nan,nan,nan
2,100,0.3,0.1,nan,nan,nan
0,100,0.1,0.0,nan,nan,nan
1,100,0.1,0.0,nan,nan,nan
2,100,0.1,0.0,nan,nan,nan
0,100,0.1,0.1,nan,nan,nan
1,100,0.1,0.1,nan,nan,nan
2,100,0.1,0.1,nan,nan,nan
0,100,0.1,0.2,nan,nan,nan
1,100,0.1,0.2,nan,nan,nan
2,100,0.1,0.2,nan,nan,nan
nonstationary level,time series length,observation noise,process noise,evidence,significance_level,bayes factor error
0,50,0.1,0.1,-10.267157631411099,-9.634467862358392,nan
1,50,0.1,0.1,-10.740655963450836,-10.859478615883074,nan
2,50,0.1,0.1,-10.744140890363594,-10.868998884830713,nan
0,100,0.1,0.1,-10.791811584553956,-10.99999757973751,nan
1,100,0.1,0.1,-10.768927166945652,-10.93693191276214,nan
2,100,0.1,0.1,-10.260456500584265,-9.618071612221636,nan
0,200,0.1,0.1,-10.79181246047625,-11.000000000000002,nan
1,200,0.1,0.1,-10.791812460476248,-10.999999999999995,nan
2,200,0.1,0.1,33.708038383039195,0.9995742093095813,nan
0,100,0.0,0.1,-10.791812460476248,-10.999999999999995,nan
1,100,0.0,0.1,-10.791812460476162,-10.999999999999762,nan
2,100,0.0,0.1,212.30630634300584,1.0,nan
0,100,0.1,0.1,-10.791812460354585,-10.99999999966383,nan
1,100,0.1,0.1,-9.92660926412494,-8.832431430657763,nan
2,100,0.1,0.1,-10.387283861340164,-9.93272404504662,nan
0,100,0.2,0.1,5.716898771401626,0.7318917839974173,nan
1,100,0.2,0.1,-10.679122180619292,-10.692630293968165,nan
2,100,0.2,0.1,-10.524346850307719,-10.28326232090062,nan
0,100,0.3,0.1,-10.579358004547403,-10.427094013826476,nan
1,100,0.3,0.1,-10.427546320123788,-10.034550130025222,nan
2,100,0.3,0.1,-10.486581954776955,-10.185571944060403,nan
0,100,0.1,0.0,-8.02097413369782,-5.340119058108897,nan
1,100,0.1,0.0,-10.791806947573575,-10.999984767296649,nan
2,100,0.1,0.0,-10.597032943613714,-10.473694823350947,nan
0,100,0.1,0.1,-9.101641442700261,-7.13137788520072,nan
1,100,0.1,0.1,-8.546029986970616,-6.154890616766277,nan
2,100,0.1,0.1,-10.791270241593814,-10.998501887383007,nan
0,100,0.1,0.2,-10.791617934857578,-10.999462517889611,nan
1,100,0.1,0.2,-10.484495885252707,-10.180200409636136,nan
2,100,0.1,0.2,-10.73176629405484,-10.835228015930362,nan
0,50,0.1,0.1,-6.056780228138975,-3.0334624930229026,nan
1,50,0.1,0.1,-10.668670896890916,-10.664525844308772,nan
2,50,0.1,0.1,-10.66553727413454,-10.656112419474796,nan
0,100,0.1,0.1,-9.789110539231567,-8.526010457190171,nan
1,100,0.1,0.1,-10.71118269589395,-10.779267096723528,nan
2,100,0.1,0.1,-10.676728772771046,-10.686188231190924,nan
0,200,0.1,0.1,-10.791812460476248,-10.999999999999995,nan
1,200,0.1,0.1,-10.791775700725413,-10.999898429484702,nan
2,200,0.1,0.1,10.850125422155315,0.917778109568188,nan
0,100,0.0,0.1,-10.791812460476248,-10.999999999999995,nan
1,100,0.0,0.1,-10.791812460473103,-10.999999999991308,nan
2,100,0.0,0.1,55.369433028260275,0.9999970955982004,nan
0,100,0.1,0.1,-10.791811467790582,-10.999997257108452,nan
1,100,0.1,0.1,-10.777522934504605,-10.960581465281832,nan
2,100,0.1,0.1,-3.0966996244778944,-1.0401869366698349,nan
0,100,0.2,0.1,-7.692234953164457,-4.877917623344455,nan
1,100,0.2,0.1,-10.777805269411493,-10.961359048134772,nan
2,100,0.2,0.1,-8.379486058960532,-5.885708065370437,nan
0,100,0.3,0.1,-10.73763353713165,-10.851228008997275,nan
1,100,0.3,0.1,-9.020717880546677,-6.981266051797993,nan
2,100,0.3,0.1,-10.74945816961177,-10.883539578916226,nan
0,100,0.1,0.0,-10.42224266090419,-10.021082822542683,nan
1,100,0.1,0.0,-10.758068367793923,-10.907122914693497,nan
2,100,0.1,0.0,-4.950973719119836,-2.126780334931945,nan
0,100,0.1,0.1,-10.790029929771336,-10.995075696287067,nan
1,100,0.1,0.1,-10.781928567722003,-10.972720848468462,nan
2,100,0.1,0.1,19.438513089992732,0.9886198315385049,nan
0,100,0.1,0.2,-10.332052458703643,-9.794567487316714,nan
1,100,0.1,0.2,-10.096788752816623,-9.225366317244744,nan
2,100,0.1,0.2,1.7154234938520598,0.32631380093731455,nan
0,50,0.1,0.1,-10.230232321389543,-9.544433012481157,nan
1,50,0.1,0.1,-10.779368112294257,-10.965664211930578,nan
2,50,0.1,0.1,-10.509570931482559,-10.24493872220653,nan
0,100,0.1,0.1,-10.791795569677872,-10.999953329090095,nan
1,100,0.1,0.1,-10.791806843981444,-10.999984481061382,nan
2,100,0.1,0.1,-10.78829914535188,-10.99029627710414,nan
0,200,0.1,0.1,-10.791812460476248,-10.999999999999995,nan
1,200,0.1,0.1,-10.791728194377741,-10.99976716642412,nan
2,200,0.1,0.1,-5.978774032582189,-2.9616618494268048,nan
0,100,0.0,0.1,-10.791812460476248,-10.999999999999995,nan
1,100,0.0,0.1,-10.791812460473345,-10.999999999991976,nan
2,100,0.0,0.1,165.57434959240584,1.0,nan
0,100,0.1,0.1,-10.791808637773793,-10.99998943748742,nan
1,100,0.1,0.1,-10.786068172331134,-10.984138437425267,nan
2,100,0.1,0.1,-10.641901502361224,-10.592848229570658,nan
0,100,0.2,0.1,7.164838502929818,0.8079049606971429,nan
1,100,0.2,0.1,-10.757337835579047,-10.905120171006164,nan
2,100,0.2,0.1,-7.540747845767642,-4.676423437852379,nan
0,100,0.3,0.1,-9.869909814828446,-8.704898139387426,nan
1,100,0.3,0.1,-10.573396711965529,-10.411419506605348,nan
2,100,0.3,0.1,-10.141985939721096,-9.332337743950479,nan
0,100,0.1,0.0,-10.046375485243793,-9.107355671606122,nan
1,100,0.1,0.0,-7.018627258679244,-4.033414847613081,nan
2,100,0.1,0.0,0.23418166929443046,0.052494296081557534,nan
0,100,0.1,0.1,-10.791812460476194,-10.999999999999849,nan
1,100,0.1,0.1,-10.755260979035723,-10.899428338223318,nan
2,100,0.1,0.1,-10.513088132580805,-10.254049298595186,nan
0,100,0.1,0.2,-10.791812460441355,-10.999999999903585,nan
1,100,0.1,0.2,5.702782044265659,0.7310188812521001,nan
2,100,0.1,0.2,-9.680839363944308,-8.291459461062498,nan
0,50,0.1,0.1,-10.449533502253999,-10.090556795643812,nan
1,50,0.1,0.1,-10.79164489431986,-10.999537006531472,nan
2,50,0.1,0.1,-10.70141676079999,-10.75280893988106,nan
0,100,0.1,0.1,-10.791812357373566,-10.999999715116761,nan
1,100,0.1,0.1,-10.64691239347348,-10.606231781030013,nan
2,100,0.1,0.1,-10.78933820793829,-10.993165334687525,nan
0,200,0.1,0.1,-10.791812460476248,-10.999999999999995,nan
1,200,0.1,0.1,-10.791812460476248,-10.999999999999995,nan
2,200,0.1,0.1,10.310090389984065,0.906891150353736,nan
0,100,0.0,0.1,-10.79181246047625,-11.000000000000002,nan
1,100,0.0,0.1,-10.791812460269231,-10.999999999427988,nan
2,100,0.0,0.1,153.8704691913242,0.9999999999999996,nan
0,100,0.1,0.1,-10.61853550785287,-10.530643653696425,nan
1,100,0.1,0.1,-10.715870255688325,-10.791987918791376,nan
2,100,0.1,0.1,-9.618334904908487,-8.158692763986862,nan
0,100,0.2,0.1,-10.469306436376929,-10.141165961601068,nan
1,100,0.2,0.1,-10.544367107789988,-10.335396366783216,nan
2,100,0.2,0.1,-10.789579795950207,-10.993832505393115,nan
0,100,0.3,0.1,-8.99010997822041,-6.925213995794835,nan
1,100,0.3,0.1,-2.188260450271147,-0.6551068840285821,nan
2,100,0.3,0.1,-10.429687645399852,-10.039992148787974,nan
0,100,0.1,0.0,-10.07229541538095,-9.167859618324519,nan
1,100,0.1,0.0,-6.032202678082234,-3.0107008293007134,nan
2,100,0.1,0.0,-9.70969927480992,-8.353409046600587,nan
0,100,0.1,0.1,-10.791812460014139,-10.999999998723144,nan
1,100,0.1,0.1,-10.786658958248738,-10.985768792426994,nan
2,100,0.1,0.1,-10.757875494137847,-10.906594121574983,nan
0,100,0.1,0.2,-10.791798565111424,-10.999961605749533,nan
1,100,0.1,0.2,-9.154534906482548,-7.2310168480966475,nan
2,100,0.1,0.2,-10.573264214247134,-10.411071364032253,nan
0,50,0.1,0.1,-10.400494068993005,-9.96602942534602,nan
1,50,0.1,0.1,-8.386519545762077,-5.896868643529336,nan
2,50,0.1,0.1,-9.63496875813582,-8.193838610038467,nan
0,100,0.1,0.1,-10.791812460476244,-10.99999999999999,nan
1,100,0.1,0.1,-10.771754635140582,-10.944705966080091,nan
2,100,0.1,0.1,3.440284289445742,0.5471320658306225,nan
0,200,0.1,0.1,-10.791812460476248,-10.999999999999995,nan
1,200,0.1,0.1,-10.791709387933148,-10.999715203418113,nan
2,200,0.1,0.1,30.335420915053138,0.9990743263348453,nan
0,100,0.0,0.1,-10.791812460476248,-10.999999999999995,nan
1,100,0.0,0.1,-10.791812460181777,-10.999999999186349,nan
2,100,0.0,0.1,123.6276187563417,0.9999999999995662,nan
0,100,0.1,0.1,-10.433522641671418,-10.049745214789782,nan
1,100,0.1,0.1,-10.789177580443868,-10.992721765507333,nan
2,100,0.1,0.1,-5.417841375544819,-2.481642199037815,nan
0,100,0.2,0.1,-10.361659442591534,-9.868408270121495,nan
1,100,0.2,0.1,-10.370311324122419,-9.890081561159642,nan
2,100,0.2,0.1,-10.713050367535182,-10.784333827981689,nan
0,100,0.3,0.1,-10.225090144967595,-9.531955477098434,nan
1,100,0.3,0.1,-10.610905250060995,-10.510402885394086,nan
2,100,0.3,0.1,-9.432969980029684,-7.776007748287659,nan
0,100,0.1,0.0,-10.791623596868451,-10.99947816191328,nan
1,100,0.1,0.0,-10.778499536308242,-10.963271354134731,nan
2,100,0.1,0.0,37.627303568099975,0.9998273090243297,nan
0,100,0.1,0.1,-10.791812460413999,-10.999999999827997,nan
1,100,0.1,0.1,-10.777963662964913,-10.961795304360027,nan
2,100,0.1,0.1,18.833148743955995,0.986917669227314,nan
0,100,0.1,0.2,-10.33115801626289,-9.792344542860716,nan
1,100,0.1,0.2,-10.759722555023604,-10.911659090742859,nan
2,100,0.1,0.2,-10.78166827865238,-10.972003299635956,nan
0,50,0.1,0.1,-10.631194720492584,-10.564303261298468,nan
1,50,0.1,0.1,-10.677414738089912,-10.688034202827678,nan
2,50,0.1,0.1,-10.033762047839044,-9.07804294791131,nan
0,100,0.1,0.1,-10.79181245577324,-10.999999987005108,nan
1,100,0.1,0.1,-6.9810546470244965,-3.9900565200446785,nan
2,100,0.1,0.1,1.6223782207233193,0.3117247102462275,nan
0,200,0.1,0.1,-10.79181246047625,-11.000000000000002,nan
1,200,0.1,0.1,-10.791812460473182,-10.999999999991529,nan
2,200,0.1,0.1,21.532515875375815,0.9929733485316646,nan
0,100,0.0,0.1,-10.791812460476248,-10.999999999999995,nan
1,100,0.0,0.1,-10.791812460336963,-10.99999999961514,nan
nonstationary level,time series length,observation noise,process noise,evidence,significance_level,bayes factor error
nonstationary level,time series length,observation noise,process noise,evidence,significance_level,bayes factor error
nonstationary level,time series length,observation noise,process noise,evidence,significance_level,bayes factor error
nonstationary level,time series length,observation noise,process noise,evidence,significance_level,bayes factor error
nonstationary level,time series length,observation noise,process noise,evidence,significance_level,bayes factor error
0,50,0.1,0.1,-17.159030991951724,-50.987998674812665,nan
1,50,0.1,0.1,-17.148275302718925,-50.85940507323708,nan
2,50,0.1,0.1,-15.1302539153303,-31.585575198139047,nan
0,100,0.1,0.1,-17.15843621589925,-50.98087928908528,nan
1,100,0.1,0.1,-17.159511076471116,-50.99374593017895,nan
2,100,0.1,0.1,-17.098506496840088,-50.268504548353356,nan
0,200,0.1,0.1,-17.15980870189835,-50.99730922461353,nan
1,200,0.1,0.1,-16.78957055762344,-46.748205657895106,nan
2,200,0.1,0.1,-14.546729918369367,-27.488723610352515,nan
0,100,0.0,0.1,-16.866605179997414,-47.602713646131875,nan
1,100,0.0,0.1,20.749570557169427,0.9915852165467812,nan
2,100,0.0,0.1,49.96134577364469,0.9999899105980855,nan
0,100,0.1,0.1,-17.10368342053094,-50.32965462049079,nan
1,100,0.1,0.1,-17.14508854273315,-50.82136570932998,nan
2,100,0.1,0.1,-15.835317530655729,-37.32937635677219,nan
0,100,0.2,0.1,-1.9762244025838802,-0.576240348151253,nan
1,100,0.2,0.1,-15.065367848297635,-31.102347002189845,nan
2,100,0.2,0.1,-7.325100231818481,-4.40144580741312,nan
0,100,0.3,0.1,-13.963878105953587,-23.910807780661752,nan
1,100,0.3,0.1,-13.267986957967404,-20.222605236601257,nan
2,100,0.3,0.1,-12.486530116882847,-16.72772522647384,nan
0,100,0.1,0.0,-17.157758613471582,-50.97276967133825,nan
1,100,0.1,0.0,-17.15935886092406,-50.99192363721447,nan
2,100,0.1,0.0,-13.466844726999604,-21.21695179383864,nan
0,100,0.1,0.1,-17.13240020385312,-50.67018546261267,nan
1,100,0.1,0.1,-17.088467771264217,-50.150134157653284,nan
nonstationary level,time series length,observation noise,process noise,evidence,significance_level,bayes factor error
0,50,0.1,0.1,-14.036923373348703,-24.333333320135175,nan
1,50,0.1,0.1,-14.036327996668131,-24.329860597658662,nan
2,50,0.1,0.1,-7.497362109263868,-4.619998645868683,nan
0,100,0.1,0.1,-14.03692337218507,-24.333333313347463,nan
1,100,0.1,0.1,-14.036923345500758,-24.333333157692117,nan
2,100,0.1,0.1,95.00602586265708,0.9999999996842107,nan
0,200,0.1,0.1,-14.036923375596896,-24.333333333249367,nan
1,200,0.1,0.1,-14.036923375598363,-24.33333333325793,nan
2,200,0.1,0.1,217.64155398291075,1.0,nan
0,100,0.0,0.1,-14.036923375511625,-24.333333332751973,nan
1,100,0.0,0.1,-3.3854388930330797,-1.1804387386955328,nan
2,100,0.0,0.1,193.56080773516524,1.0,nan
0,100,0.1,0.1,-14.036923375591188,-24.33333333321608,nan
1,100,0.1,0.1,-14.03692336100085,-24.333333248107493,nan
2,100,0.1,0.1,70.97277153381317,0.9999999200676012,nan
0,100,0.2,0.1,-14.036923374822393,-24.33333332873154,nan
1,100,0.2,0.1,-14.03692337408325,-24.33333332441995,nan
2,100,0.2,0.1,6.010515856879021,0.7494188406039175,nan
0,100,0.3,0.1,-14.036923375604038,-24.333333333291034,nan
1,100,0.3,0.1,-14.036923375302777,-24.333333331533712,nan
2,100,0.3,0.1,-14.00912372610285,-24.171689885354144,nan
0,100,0.1,0.0,-14.036923375608426,-24.33333333331663,nan
1,100,0.1,0.0,-14.036923364778882,-24.333333270145566,nan
2,100,0.1,0.0,95.08770226858644,0.9999999996900941,nan
0,100,0.1,0.1,-14.036923374889724,-24.333333329124294,nan
1,100,0.1,0.1,-14.036921973193877,-24.333325152731568,nan
2,100,0.1,0.1,57.163512483618035,0.9999980784629989,nan
0,100,0.1,0.2,-14.03692337374537,-24.333333322449032,nan
1,100,0.1,0.2,-14.03690688327994,-24.333237130192007,nan
2,100,0.1,0.2,20.07101604574126,0.9901621907983663,nan
0,50,0.1,0.1,-14.036923120273656,-24.333331843893923,nan
1,50,0.1,0.1,-14.03690797441721,-24.333243495007544,nan
2,50,0.1,0.1,-13.606481359324494,-21.942890688799647,nan
0,100,0.1,0.1,-14.036923336851112,-24.333333107236868,nan
1,100,0.1,0.1,-14.036922845471873,-24.333330240916027,nan
2,100,0.1,0.1,74.04632314244279,0.9999999606116593,nan
0,200,0.1,0.1,-14.036923375298464,-24.33333333150856,nan
1,200,0.1,0.1,-14.036871573186747,-24.33303116042614,nan
2,200,0.1,0.1,136.18883140462108,0.9999999999999759,nan
0,100,0.0,0.1,-14.036922833184136,-24.333330169239012,nan
1,100,0.0,0.1,38.549251693027195,0.9998603391018294,nan
2,100,0.0,0.1,246.4471774397666,1.0,nan
0,100,0.1,0.1,-14.036922218604202,-24.33332658426248,nan
1,100,0.1,0.1,-14.036923176596776,-24.333332172438805,nan
2,100,0.1,0.1,53.64991954860649,0.9999956847292937,nan
0,100,0.2,0.1,-14.03692337547871,-24.333333332559967,nan
1,100,0.2,0.1,-14.036917365253982,-24.333298273647777,nan
2,100,0.2,0.1,-13.966337758657264,-23.924920161178097,nan
0,100,0.3,0.1,-14.036923375542976,-24.333333332934846,nan
1,100,0.3,0.1,-14.036882962168868,-24.333097594108654,nan
2,100,0.3,0.1,-11.203523961220771,-12.193268352428655,nan
0,100,0.1,0.0,-14.036923374349346,-24.33333332597215,nan
1,100,0.1,0.0,-14.03691577112349,-24.333288974755547,nan
2,100,0.1,0.0,79.74740428071625,0.9999999894011299,nan
0,100,0.1,0.1,-14.036923359132969,-24.33333323721174,nan
1,100,0.1,0.1,-14.036923207215308,-24.333332351043296,nan
2,100,0.1,0.1,23.984659056537435,0.9960048407587186,nan
0,100,0.1,0.2,-14.036923373751913,-24.33333332248719,nan
1,100,0.1,0.2,-14.036923314302431,-24.333332975705556,nan
2,100,0.1,0.2,-13.290153956140356,-20.331205303133945,nan
0,50,0.1,0.1,-14.036923374510588,-24.333333326912708,nan
1,50,0.1,0.1,-14.036923126651605,-24.333331881097862,nan
2,50,0.1,0.1,15.322164942252455,0.9706381439080293,nan
0,100,0.1,0.1,-14.036923368807363,-24.333333293644568,nan
1,100,0.1,0.1,-14.036922854981706,-24.333330296388926,nan
2,100,0.1,0.1,23.64764267259082,0.9956824663332657,nan
0,200,0.1,0.1,-14.036923328712206,-24.333333059760868,nan
1,200,0.1,0.1,-14.036923349778466,-24.333333182644903,nan
2,200,0.1,0.1,201.80528866992987,1.0,nan
0,100,0.0,0.1,-14.036923372098762,-24.333333312844005,nan
1,100,0.0,0.1,-8.962063014893708,-6.8741974629881515,nan
2,100,0.0,0.1,167.13183255829227,1.0,nan
0,100,0.1,0.1,-14.036923375364863,-24.333333331895872,nan
1,100,0.1,0.1,-14.036923321049382,-24.333333015061967,nan
2,100,0.1,0.1,92.7461953012125,0.9999999994686503,nan
0,100,0.2,0.1,-14.036923369854044,-24.33333329975008,nan
1,100,0.2,0.1,-14.036923375558297,-24.333333333024218,nan
2,100,0.2,0.1,-13.029259918979761,-19.08750472367922,nan
0,100,0.3,0.1,-14.036923329720699,-24.33333306564363,nan
1,100,0.3,0.1,-14.03692186256839,-24.333324507429474,nan
2,100,0.3,0.1,-13.979632763617149,-24.001339431765253,nan
0,100,0.1,0.0,-14.03691010004312,-24.333255894200754,nan
1,100,0.1,0.0,-14.036923370002674,-24.333333300617074,nan
2,100,0.1,0.0,152.7988553566592,0.9999999999999994,nan
0,100,0.1,0.1,-14.036910546504288,-24.333258498497173,nan
1,100,0.1,0.1,-14.036923366615248,-24.333333280857488,nan
2,100,0.1,0.1,53.30684483515106,0.999995330014668,nan
0,100,0.1,0.2,-14.036923375392213,-24.33333333205542,nan
1,100,0.1,0.2,-14.03686783814276,-24.333009373378648,nan
2,100,0.1,0.2,57.85430539590944,0.9999983610358262,nan
0,50,0.1,0.1,-14.03692335104039,-24.333333190005977,nan
1,50,0.1,0.1,-14.036923343255879,-24.333333144597248,nan
2,50,0.1,0.1,-14.004659913309947,-24.145830936790595,nan
0,100,0.1,0.1,-14.036923375584283,-24.333333333175798,nan
1,100,0.1,0.1,-14.036923140099283,-24.333331959541066,nan
2,100,0.1,0.1,50.65284759928326,0.9999913957060257,nan
0,200,0.1,0.1,-14.036923375607454,-24.333333333310968,nan
1,200,0.1,0.1,-14.03692333939398,-24.333333122069956,nan
2,200,0.1,0.1,171.09735493489887,1.0,nan
0,100,0.0,0.1,-14.036923371538466,-24.333333309575675,nan
1,100,0.0,0.1,-14.03191328795079,-24.304125262668546,nan
2,100,0.0,0.1,237.79674036090955,1.0,nan
0,100,0.1,0.1,-14.036923375460397,-24.333333332453147,nan
1,100,0.1,0.1,-14.03692337548886,-24.333333332619173,nan
2,100,0.1,0.1,50.29981990312977,0.9999906670699743,nan
0,100,0.2,0.1,-14.036923361369437,-24.333333250257546,nan
1,100,0.2,0.1,-14.03692337478612,-24.33333332851995,nan
2,100,0.2,0.1,10.785184047180529,0.916539382177116,nan
0,100,0.3,0.1,-14.036923371615615,-24.333333310025704,nan
1,100,0.3,0.1,-14.036923300570221,-24.33333289560261,nan
2,100,0.3,0.1,-14.036132226508753,-24.32871881039493,nan
0,100,0.1,0.0,-14.036923374764587,-24.33333332839434,nan
1,100,0.1,0.0,-14.036923375561411,-24.33333333304239,nan
2,100,0.1,0.0,83.25857756482891,0.9999999952778232,nan
0,100,0.1,0.1,-14.036920448948734,-24.33331626148551,nan
1,100,0.1,0.1,-14.036922783299712,-24.333329878252457,nan
2,100,0.1,0.1,10.917063223471757,0.9190356790754842,nan
0,100,0.1,0.2,-14.036923375597636,-24.333333333253695,nan
1,100,0.1,0.2,-14.03692326725854,-24.333332701288402,nan
2,100,0.1,0.2,4.015565426315987,0.6033171202488543,nan
0,50,0.1,0.1,-14.036920321219661,-24.333315516414803,nan
1,50,0.1,0.1,-14.036921901294273,-24.333324733325817,nan
2,50,0.1,0.1,17.015894926760392,0.9801202688250339,nan
0,100,0.1,0.1,-14.036923291023154,-24.333332839912508,nan
1,100,0.1,0.1,-14.036870932371029,-24.333027422454776,nan
2,100,0.1,0.1,63.28738582015089,0.9999995309043367,nan
0,200,0.1,0.1,-14.036915314045942,-24.333286308528482,nan
1,200,0.1,0.1,-13.821422787008022,-23.106950642883263,nan
2,200,0.1,0.1,240.7872950286773,1.0,nan
0,100,0.0,0.1,-14.03692337519075,-24.33333333088023,nan
1,100,0.0,0.1,-10.34740179455914,-9.832786390227785,nan
2,100,0.0,0.1,220.62995391436854,1.0,nan
0,100,0.1,0.1,-14.036923375485177,-24.333333332597697,nan
1,100,0.1,0.1,-14.027720692763834,-24.279708935480038,nan
2,100,0.1,0.1,30.89649097347726,0.9991865124650269,nan
0,100,0.2,0.1,-14.036923373410994,-24.33333332049854,nan
1,100,0.2,0.1,-14.036923039527114,-24.333331372881965,nan
2,100,0.2,0.1,-13.704562385273576,-22.46692787412976,nan
0,100,0.3,0.1,-14.036923282382837,-24.333332789511676,nan
1,100,0.3,0.1,-14.036923374724013,-24.33333332815766,nan
2,100,0.3,0.1,-14.036736927823766,-24.332245766541792,nan
0,100,0.1,0.0,-14.036923360768029,-24.33333324674939,nan
1,100,0.1,0.0,-14.036584158943162,-24.331354686658177,nan
2,100,0.1,0.0,62.483703283185804,0.9999994355445486,nan
0,100,0.1,0.1,-14.036923375591035,-24.333333333215187,nan
1,100,0.1,0.1,-14.036923138343129,-24.333331949297047,nan
2,100,0.1,0.1,81.71896777872416,0.9999999932686338,nan
0,100,0.1,0.2,-14.036917142949896,-24.33329697690195,nan
1,100,0.1,0.2,-14.036923252902849,-24.333332617548557,nan
2,100,0.1,0.2,-4.922929991228091,-2.106654802752202,nan
0,50,0.1,0.1,-14.036922890098449,-24.33333050123243,nan
1,50,0.1,0.1,-14.036571157640275,-24.331278853292666,nan
2,50,0.1,0.1,22.720861480287816,0.9946554166796594,nan
0,100,0.1,0.1,-14.036923374585392,-24.33333332734906,nan
1,100,0.1,0.1,-14.036923330569277,-24.33333307059357,nan
2,100,0.1,0.1,17.954996226915082,0.9839859796038233,nan
0,200,0.1,0.1,-14.036923374400159,-24.333333326268548,nan
1,200,0.1,0.1,-14.036923349282578,-24.333333179752284,nan
2,200,0.1,0.1,233.80564864851803,1.0,nan
0,100,0.0,0.1,-14.03692333328534,-24.33333308643695,nan
1,100,0.0,0.1,-14.000175772553717,-24.119880974634654,nan
2,100,0.0,0.1,214.25019831359555,1.0,nan
0,100,0.1,0.1,-14.036923374786369,-24.3333333285214,nan
1,100,0.1,0.1,-14.036922076350866,-24.33332575446834,nan
2,100,0.1,0.1,27.548619111061488,0.9982415173452659,nan
0,100,0.2,0.1,-14.036923375595753,-24.33333333324271,nan
1,100,0.2,0.1,-14.036923375355588,-24.33333333184177,nan
2,100,0.2,0.1,-10.812393363944661,-11.057002095573075,nan
0,100,0.3,0.1,-14.036923225046063,-24.333332455053927,nan
1,100,0.3,0.1,-14.036923375438729,-24.333333332326745,nan
2,100,0.3,0.1,-13.912680959863382,-23.618868919664052,nan
0,100,0.1,0.0,-14.036923372812861,-24.333333317009505,nan
1,100,0.1,0.0,-14.0369232714296,-24.33333272561909,nan
2,100,0.1,0.0,107.41727488523912,0.9999999999818753,nan
0,100,0.1,0.1,-14.036923368120222,-24.333333289636325,nan
1,100,0.1,0.1,-14.036923375556722,-24.333333333015034,nan
2,100,0.1,0.1,78.47263538098451,0.9999999857853404,nan
0,100,0.1,0.2,-14.036923371338233,-24.33333330840767,nan
1,100,0.1,0.2,-14.036919522746345,-24.333310858751524,nan
2,100,0.1,0.2,-6.878353737587174,-3.8734371968562353,nan
0,50,0.1,0.1,-14.036922686152451,-24.333329311571624,nan
1,50,0.1,0.1,-14.016716969426597,-24.215738788213027,nan
2,50,0.1,0.1,60.076343488173464,0.9999990174251332,nan
0,100,0.1,0.1,-14.036923330376263,-24.333333069467677,nan
1,100,0.1,0.1,-14.036920961884086,-24.33331925354614,nan
2,100,0.1,0.1,76.1508545739107,0.9999999757386735,nan
0,200,0.1,0.1,-14.036923375353625,-24.33333333183032,nan
1,200,0.1,0.1,-14.036923335618187,-24.333333100044953,nan
2,200,0.1,0.1,177.71596355790706,1.0,nan
0,100,0.0,0.1,-14.036923147682216,-24.333332003773954,nan
1,100,0.0,0.1,25.02281497187116,0.9968542913047025,nan
2,100,0.0,0.1,138.45056295801388,0.9999999999999857,nan
0,100,0.1,0.1,-14.036923358779996,-24.33333323515277,nan
1,100,0.1,0.1,-14.036916653014265,-24.333294119006055,nan
2,100,0.1,0.1,22.995157072282918,0.9949825356806992,nan
0,100,0.2,0.1,-14.036923375462615,-24.333333332466086,nan
1,100,0.2,0.1,-14.036923367910196,-24.3333332884112,nan
2,100,0.2,0.1,12.506892477454327,0.9438550431681297,nan
0,100,0.3,0.1,-14.036923375586767,-24.333333333190293,nan
1,100,0.3,0.1,-14.036923375355798,-24.333333331843,nan
2,100,0.3,0.1,-14.019490092986011,-24.231845069133744,nan
0,100,0.1,0.0,-14.036923374899066,-24.333333329178785,nan
1,100,0.1,0.0,-14.036923252015718,-24.333332612373734,nan
2,100,0.1,0.0,27.55625409030805,0.9982446060752598,nan
0,100,0.1,0.1,-14.036923369191046,-24.333333295882667,nan
1,100,0.1,0.1,-14.036903178123536,-24.33321551730728,nan
2,100,0.1,0.1,59.43827931445633,0.9999988619218941,nan
0,100,0.1,0.2,-14.036923357628623,-24.33333322843657,nan
1,100,0.1,0.2,-14.036923307699077,-24.33333293718676,nan
2,100,0.1,0.2,14.163147831603188,0.9616570770512392,nan
0,50,0.1,0.1,-14.036857844422828,-24.3329510786685,nan
1,50,0.1,0.1,-14.033670633081258,-24.314366488666536,nan
2,50,0.1,0.1,34.846927170583484,0.9996724276148536,nan
0,100,0.1,0.1,-14.036923375600136,-24.33333333326828,nan
1,100,0.1,0.1,-14.036923374162743,-24.333333324883657,nan
2,100,0.1,0.1,36.75539438088394,0.9997889134499651,nan
0,200,0.1,0.1,-14.036923375531781,-24.333333332869554,nan
1,200,0.1,0.1,-14.036923158709353,-24.33333206809762,nan
2,200,0.1,0.1,181.34007217652723,1.0,nan
0,100,0.0,0.1,-14.036916385438683,-24.33329255818247,nan
1,100,0.0,0.1,-13.968181380307003,-23.93550327454486,nan
2,100,0.0,0.1,222.754753473661,1.0,nan
0,100,0.1,0.1,-14.036923375213199,-24.33333333101119,nan
1,100,0.1,0.1,-14.036752464219475,-24.332336389958584,nan
2,100,0.1,0.1,56.67096983492833,0.9999978476989552,nan
0,100,0.2,0.1,-14.036922509363837,-24.33332828032571,nan
1,100,0.2,0.1,-14.036923375223687,-24.333333331072364,nan
2,100,0.2,0.1,-14.03130686884603,-24.30059221439163,nan
0,100,0.3,0.1,-14.036923375602194,-24.333333333280287,nan
1,100,0.3,0.1,-14.036923375609998,-24.3333333333258,nan
2,100,0.3,0.1,-14.036902377236686,-24.333210845583796,nan
0,100,0.1,0.0,-14.036923375590888,-24.33333333321433,nan
1,100,0.1,0.0,-14.03692276370096,-24.33332976392873,nan
2,100,0.1,0.0,22.961579047030988,0.9949435921685755,nan
0,100,0.1,0.1,-14.036923375170032,-24.333333330759384,nan
1,100,0.1,0.1,-14.036923375283193,-24.333333331419475,nan
2,100,0.1,0.1,24.243810942232606,0.9962362661431662,nan
0,100,0.1,0.2,-14.036923375482093,-24.333333332579706,nan
1,100,0.1,0.2,-14.036273380024504,-24.32954205267868,nan
2,100,0.1,0.2,36.23535370158203,0.9997620615490669,nan
0,50,0.1,0.1,-14.036919542190251,-24.333310972171923,nan
1,50,0.1,0.1,-14.036922891289718,-24.333330508181362,nan
2,50,0.1,0.1,-12.494947579296085,-16.76211828726072,nan
0,100,0.1,0.1,-14.03692324925364,-24.333332596261933,nan
1,100,0.1,0.1,-14.036923302760245,-24.33333290837749,nan
2,100,0.1,0.1,38.84036903788258,0.9998693940097865,nan
0,200,0.1,0.1,-14.03692337518567,-24.333333330850607,nan
1,200,0.1,0.1,0.8898438405348941,0.18526642109335445,nan
2,200,0.1,0.1,147.6867997346403,0.9999999999999983,nan
0,100,0.0,0.1,-14.036923334869758,-24.333333095679198,nan
1,100,0.0,0.1,-12.819529787931872,-18.140486791201372,nan
2,100,0.0,0.1,192.810845423066,1.0,nan
0,100,0.1,0.1,-14.036923360175555,-24.333333243293367,nan
1,100,0.1,0.1,-14.036923362005268,-24.333333253966487,nan
2,100,0.1,0.1,79.08439630622362,0.9999999876530307,nan
0,100,0.2,0.1,-14.036923375235082,-24.333333331138835,nan
1,100,0.2,0.1,-14.036923372296217,-24.333333313995805,nan
2,100,0.2,0.1,-14.036923234765638,-24.333332511750296,nan
0,100,0.3,0.1,-14.036923375610698,-24.33333333332988,nan
1,100,0.3,0.1,-14.036923374591408,-24.333333327384146,nan
2,100,0.3,0.1,-13.859800975916718,-23.32092551042012,nan
0,100,0.1,0.0,-14.036923374490351,-24.33333332679466,nan
1,100,0.1,0.0,-14.0369213420051,-24.333321470872825,nan
2,100,0.1,0.0,83.71995870538424,0.999999995753764,nan
0,100,0.1,0.1,-14.036923375318967,-24.33333333162815,nan
1,100,0.1,0.1,-14.036923374923218,-24.333333329319668,nan
2,100,0.1,0.1,47.80025142775972,0.9999834050916888,nan
0,100,0.1,0.2,-14.036923372962226,-24.333333317880783,nan
1,100,0.1,0.2,-14.03692322165978,-24.333332435301013,nan
2,100,0.1,0.2,70.35843061466676,0.9999999079217751,nan
0,50,0.1,0.1,-14.03692328891125,-24.333332827593317,nan
1,50,0.1,0.1,-13.97818021182389,-23.992978821743602,nan
2,50,0.1,0.1,-13.704079979546663,-22.464321358928512,nan
0,100,0.1,0.1,-14.036923318085684,-24.333332997774075,nan
1,100,0.1,0.1,-14.036906320052937,-24.333233844780175,nan
2,100,0.1,0.1,39.19916888465345,0.9998797505464361,nan
0,200,0.1,0.1,-14.036923375604502,-24.33333333329374,nan
1,200,0.1,0.1,-14.036920974725877,-24.33331932845504,nan
2,200,0.1,0.1,183.8018265903833,1.0,nan
0,100,0.0,0.1,-14.036923375520491,-24.33333333280369,nan
1,100,0.0,0.1,-13.51535009779485,-21.466478777093585,nan
2,100,0.0,0.1,163.82154191412803,1.0,nan
0,100,0.1,0.1,-14.036923369379704,-24.333333296983152,nan
1,100,0.1,0.1,-14.03692336926233,-24.33333329629849,nan
2,100,0.1,0.1,85.48428851813938,0.9999999971714025,nan
0,100,0.2,0.1,-14.036923375475723,-24.333333332542544,nan
1,100,0.2,0.1,-14.036923363852248,-24.333333264740308,nan
2,100,0.2,0.1,-13.991281801033939,-24.06849029304954,nan
0,100,0.3,0.1,-14.036923354747678,-24.3333332116314,nan
1,100,0.3,0.1,-14.036923375508197,-24.333333332731975,nan
2,100,0.3,0.1,-13.997004106076252,-24.101542542421313,nan
0,100,0.1,0.0,-14.03692337440041,-24.33333332627001,nan
1,100,0.1,0.0,-14.034861660185111,-24.321309756997778,nan
2,100,0.1,0.0,39.56461169475637,0.9998894550696165,nan
0,100,0.1,0.1,-14.036923375388099,-24.33333333203142,nan
1,100,0.1,0.1,-14.036923280145203,-24.333332776459084,nan
2,100,0.1,0.1,37.02111471430764,0.9998014414793084,nan
0,100,0.1,0.2,-14.036923374074728,-24.33333332437024,nan
1,100,0.1,0.2,-14.036923375570812,-24.333333333097215,nan
2,100,0.1,0.2,47.29849196714794,0.9999813726616478,nan
0,50,0.1,0.1,-14.036923370830488,-24.333333305445887,nan
1,50,0.1,0.1,-14.03692300322579,-24.333331161128534,nan
2,50,0.1,0.1,-7.387448290581389,-4.479549178702478,nan
0,100,0.1,0.1,-14.036923375095679,-24.33333333032566,nan
1,100,0.1,0.1,-14.03685715773822,-24.332947073149917,nan
2,100,0.1,0.1,47.56156277640403,0.9999824675050548,nan
0,200,0.1,0.1,-14.036923375608929,-24.33333333331957,nan
1,200,0.1,0.1,-14.036923149791647,-24.333332016078714,nan
2,200,0.1,0.1,212.06212481040188,1.0,nan
0,100,0.0,0.1,-14.036923331626724,-24.33333307676189,nan
1,100,0.0,0.1,-8.934369957531803,-6.824146898685761,nan
2,100,0.0,0.1,175.46889459007733,1.0,nan
0,100,0.1,0.1,-14.036923368746008,-24.33333329328667,nan
1,100,0.1,0.1,-14.036923375345744,-24.333333331784353,nan
2,100,0.1,0.1,29.852848489120348,0.9989655365489295,nan
0,100,0.2,0.1,-14.036923374258699,-24.33333332544338,nan
1,100,0.2,0.1,-14.036923375351227,-24.333333331816334,nan
2,100,0.2,0.1,-13.883376603028218,-23.4533103808441,nan
0,100,0.3,0.1,-14.036923369454385,-24.33333329741879,nan
1,100,0.3,0.1,-14.028156706828414,-24.28224704324326,nan
2,100,0.3,0.1,-14.036638429949818,-24.331671238391127,nan
0,100,0.1,0.0,-14.036923375320022,-24.333333331634314,nan
1,100,0.1,0.0,-14.036923374060253,-24.333333324285803,nan
2,100,0.1,0.0,72.57154228750255,0.9999999446846364,nan
0,100,0.1,0.1,-14.03692337478841,-24.333333328533303,nan
1,100,0.1,0.1,-14.036923375507467,-24.33333333272771,nan
2,100,0.1,0.1,25.96972515015132,0.9974705419280294,nan
0,100,0.1,0.2,-14.036923375593284,-24.333333333228307,nan
1,100,0.1,0.2,-14.036923375256674,-24.333333331264782,nan
2,100,0.1,0.2,5.800812041270385,0.737022376809229,nan
0,50,0.1,0.1,-14.03692002932714,-24.333313813744056,nan
1,50,0.1,0.1,-12.827534533220273,-18.175798316979158,nan
2,50,0.1,0.1,-10.248589235459654,-9.589096925060757,nan
0,100,0.1,0.1,-14.036923375607643,-24.33333333331206,nan
1,100,0.1,0.1,-14.036922092332475,-24.333325847692485,nan
2,100,0.1,0.1,5.441762037819803,0.7143568615101873,nan
0,200,0.1,0.1,-14.036923375592652,-24.333333333224616,nan
1,200,0.1,0.1,-14.03692334663061,-24.333333164282784,nan
2,200,0.1,0.1,93.37539705571574,0.999999999540315,nan
0,100,0.0,0.1,-14.036923375601244,-24.33333333327474,nan
1,100,0.0,0.1,-14.036862952715627,-24.332980876009497,nan
2,100,0.0,0.1,174.4361231977231,1.0,nan
0,100,0.1,0.1,-14.036923373800425,-24.333333322770173,nan
1,100,0.1,0.1,-14.035580160109589,-24.3254992793036,nan
2,100,0.1,0.1,7.713750373256081,0.8307124722458239,nan
0,100,0.2,0.1,-14.036923373584214,-24.333333321508963,nan
1,100,0.2,0.1,-14.036921588621079,-24.333322909436358,nan
2,100,0.2,0.1,-8.313134880380165,-5.781308281164379,nan
0,100,0.3,0.1,-14.03616408825809,-24.328904633674686,nan
1,100,0.3,0.1,-14.036885609845427,-24.333113038437762,nan
2,100,0.3,0.1,-14.036603029107733,-24.331464752037807,nan
0,100,0.1,0.0,-14.036923367354348,-24.333333285168816,nan
1,100,0.1,0.0,-14.036922961166232,-24.333330915786085,nan
2,100,0.1,0.0,30.38505069327211,0.999084844422987,nan
0,100,0.1,0.1,-14.036923375543234,-24.33333333293635,nan
1,100,0.1,0.1,-14.036923011503573,-24.33333120941462,nan
2,100,0.1,0.1,54.31185441624053,0.9999962947752329,nan
0,100,0.1,0.2,-14.036923375610941,-24.333333333331304,nan
1,100,0.1,0.2,-14.036923364297685,-24.333333267338638,nan
2,100,0.1,0.2,21.645504420105866,0.9931538003809638,nan
0,50,0.1,0.1,-14.03692337300808,-24.333333318148245,nan
1,50,0.1,0.1,-14.036910540168272,-24.333258461537937,nan
2,50,0.1,0.1,-8.834191207500732,-6.645732876599799,nan
0,100,0.1,0.1,-14.036912447424925,-24.3332695869467,nan
1,100,0.1,0.1,-14.036923319820453,-24.333333007893366,nan
2,100,0.1,0.1,-10.368083662607855,-9.884497056665515,nan
0,200,0.1,0.1,-14.036923375515155,-24.333333332772565,nan
1,200,0.1,0.1,-14.036884304204927,-24.333105422422644,nan
2,200,0.1,0.1,203.45964314207134,1.0,nan
0,100,0.0,0.1,-14.036923374639393,-24.33333332766406,nan
1,100,0.0,0.1,-11.117209274437625,-11.93364473476471,nan
2,100,0.0,0.1,150.54911176233932,0.9999999999999991,nan
0,100,0.1,0.1,-14.036923375608268,-24.33333333331571,nan
1,100,0.1,0.1,-14.036922091011652,-24.33332583998784,nan
2,100,0.1,0.1,40.797360277412665,0.999916773051374,nan
0,100,0.2,0.1,-14.036923375611272,-24.333333333333233,nan
1,100,0.2,0.1,-14.036923375176105,-24.333333330794808,nan
2,100,0.2,0.1,48.96020958916847,0.9999872948721082,nan
0,100,0.3,0.1,-14.03692333760411,-24.333333111629265,nan
1,100,0.3,0.1,-14.036923358912079,-24.33333323592324,nan
2,100,0.3,0.1,-14.03531753039039,-24.32396782358944,nan
0,100,0.1,0.0,-14.036923375501544,-24.33333333269317,nan
1,100,0.1,0.0,-14.036227954699296,-24.329277118005162,nan
2,100,0.1,0.0,128.38865037358897,0.9999999999998551,nan
0,100,0.1,0.1,-14.03692337552073,-24.33333333280509,nan
1,100,0.1,0.1,-14.036846114790446,-24.332882658319086,nan
2,100,0.1,0.1,69.93764335951109,0.999999898553828,nan
0,100,0.1,0.2,-14.03692261104348,-24.33332887344487,nan
1,100,0.1,0.2,-14.036923375514904,-24.3333333327711,nan
2,100,0.1,0.2,46.23790232587484,0.9999762201140483,nan
0,50,0.1,0.1,-14.036922651715994,-24.333329110696372,nan
1,50,0.1,0.1,-14.036923374864273,-24.333333328975822,nan
2,50,0.1,0.1,-5.918376822547068,-2.906948461379561,nan
0,100,0.1,0.1,-14.03692337543675,-24.333333332315206,nan
1,100,0.1,0.1,-14.033805287167095,-24.315151379072514,nan
2,100,0.1,0.1,53.181138076379284,0.9999951928663985,nan
0,200,0.1,0.1,-14.036923314464875,-24.33333297665312,nan
1,200,0.1,0.1,-14.036923375376922,-24.33333333196622,nan
2,200,0.1,0.1,103.5703489143898,0.9999999999560494,nan
0,100,0.0,0.1,-14.036922978982052,-24.333331019709597,nan
1,100,0.0,0.1,-12.17475713298401,-15.499687288638139,nan
2,100,0.0,0.1,104.70431784236175,0.9999999999661493,nan
0,100,0.1,0.1,-14.036923373317213,-24.333333319951496,nan
1,100,0.1,0.1,-14.036923374010573,-24.33333332399601,nan
2,100,0.1,0.1,45.86674149281541,0.9999740984442257,nan
0,100,0.2,0.1,-14.036923375549677,-24.333333332973936,nan
1,100,0.2,0.1,-14.036921946529993,-24.333324997195447,nan
2,100,0.2,0.1,-6.123238609978578,-3.095659663905476,nan
0,100,0.3,0.1,-14.036923375548394,-24.33333333296645,nan
1,100,0.3,0.1,-14.036923370426313,-24.33333330308825,nan
2,100,0.3,0.1,-14.036084251220737,-24.328439012718714,nan
0,100,0.1,0.0,-14.036922863695821,-24.333330347220237,nan
1,100,0.1,0.0,-14.036923354126106,-24.333333208005623,nan
2,100,0.1,0.0,95.57380891264542,0.9999999997229111,nan
0,100,0.1,0.1,-14.036923375566225,-24.33333333307047,nan
1,100,0.1,0.1,-14.036923063318365,-24.333331511661452,nan
2,100,0.1,0.1,100.38918103183137,0.9999999999085715,nan
0,100,0.1,0.2,-14.036923148603577,-24.33333200914845,nan
1,100,0.1,0.2,-14.036510267399196,-24.33092369868497,nan
2,100,0.1,0.2,27.25610787601412,0.9981189981945617,nan
0,50,0.1,0.1,-14.036923268059919,-24.33333270596302,nan
1,50,0.1,0.1,-14.036831350129424,-24.33279653454709,nan
2,50,0.1,0.1,-8.076156025467906,-5.421191210478171,nan
0,100,0.1,0.1,-14.036923372733634,-24.33333331654735,nan
1,100,0.1,0.1,-14.036922267148967,-24.333326867434476,nan
2,100,0.1,0.1,77.23018632851914,0.9999999810773756,nan
0,200,0.1,0.1,-14.03692337561018,-24.333333333326863,nan
1,200,0.1,0.1,-14.036922831261037,-24.333330158021173,nan
2,200,0.1,0.1,229.53704215812877,1.0,nan
0,100,0.0,0.1,-14.036923375563434,-24.33333333305419,nan
1,100,0.0,0.1,-6.09359339776084,-3.0677976377309744,nan
2,100,0.0,0.1,102.25695158761206,0.999999999940529,nan
0,100,0.1,0.1,-14.036922794775283,-24.333329945191917,nan
1,100,0.1,0.1,-14.036923331996716,-24.333333078920127,nan
2,100,0.1,0.1,78.79398799950302,0.9999999867991711,nan
0,100,0.2,0.1,-14.036923375611002,-24.333333333331655,nan
1,100,0.2,0.1,-14.036922984436318,-24.3333310515255,nan
2,100,0.2,0.1,23.69629942972335,0.9957305684309284,nan
0,100,0.3,0.1,-14.036923292841887,-24.333332850521575,nan
1,100,0.3,0.1,-14.036923374681507,-24.333333327909713,nan
2,100,0.3,0.1,-14.034373113617878,-24.318461472319473,nan
0,100,0.1,0.0,-14.036923375338656,-24.33333333174301,nan
1,100,0.1,0.0,-14.036923364724094,-24.333333269825978,nan
2,100,0.1,0.0,145.60121397754085,0.9999999999999972,nan
0,100,0.1,0.1,-14.036923375008294,-24.333333329815936,nan
1,100,0.1,0.1,-14.036923353696817,-24.333333205501496,nan
2,100,0.1,0.1,31.444105173791257,0.9992828838840686,nan
0,100,0.1,0.2,-14.036923374882752,-24.333333329083622,nan
1,100,0.1,0.2,-14.033252253565633,-24.311927935403123,nan
2,100,0.1,0.2,11.913988897211734,0.935642211785022,nan
0,50,0.1,0.1,-14.03684439941173,-24.332872652325232,nan
1,50,0.1,0.1,-14.03692263555537,-24.333329016428,nan
2,50,0.1,0.1,-13.802724660998159,-23.00338362322333,nan
0,100,0.1,0.1,-14.03692336563002,-24.333333275110444,nan
1,100,0.1,0.1,-14.036923358292716,-24.333333232310366,nan
2,100,0.1,0.1,69.88627232760828,0.999999897346735,nan
0,200,0.1,0.1,-14.036923375610272,-24.333333333327392,nan
1,200,0.1,0.1,-14.036923369317902,-24.333333296622648,nan
2,200,0.1,0.1,271.75305512409386,1.0,nan
0,100,0.0,0.1,-14.036923375203054,-24.333333330952012,nan
1,100,0.0,0.1,-13.966845990611533,-23.927837163961687,nan
2,100,0.0,0.1,159.22673102916227,0.9999999999999999,nan
0,100,0.1,0.1,-14.036923375366346,-24.333333331904527,nan
1,100,0.1,0.1,-14.036923375491561,-24.333333332634936,nan
2,100,0.1,0.1,68.5065590474177,0.9999998589594168,nan
0,100,0.2,0.1,-14.036923375581939,-24.33333333316212,nan
1,100,0.2,0.1,-14.036923374470016,-24.33333332667604,nan
2,100,0.2,0.1,35.62385033378605,0.9997260855354158,nan
0,100,0.3,0.1,-14.036923375591051,-24.333333333215275,nan
1,100,0.3,0.1,-14.036923332367033,-24.333333081080266,nan
2,100,0.3,0.1,-13.857830739964772,-23.309894494335964,nan
0,100,0.1,0.0,-14.036923374457986,-24.333333326605867,nan
1,100,0.1,0.0,-14.03692337360311,-24.33333332161919,nan
2,100,0.1,0.0,62.32533845927786,0.9999994145818889,nan
0,100,0.1,0.1,-14.036922461504348,-24.333328001151056,nan
1,100,0.1,0.1,-14.036923341043703,-24.333333131693156,nan
2,100,0.1,0.1,72.60878734446926,0.9999999451569922,nan
0,100,0.1,0.2,-14.036921807005402,-24.333324183318705,nan
1,100,0.1,0.2,-14.036923375145689,-24.333333330617386,nan
2,100,0.1,0.2,-10.574140300572985,-10.413373509789858,nan
0,50,0.1,0.1,-14.036873650728573,-24.33304327903382,nan
1,50,0.1,0.1,-14.036723276065361,-24.33216613643598,nan
2,50,0.1,0.1,23.495632715216864,0.9955286699489794,nan
0,100,0.1,0.1,-14.036923369231506,-24.333333296118685,nan
1,100,0.1,0.1,-14.036923275920135,-24.333332751813344,nan
2,100,0.1,0.1,92.84218349498963,0.9999999994802654,nan
0,200,0.1,0.1,-14.036923375107172,-24.3333333303927,nan
1,200,0.1,0.1,-14.036923374793606,-24.33333332856361,nan
2,200,0.1,0.1,150.27982630511602,0.9999999999999991,nan
0,100,0.0,0.1,-14.036923373150398,-24.333333318978426,nan
1,100,0.0,0.1,0.2191219092137921,0.04920298614844376,nan
2,100,0.0,0.1,211.55385560012732,1.0,nan
0,100,0.1,0.1,-14.036923375559105,-24.333333333028932,nan
1,100,0.1,0.1,-14.036892265503528,-24.33315186201837,nan
2,100,0.1,0.1,22.11727504873503,0.99385852773189,nan
0,100,0.2,0.1,-14.036923307006585,-24.33333293314731,nan
1,100,0.2,0.1,-14.036923083475308,-24.333331629241236,nan
2,100,0.2,0.1,-8.605614713908482,-6.253731423945519,nan
0,100,0.3,0.1,-14.036923375276121,-24.33333333137822,nan
1,100,0.3,0.1,-14.0369233722258,-24.333333313585047,nan
2,100,0.3,0.1,-14.036897975211671,-24.333185167760107,nan
0,100,0.1,0.0,-14.036916924929784,-24.33329570514549,nan
1,100,0.1,0.0,-14.036923073781274,-24.333331572693847,nan
2,100,0.1,0.0,86.57505412459814,0.9999999977996357,nan
0,100,0.1,0.1,-14.036923375430906,-24.333333332281114,nan
1,100,0.1,0.1,-14.036923374906658,-24.333333329223066,nan
2,100,0.1,0.1,64.43603717472342,0.999999639922253,nan
0,100,0.1,0.2,-14.03692337485824,-24.333333328940643,nan
1,100,0.1,0.2,-14.0369233727985,-24.333333316925728,nan
2,100,0.1,0.2,40.6600697738978,0.9999141000279324,nan
0,50,0.1,0.1,-14.036923023003819,-24.33333127649804,nan
1,50,0.1,0.1,-14.036923375445635,-24.33333333236704,nan
2,50,0.1,0.1,8.78749710534331,0.8677942666769289,nan
0,100,0.1,0.1,-14.036923373839228,-24.333333322996516,nan
1,100,0.1,0.1,-14.036922413004172,-24.33332771823913,nan
2,100,0.1,0.1,42.53261985789658,0.9999441866597784,nan
0,200,0.1,0.1,-14.036923375608039,-24.333333333314375,nan
1,200,0.1,0.1,-14.036873712067555,-24.33304363683322,nan
2,200,0.1,0.1,185.52356677307813,1.0,nan
0,100,0.0,0.1,-14.03692337560743,-24.333333333310815,nan
1,100,0.0,0.1,-11.835830927006512,-14.261003526261572,nan
2,100,0.0,0.1,242.0261010985178,1.0,nan
0,100,0.1,0.1,-14.036923366329543,-24.33333327919091,nan
1,100,0.1,0.1,-14.036923297568077,-24.33333287809045,nan
2,100,0.1,0.1,56.34452940826123,0.9999976796844039,nan
0,100,0.2,0.1,-14.036923375597832,-24.333333333254835,nan
1,100,0.2,0.1,-14.036923372634192,-24.33333331596728,nan
2,100,0.2,0.1,-12.705877676744619,-17.646089637379173,nan
0,100,0.3,0.1,-14.03336089529783,-24.31256113849612,nan
1,100,0.3,0.1,-14.036922907485271,-24.333330602653508,nan
2,100,0.3,0.1,-14.036846325379601,-24.332883886709197,nan
0,100,0.1,0.0,-14.036923375343886,-24.333333331773513,nan
1,100,0.1,0.0,-14.036923105148386,-24.333331755664968,nan
2,100,0.1,0.0,76.92511127173509,0.9999999797003349,nan
0,100,0.1,0.1,-14.036923375302566,-24.333333331532483,nan
1,100,0.1,0.1,-14.036923038907243,-24.333331369266126,nan
2,100,0.1,0.1,125.31977628163574,0.9999999999997062,nan
0,100,0.1,0.2,-14.036923375599976,-24.333333333267344,nan
1,100,0.1,0.2,-14.036921130136408,-24.333320234997686,nan
2,100,0.1,0.2,12.63940531947912,0.9455422783168148,nan
0,50,0.1,0.1,-14.036923330008415,-24.33333306732194,nan
1,50,0.1,0.1,-14.0368472614945,-24.332889347172912,nan
2,50,0.1,0.1,-11.677021055423237,-13.713029493175346,nan
0,100,0.1,0.1,-14.036923329492339,-24.333333064311557,nan
1,100,0.1,0.1,-14.03692334996794,-24.333333183750153,nan
2,100,0.1,0.1,67.01756940458988,0.9999998012793223,nan
0,200,0.1,0.1,-14.036923361104837,-24.333333248714066,nan
1,200,0.1,0.1,-14.036894869787734,-24.333167053265267,nan
2,200,0.1,0.1,115.7367076468665,0.9999999999973311,nan
0,100,0.0,0.1,-14.03692297479246,-24.33333099527081,nan
1,100,0.0,0.1,-13.528966473311028,-21.53702815931603,nan
2,100,0.0,0.1,215.13510128391454,1.0,nan
0,100,0.1,0.1,-14.03692337236869,-24.333333314418557,nan
1,100,0.1,0.1,-14.036641529112835,-24.331689315297453,nan
2,100,0.1,0.1,54.88620509882026,0.9999967537684814,nan
0,100,0.2,0.1,-14.036923375254531,-24.333333331252284,nan
1,100,0.2,0.1,-14.036923375412279,-24.333333332172458,nan
2,100,0.2,0.1,2.0396737575148793,0.37478034241995195,nan
0,100,0.3,0.1,-14.036923375603799,-24.333333333289637,nan
1,100,0.3,0.1,-14.03692336176624,-24.333333252572178,nan
2,100,0.3,0.1,-14.036708722932707,-24.332081248929487,nan
0,100,0.1,0.0,-14.036923363606473,-24.333333263306653,nan
1,100,0.1,0.0,-14.036919602501994,-24.333311323983008,nan
2,100,0.1,0.0,115.85737457947101,0.9999999999974043,nan
0,100,0.1,0.1,-14.036923349704653,-24.33333318221434,nan
1,100,0.1,0.1,-14.036923373952934,-24.33333332365979,nan
2,100,0.1,0.1,52.233740390363685,0.9999940210356907,nan
0,100,0.1,0.2,-14.03692218150168,-24.333326367835532,nan
1,100,0.1,0.2,-14.036923283747996,-24.33333279747494,nan
2,100,0.1,0.2,11.805762162341914,0.9340182570138316,nan
0,50,0.1,0.1,-14.036923116331161,-24.3333318208965,nan
1,50,0.1,0.1,-14.036756595582231,-24.332360488151224,nan
2,50,0.1,0.1,28.17633361607772,0.9984781682575672,nan
0,100,0.1,0.1,-14.036923373926236,-24.333333323504053,nan
1,100,0.1,0.1,-14.036906400197793,-24.33323431228056,nan
2,100,0.1,0.1,14.40515272912018,0.9637352467270257,nan
0,200,0.1,0.1,-14.0369233755236,-24.333333332821823,nan
1,200,0.1,0.1,-14.036923290418112,-24.333332836383175,nan
2,200,0.1,0.1,187.52858948317532,1.0,nan
0,100,0.0,0.1,-14.03692337203922,-24.333333312496688,nan
1,100,0.0,0.1,-14.031887777247423,-24.3039766252429,nan
2,100,0.0,0.1,113.62439705597319,0.9999999999956593,nan
0,100,0.1,0.1,-14.03692323932708,-24.333332538358185,nan
1,100,0.1,0.1,-14.036916407058126,-24.333292684293145,nan
2,100,0.1,0.1,86.6431301590936,0.9999999978338577,nan
0,100,0.2,0.1,-14.036923375568646,-24.33333333308459,nan
1,100,0.2,0.1,-14.036923285103294,-24.33333280538069,nan
2,100,0.2,0.1,-11.451590243330855,-12.968797587744728,nan
0,100,0.3,0.1,-14.036923375611046,-24.333333333331915,nan
1,100,0.3,0.1,-14.036923366743522,-24.333333281605743,nan
2,100,0.3,0.1,-13.857921052583324,-23.31040002989951,nan
0,100,0.1,0.0,-14.036923375099203,-24.333333330346232,nan
1,100,0.1,0.0,-14.034392162764519,-24.31857252511042,nan
2,100,0.1,0.0,19.04146677881307,0.9875303770381357,nan
0,100,0.1,0.1,-14.036923292910515,-24.33333285092189,nan
1,100,0.1,0.1,-14.03692300786092,-24.333331188166245,nan
2,100,0.1,0.1,27.203031369644872,0.9980958688269919,nan
0,100,0.1,0.2,-14.036923365012946,-24.33333327151091,nan
1,100,0.1,0.2,-14.036561034203977,-24.33121980596428,nan
2,100,0.1,0.2,8.277669550301608,0.8513266781946844,nan
0,50,0.1,0.1,-14.036923301572832,-24.333332901451058,nan
1,50,0.1,0.1,-14.036678167199863,-24.33190302018924,nan
2,50,0.1,0.1,-12.374639154651462,-16.276824253642527,nan
0,100,0.1,0.1,-14.036923375225923,-24.333333331085406,nan
1,100,0.1,0.1,-14.036923375564543,-24.33333333306065,nan
2,100,0.1,0.1,48.464103886213195,0.9999857573890474,nan
0,200,0.1,0.1,-14.036923375173105,-24.33333333077731,nan
1,200,0.1,0.1,-14.0369043187307,-24.33322217068468,nan
2,200,0.1,0.1,186.2567897999891,1.0,nan
0,100,0.0,0.1,-14.036923375592178,-24.333333333221855,nan
1,100,0.0,0.1,-10.807605525141636,-11.043717290840286,nan
2,100,0.0,0.1,195.69180285063865,1.0,nan
0,100,0.1,0.1,-14.036923363010828,-24.333333259832134,nan
1,100,0.1,0.1,-14.036922221047035,-24.333326598512045,nan
2,100,0.1,0.1,23.089968024848297,0.9950908850949993,nan
0,100,0.2,0.1,-14.036923375118528,-24.333333330458956,nan
1,100,0.2,0.1,-14.036923012649531,-24.333331216099246,nan
2,100,0.2,0.1,11.043596014130635,0.9213605624607852,nan
0,100,0.3,0.1,-14.036923375193016,-24.333333330893453,nan
1,100,0.3,0.1,-14.036923374410883,-24.333333326331108,nan
2,100,0.3,0.1,-13.74021741010475,-22.66038139636383,nan
0,100,0.1,0.0,-14.036923370823649,-24.333333305405993,nan
1,100,0.1,0.0,-14.036923272778088,-24.33333273348511,nan
2,100,0.1,0.0,94.22697806214173,0.999999999622165,nan
0,100,0.1,0.1,-14.036923374372375,-24.333333326106477,nan
1,100,0.1,0.1,-14.036921892099564,-24.333324679691113,nan
2,100,0.1,0.1,64.301294182341,0.9999996285754706,nan
0,100,0.1,0.2,-14.036923364056923,-24.33333326593423,nan
1,100,0.1,0.2,-14.036923374424465,-24.333333326410326,nan
2,100,0.1,0.2,5.908259542635558,0.7434488027417452,nan
0,50,0.1,0.1,-14.036923316960312,-24.333332991209545,nan
1,50,0.1,0.1,-14.036923340064067,-24.333333125978726,nan
2,50,0.1,0.1,-13.751213357476669,-22.720363265594433,nan
0,100,0.1,0.1,-14.036923369948209,-24.333333300299365,nan
1,100,0.1,0.1,-14.036923344635541,-24.333333152645118,nan
2,100,0.1,0.1,94.71600378591178,0.9999999996624022,nan
0,200,0.1,0.1,-14.036923375568847,-24.333333333085754,nan
1,200,0.1,0.1,-14.036897313886687,-24.333181310131774,nan
2,200,0.1,0.1,195.25851998886506,1.0,nan
0,100,0.0,0.1,-14.036923375607307,-24.3333333333101,nan
1,100,0.0,0.1,-14.036896424991568,-24.333176125046567,nan
2,100,0.0,0.1,181.1433633826656,1.0,nan
0,100,0.1,0.1,-14.036923372456027,-24.33333331492801,nan
1,100,0.1,0.1,-14.036923261477117,-24.33333266756411,nan
2,100,0.1,0.1,88.34679148826882,0.9999999985367422,nan
0,100,0.2,0.1,-14.036923361393471,-24.33333325039774,nan
1,100,0.2,0.1,-14.03476546701427,-24.32074891402091,nan
2,100,0.2,0.1,-14.036910989726312,-24.333261083899277,nan
0,100,0.3,0.1,-14.036920990734512,-24.333319421836805,nan
1,100,0.3,0.1,-14.036923375586245,-24.333333333187248,nan
2,100,0.3,0.1,-14.03659633654697,-24.331425715797764,nan
0,100,0.1,0.0,-14.036923369185407,-24.333333295849783,nan
1,100,0.1,0.0,-14.036920587469325,-24.333317069505444,nan
2,100,0.1,0.0,71.3874300934075,0.9999999273464247,nan
0,100,0.1,0.1,-14.036923374830453,-24.333333328778544,nan
1,100,0.1,0.1,-14.036923374199494,-24.33333332509803,nan
2,100,0.1,0.1,117.11645439518469,0.9999999999980576,nan
0,100,0.1,0.2,-14.03692337500122,-24.333333329774668,nan
1,100,0.1,0.2,-14.036923375586806,-24.333333333190513,nan
2,100,0.1,0.2,-3.2372721111308165,-1.1073040950873807,nan
0,50,0.1,0.1,-14.036919385093888,-24.3333100557958,nan
1,50,0.1,0.1,-14.036923363328986,-24.33333326168801,nan
2,50,0.1,0.1,12.61127763645798,0.9451884307128426,nan
0,100,0.1,0.1,-14.036916571151517,-24.333293641483742,nan
1,100,0.1,0.1,-14.03692334537665,-24.33333315696817,nan
2,100,0.1,0.1,43.676845407615886,0.9999571140080986,nan
0,200,0.1,0.1,-14.036923375610826,-24.333333333330632,nan
1,200,0.1,0.1,-14.03577906481393,-24.32665920108764,nan
2,200,0.1,0.1,213.6449382887233,1.0,nan
0,100,0.0,0.1,-14.03692336803153,-24.33333328911897,nan
1,100,0.0,0.1,-13.777036905537837,-22.861826881302946,nan
2,100,0.0,0.1,193.85999791461145,1.0,nan
0,100,0.1,0.1,-14.03692337560662,-24.3333333333061,nan
1,100,0.1,0.1,-14.036923347345919,-24.33333316845534,nan
2,100,0.1,0.1,31.77073195664058,0.9993348389589856,nan
0,100,0.2,0.1,-14.036923375611243,-24.333333333333066,nan
1,100,0.2,0.1,-14.03692337522251,-24.3333333310655,nan
2,100,0.2,0.1,-14.012907152599844,-24.193628163956127,nan
0,100,0.3,0.1,-14.036923375129515,-24.333333330523043,nan
1,100,0.3,0.1,-14.036923340614845,-24.333333129191526,nan
2,100,0.3,0.1,-14.036045085511294,-24.32821059586072,nan
0,100,0.1,0.0,-14.03692329068938,-24.33333283796554,nan
1,100,0.1,0.0,-14.03692328013918,-24.333332776423944,nan
2,100,0.1,0.0,114.84197243281615,0.9999999999967205,nan
0,100,0.1,0.1,-14.03692257198305,-24.333328645597014,nan
1,100,0.1,0.1,-14.036923372953607,-24.3333333178305,nan
2,100,0.1,0.1,30.046251690419066,0.9990105933364675,nan
0,100,0.1,0.2,-14.036923325829598,-24.333333042946,nan
1,100,0.1,0.2,-14.036923374271675,-24.333333325519074,nan
2,100,0.1,0.2,-1.182904106332028,-0.3130776542290108,nan
0,50,0.1,0.1,-14.03692337276423,-24.33333331672582,nan
1,50,0.1,0.1,-14.03692125343518,-24.333320954225634,nan
2,50,0.1,0.1,-13.995542965006628,-24.093098795804842,nan
0,100,0.1,0.1,-14.036923374855713,-24.33333332892589,nan
1,100,0.1,0.1,-14.03692331200599,-24.33333296230992,nan
2,100,0.1,0.1,41.91725044691722,0.9999356905263121,nan
0,200,0.1,0.1,-14.036923214477238,-24.33333239340369,nan
1,200,0.1,0.1,-14.036899809745954,-24.333195868933718,nan
2,200,0.1,0.1,162.69391574924504,1.0,nan
0,100,0.0,0.1,-14.036923366602183,-24.333333280781275,nan
1,100,0.0,0.1,-13.996710143803297,-24.099843543911238,nan
2,100,0.0,0.1,146.6570588892245,0.9999999999999979,nan
0,100,0.1,0.1,-14.036920959284254,-24.33331923838077,nan
1,100,0.1,0.1,-14.03691744912307,-24.33329876287357,nan
2,100,0.1,0.1,57.66256819841425,0.9999982870559407,nan
0,100,0.2,0.1,-14.036923375547609,-24.333333332961878,nan
1,100,0.2,0.1,-14.036922846373354,-24.333330246174558,nan
2,100,0.2,0.1,-13.513348135604119,-21.456124817273693,nan
0,100,0.3,0.1,-14.036923375592867,-24.333333333225873,nan
1,100,0.3,0.1,-14.036923324299194,-24.333333034018818,nan
2,100,0.3,0.1,-12.792583738665645,-18.022096207674995,nan
0,100,0.1,0.0,-14.036923374721802,-24.33333332814476,nan
1,100,0.1,0.0,-14.036914829218407,-24.33328348043037,nan
2,100,0.1,0.0,104.36787188095579,0.9999999999634226,nan
0,100,0.1,0.1,-14.03692315362682,-24.3333320384501,nan
1,100,0.1,0.1,-14.036923155007896,-24.33333204650622,nan
2,100,0.1,0.1,48.90235739098733,0.9999871244953243,nan
0,100,0.1,0.2,-14.036923258319561,-24.333332649145405,nan
1,100,0.1,0.2,-14.0369233755814,-24.333333333158986,nan
2,100,0.1,0.2,21.779621488691898,0.9933619907825141,nan
0,50,0.1,0.1,-14.036915023446872,-24.33328461340467,nan
1,50,0.1,0.1,-14.036923311927993,-24.333332961854943,nan
2,50,0.1,0.1,-10.41115547685028,-9.99298278043703,nan
0,100,0.1,0.1,-14.03692335536141,-24.333333215211425,nan
1,100,0.1,0.1,-14.03599628698047,-24.32792600267037,nan
2,100,0.1,0.1,58.695216564313775,0.999998649550515,nan
0,200,0.1,0.1,-14.036923375589442,-24.3333333332059,nan
1,200,0.1,0.1,-14.03690212411229,-24.333209369061805,nan
2,200,0.1,0.1,203.9523678600342,1.0,nan
0,100,0.0,0.1,-14.032888044205482,-24.309805307804606,nan
1,100,0.0,0.1,-13.991291334339426,-24.068545321572426,nan
2,100,0.0,0.1,167.18102339520766,1.0,nan
0,100,0.1,0.1,-14.036923375607259,-24.333333333309827,nan
1,100,0.1,0.1,-14.036923349696547,-24.333333182167053,nan
2,100,0.1,0.1,24.878214188373306,0.9967477899977573,nan
0,100,0.2,0.1,-14.036923375456274,-24.333333332429095,nan
1,100,0.2,0.1,-13.992737515254568,-24.076894423425234,nan
2,100,0.2,0.1,-10.847586232088283,-11.15510243705036,nan
0,100,0.3,0.1,-14.036923373594444,-24.333333321568634,nan
1,100,0.3,0.1,-14.036922828736532,-24.333330143295193,nan
2,100,0.3,0.1,-14.001944529947693,-24.13011366835366,nan
0,100,0.1,0.0,-14.036923372737224,-24.333333316568293,nan
1,100,0.1,0.0,-14.035626606993969,-24.32577013165748,nan
2,100,0.1,0.0,33.37153025101012,0.999539905570781,nan
0,100,0.1,0.1,-14.036923375452563,-24.333333332407452,nan
1,100,0.1,0.1,-14.036923358828696,-24.333333235436854,nan
2,100,0.1,0.1,29.68954599956937,0.9989258983096625,nan
0,100,0.1,0.2,-14.036923373685898,-24.333333322102117,nan
1,100,0.1,0.2,-14.036922530783823,-24.33332840527308,nan
2,100,0.1,0.2,31.200867339379226,0.9992415739070953,nan
0,50,0.1,0.1,-14.036923375123164,-24.333333330486,nan
1,50,0.1,0.1,-14.036692892394864,-24.331988910721964,nan
2,50,0.1,0.1,-13.208329187165209,-19.93306966221126,nan
0,100,0.1,0.1,-14.036923375551584,-24.333333332985063,nan
1,100,0.1,0.1,-14.036923040819397,-24.333331380420137,nan
2,100,0.1,0.1,71.43124449705213,0.9999999280757155,nan
0,200,0.1,0.1,-14.036923375610314,-24.33333333332765,nan
1,200,0.1,0.1,-14.036056658365478,-24.328278089253057,nan
2,200,0.1,0.1,145.49324293424579,0.9999999999999972,nan
0,100,0.0,0.1,-14.036923375036627,-24.33333332998121,nan
1,100,0.0,0.1,20.60691131651044,0.9913042135001927,nan
2,100,0.0,0.1,186.7755075758744,1.0,nan
0,100,0.1,0.1,-14.036923370225756,-24.333333301918355,nan
1,100,0.1,0.1,-14.03692337273004,-24.333333316526392,nan
2,100,0.1,0.1,113.23582834898112,0.999999999995253,nan
0,100,0.2,0.1,-14.036923334879896,-24.33333309573834,nan
1,100,0.2,0.1,-14.036923360079268,-24.333333242731705,nan
2,100,0.2,0.1,-14.034525646380324,-24.31935072209116,nan
0,100,0.3,0.1,-14.03692337190879,-24.333333311735853,nan
1,100,0.3,0.1,-14.036923375607987,-24.333333333314076,nan
2,100,0.3,0.1,-14.014260016029498,-24.201477411143884,nan
0,100,0.1,0.0,-14.036923374779285,-24.33333332848007,nan
1,100,0.1,0.0,-14.036923329298148,-24.333333063178795,nan
2,100,0.1,0.0,64.26479638284223,0.9999996254408924,nan
0,100,0.1,0.1,-14.036923368532769,-24.33333329204279,nan
1,100,0.1,0.1,-14.036923334936288,-24.33333309606729,nan
2,100,0.1,0.1,58.529524240511364,0.9999985970326121,nan
0,100,0.1,0.2,-14.036877933083717,-24.333068258660823,nan
1,100,0.1,0.2,-14.036923057303355,-24.3333314765746,nan
2,100,0.1,0.2,6.787490733764122,0.7904677258451979,nan
0,50,0.1,0.1,-14.036923234151278,-24.333332508166603,nan
1,50,0.1,0.1,-14.036750722604696,-24.332326231145974,nan
2,50,0.1,0.1,-13.143999589815103,-19.625285030437105,nan
0,100,0.1,0.1,-14.036923353144477,-24.333333202279576,nan
1,100,0.1,0.1,-14.036923225591307,-24.33333245823445,nan
2,100,0.1,0.1,106.77422579916099,0.9999999999789827,nan
0,200,0.1,0.1,-14.03692337560728,-24.333333333309945,nan
1,200,0.1,0.1,-14.036922103483656,-24.333325912739703,nan
2,200,0.1,0.1,127.93863702200092,0.9999999999998392,nan
0,100,0.0,0.1,-14.036923373441038,-24.333333320673784,nan
1,100,0.0,0.1,-14.031552976233039,-24.3020259970736,nan
2,100,0.0,0.1,202.63054447437597,1.0,nan
0,100,0.1,0.1,-14.036923375089291,-24.33333333028841,nan
1,100,0.1,0.1,-14.03691748480911,-24.333298971037642,nan
2,100,0.1,0.1,77.55585976658894,0.9999999824444669,nan
0,100,0.2,0.1,-14.03692337509126,-24.333333330299887,nan
1,100,0.2,0.1,-14.036923374687568,-24.333333327945073,nan
2,100,0.2,0.1,-14.035378956838187,-24.32432600736872,nan
0,100,0.3,0.1,-14.03588282217844,-24.32726428793794,nan
1,100,0.3,0.1,-14.036923299267936,-24.3333328880061,nan
2,100,0.3,0.1,-13.475187911013556,-21.259673561094992,nan
0,100,0.1,0.0,-14.036923374107486,-24.333333324561327,nan
1,100,0.1,0.0,-14.036914916138421,-24.333283987452553,nan
2,100,0.1,0.0,96.97813261447472,0.9999999997994666,nan
0,100,0.1,0.1,-14.036923375478366,-24.33333333255797,nan
1,100,0.1,0.1,-14.036923366947832,-24.333333282797515,nan
2,100,0.1,0.1,50.17434829950876,0.999990393500377,nan
0,100,0.1,0.2,-14.03692333310623,-24.333333085392166,nan
1,100,0.1,0.2,-14.036923374538725,-24.33333332707684,nan
2,100,0.1,0.2,20.46886117798678,0.9910233584775963,nan
0,50,0.1,0.1,-14.036922797267463,-24.33332995972935,nan
1,50,0.1,0.1,-14.036907251247115,-24.3332392766158,nan
2,50,0.1,0.1,-10.398405972755384,-9.960758204575443,nan
0,100,0.1,0.1,-14.036915054971875,-24.333284797296454,nan
1,100,0.1,0.1,-14.036923375577874,-24.33333333313842,nan
2,100,0.1,0.1,61.28210449204035,0.9999992556288188,nan
0,200,0.1,0.1,-14.036923375609828,-24.333333333324802,nan
1,200,0.1,0.1,-14.036921336501988,-24.333321438772007,nan
2,200,0.1,0.1,213.73367159242287,1.0,nan
0,100,0.0,0.1,-14.036923375587087,-24.333333333192158,nan
1,100,0.0,0.1,-13.990374041635803,-24.063251041680694,nan
2,100,0.0,0.1,155.87458323833843,0.9999999999999998,nan
0,100,0.1,0.1,-14.036923375610357,-24.333333333327896,nan
1,100,0.1,0.1,-14.036923354282713,-24.333333208919154,nan
2,100,0.1,0.1,53.86707086371608,0.9999958951913802,nan
0,100,0.2,0.1,-14.036923151134024,-24.33333202390909,nan
1,100,0.2,0.1,-14.036923361769473,-24.33333325259104,nan
2,100,0.2,0.1,-14.036867977824969,-24.333010188164682,nan
0,100,0.3,0.1,-14.036923368201395,-24.333333290109824,nan
1,100,0.3,0.1,-14.036923374413481,-24.333333326346263,nan
2,100,0.3,0.1,-14.036553154303451,-24.33117384468235,nan
0,100,0.1,0.0,-14.036923374440555,-24.33333332650419,nan
1,100,0.1,0.0,-14.036917997033896,-24.33330195895137,nan
2,100,0.1,0.0,66.73158134070664,0.9999997877528507,nan
0,100,0.1,0.1,-14.036923375436842,-24.33333333231575,nan
1,100,0.1,0.1,-14.036923375038972,-24.333333329994886,nan
2,100,0.1,0.1,107.9673405279567,0.9999999999840314,nan
0,100,0.1,0.2,-14.036923375605586,-24.333333333300065,nan
1,100,0.1,0.2,-14.036873428055962,-24.333041980151382,nan
2,100,0.1,0.2,23.671598840076324,0.9957062167647688,nan
0,50,0.1,0.1,-14.036910421739389,-24.333257770718774,nan
1,50,0.1,0.1,-14.03692307839834,-24.33333159962619,nan
2,50,0.1,0.1,7.3288867543306715,0.8150257289306209,nan
0,100,0.1,0.1,-14.036923375603328,-24.33333333328689,nan
1,100,0.1,0.1,-14.036923275546124,-24.333332749631666,nan
2,100,0.1,0.1,43.37266977065529,0.9999540026276406,nan
0,200,0.1,0.1,-14.036923375608728,-24.33333333331839,nan
1,200,0.1,0.1,-11.794846999689632,-14.117664394603468,nan
2,200,0.1,0.1,194.39300799930004,1.0,nan
0,100,0.0,0.1,-14.036923373366694,-24.33333332024013,nan
1,100,0.0,0.1,-5.6388082195470925,-2.663370315275616,nan
2,100,0.0,0.1,166.8238601487136,1.0,nan
0,100,0.1,0.1,-14.036923375561921,-24.333333333045356,nan
1,100,0.1,0.1,-14.03692337078322,-24.33333330517017,nan
2,100,0.1,0.1,107.83502445277881,0.9999999999835374,nan
0,100,0.2,0.1,-14.036923375611263,-24.333333333333183,nan
1,100,0.2,0.1,-14.036877175133336,-24.333063837419502,nan
2,100,0.2,0.1,-13.978902216175893,-23.997134191034853,nan
0,100,0.3,0.1,-14.036923375400486,-24.333333332103667,nan
1,100,0.3,0.1,-14.036923375592462,-24.333333333223514,nan
2,100,0.3,0.1,-14.035699386818496,-24.326194548873787,nan
0,100,0.1,0.0,-14.036923375603562,-24.333333333288262,nan
1,100,0.1,0.0,-14.036921604001273,-24.333322999152315,nan
2,100,0.1,0.0,13.697148670074771,0.9573140321452341,nan
0,100,0.1,0.1,-14.03692329381127,-24.33333285617619,nan
1,100,0.1,0.1,-14.036907812955901,-24.333242553172283,nan
2,100,0.1,0.1,67.42730878630069,0.9999998191705667,nan
0,100,0.1,0.2,-14.036923278658751,-24.33333276778828,nan
1,100,0.1,0.2,-14.036923337992786,-24.333333113896497,nan
2,100,0.1,0.2,33.03600131833997,0.9995029502403077,nan
0,50,0.1,0.1,-14.036922807278675,-24.3333300181269,nan
1,50,0.1,0.1,-14.036911264341832,-24.33326268578628,nan
2,50,0.1,0.1,1.1167018474090167,0.2267323969948466,nan
0,100,0.1,0.1,-14.036923335609439,-24.33333309999392,nan
1,100,0.1,0.1,-14.03692332320157,-24.333333027616153,nan
2,100,0.1,0.1,53.41226704155743,0.9999954420107575,nan
0,200,0.1,0.1,-14.03692337486634,-24.33333332898789,nan
1,200,0.1,0.1,-14.036921696976128,-24.33332354149447,nan
2,200,0.1,0.1,170.01696585343197,1.0,nan
0,100,0.0,0.1,-14.036923375596288,-24.333333333245832,nan
1,100,0.0,0.1,-13.984855608283276,-24.03142423968567,nan
2,100,0.0,0.1,185.67282585080122,1.0,nan
0,100,0.1,0.1,-14.036922466345354,-24.33332802938968,nan
1,100,0.1,0.1,-14.036920681960652,-24.33331762069337,nan
2,100,0.1,0.1,58.114911051714145,0.9999984564919643,nan
0,100,0.2,0.1,-14.036923374453469,-24.33333332657952,nan
1,100,0.2,0.1,-14.000081743010792,-24.11933710740748,nan
2,100,0.2,0.1,9.467455723835135,0.886954201037456,nan
0,100,0.3,0.1,-14.036922079999892,-24.333325775753885,nan
1,100,0.3,0.1,-14.036923310073607,-24.333332951037914,nan
2,100,0.3,0.1,-13.899213642300662,-23.542644926971928,nan
0,100,0.1,0.0,-14.03692132978988,-24.33332139961885,nan
1,100,0.1,0.0,-14.03687419832089,-24.333046473221472,nan
2,100,0.1,0.0,88.84548716484866,0.9999999986954784,nan
0,100,0.1,0.1,-14.036923368591781,-24.333333292387024,nan
1,100,0.1,0.1,-14.036923370581025,-24.333333303990717,nan
2,100,0.1,0.1,136.2011719173262,0.999999999999976,nan
0,100,0.1,0.2,-14.036923365796971,-24.333333276084304,nan
1,100,0.1,0.2,-14.03692337176166,-24.33333331087762,nan
2,100,0.1,0.2,-13.516592773324492,-21.47290817908159,nan
0,50,0.1,0.1,-14.036923375179606,-24.333333330815233,nan
1,50,0.1,0.1,-14.036923369838304,-24.333333299658264,nan
2,50,0.1,0.1,-0.004025276904114393,-0.000927283921602351,nan
0,100,0.1,0.1,-14.036923369721476,-24.33333329897679,nan
1,100,0.1,0.1,-14.036923328733701,-24.33333305988626,nan
2,100,0.1,0.1,114.92963808532352,0.9999999999967861,nan
0,200,0.1,0.1,-14.036923246297658,-24.33333257901905,nan
1,200,0.1,0.1,-14.036854750944737,-24.332933034022652,nan
2,200,0.1,0.1,227.3006704397973,1.0,nan
0,100,0.0,0.1,-14.036921845876014,-24.33332441005928,nan
1,100,0.0,0.1,-13.613919454478939,-21.982218294990144,nan
2,100,0.0,0.1,192.22059189576754,1.0,nan
0,100,0.1,0.1,-14.036923262182084,-24.333332671676335,nan
1,100,0.1,0.1,-14.036920246109897,-24.33331507828366,nan
2,100,0.1,0.1,84.14259564300173,0.9999999961475197,nan
0,100,0.2,0.1,-14.036923375535011,-24.333333332888387,nan
1,100,0.2,0.1,-14.036923353642369,-24.33333320518388,nan
2,100,0.2,0.1,-13.959742789101956,-23.887099200776674,nan
0,100,0.3,0.1,-14.036923278116856,-24.33333276462729,nan
1,100,0.3,0.1,-14.03692337510198,-24.33333333036242,nan
2,100,0.3,0.1,-14.036905770035183,-24.333230636420854,nan
0,100,0.1,0.0,-14.03692337560596,-24.333333333302253,nan
1,100,0.1,0.0,-14.036923298156303,-24.333332881521706,nan
2,100,0.1,0.0,58.78777256796805,0.9999986780265191,nan
0,100,0.1,0.1,-14.036923374007733,-24.333333323979442,nan
1,100,0.1,0.1,-14.03690442651331,-24.333222799401128,nan
2,100,0.1,0.1,2.6505599975988847,0.4568197129776478,nan
0,100,0.1,0.2,-14.03692290106292,-24.33333056519055,nan
1,100,0.1,0.2,-14.036922622907538,-24.333328942650468,nan
2,100,0.1,0.2,-0.4063424835449416,-0.09808067460333669,nan
0,50,0.1,0.1,-14.036923291674322,-24.33333284371091,nan
1,50,0.1,0.1,-14.036888873626792,-24.333132076619634,nan
2,50,0.1,0.1,21.822972558950365,0.9934279214713508,nan
0,100,0.1,0.1,-14.0369221591424,-24.333326237409064,nan
1,100,0.1,0.1,-14.036923224801532,-24.333332453627524,nan
2,100,0.1,0.1,-4.801783682337154,-2.0211922935812163,nan
0,200,0.1,0.1,-14.03692337547451,-24.333333332535474,nan
1,200,0.1,0.1,-14.03692219380017,-24.333326439575252,nan
2,200,0.1,0.1,174.15505134043832,1.0,nan
0,100,0.0,0.1,-14.036923375557308,-24.33333333301845,nan
1,100,0.0,0.1,25.27156103510007,0.9970294019167559,nan
2,100,0.0,0.1,101.62752371962856,0.999999999931254,nan
0,100,0.1,0.1,-14.03692336431802,-24.333333267457256,nan
1,100,0.1,0.1,-14.03687124108223,-24.33302922321208,nan
2,100,0.1,0.1,0.15640367958307894,0.03537251503151828,nan
0,100,0.2,0.1,-14.036923375519345,-24.333333332797007,nan
1,100,0.2,0.1,-14.036923320870223,-24.333333014016894,nan
2,100,0.2,0.1,-14.029046748661465,-24.287428910478578,nan
0,100,0.3,0.1,-14.036923373459356,-24.333333320780643,nan
1,100,0.3,0.1,-14.036916808330126,-24.333295024995575,nan
2,100,0.3,0.1,-13.258654635083571,-20.17705007325653,nan
0,100,0.1,0.0,-14.036923330810131,-24.333333071998524,nan
1,100,0.1,0.0,-14.036923368391946,-24.333333291221354,nan
2,100,0.1,0.0,85.26860894658793,0.999999997027382,nan
0,100,0.1,0.1,-14.036923365104673,-24.333333272045984,nan
1,100,0.1,0.1,-14.036923331547138,-24.333333076297638,nan
2,100,0.1,0.1,59.78831034712407,0.9999989500491602,nan
0,100,0.1,0.2,-14.036923375034004,-24.333333329965896,nan
1,100,0.1,0.2,-14.036922203801916,-24.333326497917575,nan
2,100,0.1,0.2,-14.010019773345682,-24.17688390720421,nan
0,50,0.1,0.1,-14.036917735287693,-24.33330043213128,nan
1,50,0.1,0.1,-14.036819418599634,-24.332726936932136,nan
2,50,0.1,0.1,15.965485034986601,0.9746807115501582,nan
0,100,0.1,0.1,-14.03692337514434,-24.333333330609527,nan
1,100,0.1,0.1,-14.036921643825943,-24.33332323145811,nan
2,100,0.1,0.1,81.24884382934545,0.9999999924990612,nan
0,200,0.1,0.1,-14.03692337539232,-24.333333332056043,nan
1,200,0.1,0.1,-14.036923363528246,-24.333333262850342,nan
2,200,0.1,0.1,208.72867916818902,1.0,nan
0,100,0.0,0.1,-14.036923375495094,-24.333333332655542,nan
1,100,0.0,0.1,-12.28014990619579,-15.904992818994465,nan
2,100,0.0,0.1,201.19131249097194,1.0,nan
0,100,0.1,0.1,-14.03692337400464,-24.3333333239614,nan
1,100,0.1,0.1,-14.036922977851734,-24.333331013116208,nan
2,100,0.1,0.1,61.71151136177862,0.9999993257066698,nan
0,100,0.2,0.1,-14.036923167418804,-24.33333211890172,nan
1,100,0.2,0.1,-14.036923366246398,-24.333333278705908,nan
2,100,0.2,0.1,33.94563900207008,0.9995968783714888,nan
0,100,0.3,0.1,-14.036923375511128,-24.33333333274907,nan
1,100,0.3,0.1,-14.03692337557337,-24.333333333112137,nan
2,100,0.3,0.1,-12.341170306345266,-16.144192349521887,nan
0,100,0.1,0.0,-14.03692025994176,-24.333315158967853,nan
1,100,0.1,0.0,-14.036922719371681,-24.33332950534652,nan
2,100,0.1,0.0,163.492679561839,1.0,nan
0,100,0.1,0.1,-14.03692337495383,-24.333333329498227,nan
1,100,0.1,0.1,-14.036433815567582,-24.330477785013848,nan
2,100,0.1,0.1,-13.065774000104566,-19.257105970221467,nan
0,100,0.1,0.2,-14.036923368423137,-24.333333291403296,nan
1,100,0.1,0.2,-14.036923365724899,-24.333333275663882,nan
2,100,0.1,0.2,-7.956965053012203,-5.247359607301878,nan
0,50,0.1,0.1,-14.036915309791143,-24.33328628370937,nan
1,50,0.1,0.1,-14.036923268673076,-24.333332709539693,nan
2,50,0.1,0.1,8.290219071945664,0.851755669589402,nan
0,100,0.1,0.1,-14.03692337471617,-24.333333328111912,nan
1,100,0.1,0.1,-14.036922332546444,-24.33332724891197,nan
2,100,0.1,0.1,-2.7693487935025813,-0.8920598908689705,nan
0,200,0.1,0.1,-14.036923374006305,-24.333333323971114,nan
1,200,0.1,0.1,-14.036923209390197,-24.33333236372989,nan
2,200,0.1,0.1,188.04531780317618,1.0,nan
0,100,0.0,0.1,-14.036923372070163,-24.33333331267718,nan
1,100,0.0,0.1,23.562518478976415,0.9955970054073221,nan
2,100,0.0,0.1,235.95409741275117,1.0,nan
0,100,0.1,0.1,-14.036923375537729,-24.33333333290424,nan
1,100,0.1,0.1,-14.036922723485931,-24.333329529345832,nan
2,100,0.1,0.1,26.39435601154603,0.9977061532544086,nan
0,100,0.2,0.1,-14.036923374945294,-24.33333332944844,nan
1,100,0.2,0.1,-14.036906725519904,-24.33323620994722,nan
2,100,0.2,0.1,28.036169729430313,0.9984282515995104,nan
0,100,0.3,0.1,-14.036923375579434,-24.33333333314751,nan
1,100,0.3,0.1,-14.036918178093494,-24.333303015109752,nan
2,100,0.3,0.1,-14.036914877622817,-24.33328376278317,nan
0,100,0.1,0.0,-14.014908348721937,-24.205239872334907,nan
1,100,0.1,0.0,-14.036923362714003,-24.33333325810068,nan
2,100,0.1,0.0,58.30002773700006,0.9999985209010583,nan
0,100,0.1,0.1,-14.036923372548953,-24.333333315470064,nan
1,100,0.1,0.1,-14.0369197447753,-24.333312153893168,nan
2,100,0.1,0.1,24.06496894311299,0.9960780404904,nan
0,100,0.1,0.2,-14.03692336678376,-24.333333281840453,nan
1,100,0.1,0.2,-14.036889314398577,-24.333134647716182,nan
2,100,0.1,0.2,27.3741878290005,0.9981694515961507,nan
0,50,0.1,0.1,-14.03692228249219,-24.33332695693479,nan
1,50,0.1,0.1,-14.03680539909631,-24.33264516023658,nan
2,50,0.1,0.1,-13.379158484841023,-20.772878470633735,nan
0,100,0.1,0.1,-14.036923374963495,-24.33333332955461,nan
1,100,0.1,0.1,-14.03692023551891,-24.333315016504205,nan
2,100,0.1,0.1,42.4166028077337,0.9999426755734095,nan
0,200,0.1,0.1,-14.03692337547893,-24.33333333256125,nan
1,200,0.1,0.1,-14.036923043478717,-24.333331395932518,nan
2,200,0.1,0.1,127.87231164936475,0.9999999999998368,nan
0,100,0.0,0.1,-14.036922910948547,-24.333330622855545,nan
1,100,0.0,0.1,13.244930859374929,0.9526296150417195,nan
2,100,0.0,0.1,185.56464539108066,1.0,nan
0,100,0.1,0.1,-14.036923364760545,-24.333333270038604,nan
1,100,0.1,0.1,-14.036923375250963,-24.333333331231472,nan
2,100,0.1,0.1,58.791344762663684,0.9999986791134324,nan
0,100,0.2,0.1,-14.03692337547636,-24.333333332546264,nan
1,100,0.2,0.1,-14.036923346002865,-24.333333160621017,nan
2,100,0.2,0.1,-9.245475990588655,-7.405191236902754,nan
0,100,0.3,0.1,-14.03692337335878,-24.333333320193965,nan
1,100,0.3,0.1,-14.036923375558485,-24.33333333302532,nan
2,100,0.3,0.1,-14.036922505243384,-24.333328256290223,nan
0,100,0.1,0.0,-14.036923347779531,-24.333333170984687,nan
1,100,0.1,0.0,-14.0369189251269,-24.333307372711808,nan
2,100,0.1,0.0,113.34469821002381,0.9999999999953706,nan
0,100,0.1,0.1,-14.036923361978946,-24.333333253812935,nan
1,100,0.1,0.1,-14.036916420593231,-24.3332927632462,nan
2,100,0.1,0.1,20.552219676730804,0.9911940131553559,nan
0,100,0.1,0.2,-14.036922411950702,-24.33332771209401,nan
1,100,0.1,0.2,-14.036923374495219,-24.333333326823052,nan
2,100,0.1,0.2,-0.10750795407861802,-0.0250635608405807,nan
0,50,0.1,0.1,-14.036923368000433,-24.33333328893757,nan
1,50,0.1,0.1,-14.03193219102042,-24.304235401457472,nan
2,50,0.1,0.1,15.302567096290167,0.97050534705143,nan
0,100,0.1,0.1,-14.036923372686175,-24.333333316270508,nan
1,100,0.1,0.1,-14.036923369911483,-24.333333300085133,nan
2,100,0.1,0.1,20.46066860912632,0.9910064088810865,nan
0,200,0.1,0.1,-14.03692337561106,-24.333333333332003,nan
1,200,0.1,0.1,-14.036922534800775,-24.333328428704828,nan
2,200,0.1,0.1,199.5444853646002,1.0,nan
0,100,0.0,0.1,-14.03692337555707,-24.333333333017055,nan
1,100,0.0,0.1,-14.03682533922488,-24.33276147241234,nan
2,100,0.0,0.1,190.88119523468873,1.0,nan
0,100,0.1,0.1,-14.036923315982545,-24.333332985506022,nan
1,100,0.1,0.1,-14.036923375327579,-24.333333331678393,nan
2,100,0.1,0.1,33.25202890103912,0.9995270697323057,nan
0,100,0.2,0.1,-14.03692328029543,-24.333332777335386,nan
1,100,0.2,0.1,-14.036923374895565,-24.333333329158357,nan
2,100,0.2,0.1,-12.424245924192636,-16.475298083297126,nan
0,100,0.3,0.1,-14.03692337462234,-24.333333327564585,nan
1,100,0.3,0.1,-14.033805224424448,-24.315151013343808,nan
2,100,0.3,0.1,-13.925267238910648,-23.690320297307583,nan
0,100,0.1,0.0,-14.036923363764517,-24.33333326422856,nan
1,100,0.1,0.0,-14.036922084330063,-24.333325801012705,nan
2,100,0.1,0.0,30.810516028986253,0.99917024782955,nan
0,100,0.1,0.1,-14.036923375399148,-24.333333332095872,nan
1,100,0.1,0.1,-14.036923365840003,-24.33333327633532,nan
2,100,0.1,0.1,46.61926032017843,0.9999782191929382,nan
0,100,0.1,0.2,-14.036923369173326,-24.33333329577931,nan
1,100,0.1,0.2,-14.036920637546537,-24.333317361616427,nan
2,100,0.1,0.2,-13.449255819114402,-21.127155195047997,nan
0,50,0.1,0.1,-14.036920517556569,-24.333316661689523,nan
1,50,0.1,0.1,-14.03692176961706,-24.33332396522452,nan
2,50,0.1,0.1,-13.854461051242744,-23.291039774935268,nan
0,100,0.1,0.1,-14.03692337555255,-24.333333332990698,nan
1,100,0.1,0.1,-14.03692289658958,-24.3333305390966,nan
2,100,0.1,0.1,93.06916920754713,0.9999999995067318,nan
0,200,0.1,0.1,-14.03692337548499,-24.33333333259661,nan
1,200,0.1,0.1,-14.036922208843706,-24.33332652732741,nan
2,200,0.1,0.1,125.52899681212928,0.99999999999972,nan
0,100,0.0,0.1,-14.036922905248998,-24.333330589608845,nan
1,100,0.0,0.1,-14.036399647430361,-24.33027849815384,nan
2,100,0.0,0.1,114.87476429921392,0.9999999999967452,nan
0,100,0.1,0.1,-14.03692065821194,-24.3333174821621,nan
1,100,0.1,0.1,-14.036923375391002,-24.333333332048348,nan
2,100,0.1,0.1,84.64303981829879,0.9999999965668244,nan
0,100,0.2,0.1,-14.036542463588496,-24.33111148883005,nan
1,100,0.2,0.1,-14.0369229435293,-24.33333081290607,nan
2,100,0.2,0.1,-3.1509192526406133,-1.0658173723054056,nan
0,100,0.3,0.1,-14.036923370467871,-24.333333303330665,nan
1,100,0.3,0.1,-14.03692324223324,-24.333332555310427,nan
2,100,0.3,0.1,-14.035585318391249,-24.32552935938554,nan
0,100,0.1,0.0,-14.03692336431456,-24.333333267437077,nan
1,100,0.1,0.0,-14.03692332591065,-24.333333043418783,nan
2,100,0.1,0.0,54.49213468858227,0.9999964454344201,nan
0,100,0.1,0.1,-14.036922769810861,-24.333329799569086,nan
1,100,0.1,0.1,-14.036923368208331,-24.333333290150286,nan
2,100,0.1,0.1,-10.22579079569728,-9.533654742890992,nan
0,100,0.1,0.2,-14.036923365887617,-24.333333276613057,nan
1,100,0.1,0.2,-14.0369233260346,-24.333333044141824,nan
2,100,0.1,0.2,-13.778657425787861,-22.870732310807803,nan
0,50,0.1,0.1,-14.036923321194694,-24.333333015909606,nan
1,50,0.1,0.1,-14.036696443167012,-24.33200962205061,nan
2,50,0.1,0.1,-14.033111867124074,-24.31110973618402,nan
0,100,0.1,0.1,-14.036923375610407,-24.333333333328184,nan
1,100,0.1,0.1,-14.03692337445037,-24.33333332656144,nan
2,100,0.1,0.1,20.59494442446305,0.9912802194030755,nan
0,200,0.1,0.1,-14.036923369540935,-24.333333297923648,nan
1,200,0.1,0.1,-14.036923375405664,-24.333333332133872,nan
2,200,0.1,0.1,179.77403988806884,1.0,nan
0,100,0.0,0.1,-14.03692321672697,-24.33333240652687,nan
1,100,0.0,0.1,-14.036135829208728,-24.328739821901245,nan
2,100,0.0,0.1,216.71578100277085,1.0,nan
0,100,0.1,0.1,-14.03692337530745,-24.33333333156098,nan
1,100,0.1,0.1,-14.03652376620403,-24.331002432756186,nan
2,100,0.1,0.1,-3.640778101298268,-1.312479067091323,nan
0,100,0.2,0.1,-14.03692337558528,-24.333333333181614,nan
1,100,0.2,0.1,-14.036922309450857,-24.333327114190464,nan
2,100,0.2,0.1,-14.036859064608503,-24.332958196168175,nan
0,100,0.3,0.1,-14.036923375611178,-24.33333333333268,nan
1,100,0.3,0.1,-14.036922801025327,-24.333329981649772,nan
2,100,0.3,0.1,-7.792473385237038,-5.015162142605486,nan
0,100,0.1,0.0,-14.036923279245027,-24.333332771208152,nan
1,100,0.1,0.0,-14.019675980076363,-24.23292506780693,nan
2,100,0.1,0.0,85.50711950503754,0.9999999971862336,nan
0,100,0.1,0.1,-14.03692337521646,-24.333333331030218,nan
1,100,0.1,0.1,-14.036923325541391,-24.333333041264822,nan
2,100,0.1,0.1,40.6570840751353,0.9999140409528967,nan
0,100,0.1,0.2,-14.036923344067402,-24.333333149331043,nan
1,100,0.1,0.2,-14.036918422927286,-24.333304443276376,nan
2,100,0.1,0.2,-0.9447991815239204,-0.24302515682992043,nan
0,50,0.1,0.1,-14.036914203796048,-24.333279832214362,nan
1,50,0.1,0.1,-14.03692209579836,-24.333325867909736,nan
2,50,0.1,0.1,27.723513340850392,0.9983109260425599,nan
0,100,0.1,0.1,-14.03692337515018,-24.333333330643576,nan
1,100,0.1,0.1,-14.029018955982316,-24.28726708407306,nan
2,100,0.1,0.1,48.5769653598025,0.9999861227483448,nan
0,200,0.1,0.1,-14.036923375609407,-24.333333333322354,nan
1,200,0.1,0.1,-14.033893508367779,-24.315665628234548,nan
2,200,0.1,0.1,210.76181549223932,1.0,nan
0,100,0.0,0.1,-14.0369233503224,-24.3333331858178,nan
1,100,0.0,0.1,-13.14741824732826,-19.641527130674664,nan
2,100,0.0,0.1,147.85435016814708,0.9999999999999983,nan
0,100,0.1,0.1,-14.03692331529276,-24.33333298148235,nan
1,100,0.1,0.1,-14.036891013090704,-24.33314455647777,nan
2,100,0.1,0.1,43.22381746776603,0.9999523987614143,nan
0,100,0.2,0.1,-14.036923365421499,-24.333333273894088,nan
1,100,0.2,0.1,-14.036923363206009,-24.333333260970658,nan
2,100,0.2,0.1,-13.958891879965343,-23.882223572245824,nan
0,100,0.3,0.1,-14.036923297732642,-24.3333328790504,nan
1,100,0.3,0.1,-14.036923373796187,-24.333333322745446,nan
2,100,0.3,0.1,-14.036922613204887,-24.333328886052833,nan
0,100,0.1,0.0,-14.03692335631218,-24.333333220757464,nan
1,100,0.1,0.0,-14.036923375547815,-24.33333333296307,nan
2,100,0.1,0.0,132.4353866041782,0.9999999999999429,nan
0,100,0.1,0.1,-14.036923375593018,-24.333333333226754,nan
1,100,0.1,0.1,-14.036923091601528,-24.333331676643223,nan
2,100,0.1,0.1,-1.5087777035574375,-0.4153953691383263,nan
0,100,0.1,0.2,-14.036923375595977,-24.333333333244017,nan
1,100,0.1,0.2,-14.036922804657257,-24.333330002835602,nan
2,100,0.1,0.2,38.49126125369392,0.9998584617327239,nan
0,50,0.1,0.1,-14.03691615277987,-24.333291201035685,nan
1,50,0.1,0.1,-14.036923371112259,-24.333333307089525,nan
2,50,0.1,0.1,-10.62821165927939,-10.556362755238709,nan
0,100,0.1,0.1,-14.036923375593203,-24.333333333227827,nan
1,100,0.1,0.1,-14.036921038358043,-24.33331969963498,nan
2,100,0.1,0.1,6.406094414358323,0.7712344846091483,nan
0,200,0.1,0.1,-14.036923375556205,-24.333333333012018,nan
1,200,0.1,0.1,-14.036790107568219,-24.332555964036942,nan
2,200,0.1,0.1,115.04969798341904,0.9999999999968737,nan
0,100,0.0,0.1,-14.036923375150481,-24.33333333064534,nan
1,100,0.0,0.1,-14.035442895230874,-24.32469884393182,nan
2,100,0.0,0.1,128.07690093921124,0.9999999999998443,nan
0,100,0.1,0.1,-14.036920562193595,-24.333316922066757,nan
1,100,0.1,0.1,-14.036923372180103,-24.333333313318487,nan
2,100,0.1,0.1,27.92975576866003,0.9983892637854525,nan
0,100,0.2,0.1,-14.036923375143788,-24.3333333306063,nan
1,100,0.2,0.1,-14.03692329859063,-24.333332884055224,nan
2,100,0.2,0.1,-13.984639196324519,-24.03017693749575,nan
0,100,0.3,0.1,-14.036923375606671,-24.333333333306395,nan
1,100,0.3,0.1,-14.036923371461505,-24.333333309126747,nan
2,100,0.3,0.1,-14.036764244049003,-24.332405101632652,nan
0,100,0.1,0.0,-14.036923372100345,-24.333333312853238,nan
1,100,0.1,0.0,-14.036923006742077,-24.333331181639792,nan
2,100,0.1,0.0,57.17264199790101,0.9999980824981121,nan
0,100,0.1,0.1,-14.036921085368776,-24.333319973858575,nan
1,100,0.1,0.1,-14.036879280885806,-24.3330761205999,nan
2,100,0.1,0.1,47.72262515474708,0.9999831058057065,nan
0,100,0.1,0.2,-14.036923375380919,-24.333333331989532,nan
1,100,0.1,0.2,-14.036919734094141,-24.33331209158772,nan
2,100,0.1,0.2,-6.759383661755843,-3.74174686976491,nan
0,50,0.1,0.1,-14.03692333315702,-24.333333085688437,nan
1,50,0.1,0.1,-14.03692322026522,-24.33333242716623,nan
2,50,0.1,0.1,-14.01863891467644,-24.226900337935117,nan
0,100,0.1,0.1,-14.036922570944315,-24.333328639537843,nan
1,100,0.1,0.1,-14.036906676245133,-24.333235922517964,nan
2,100,0.1,0.1,53.57520395583646,0.9999956098475212,nan
0,200,0.1,0.1,-14.03692337561129,-24.33333333333334,nan
1,200,0.1,0.1,-14.036923064679979,-24.333331519604034,nan
2,200,0.1,0.1,204.11239200479451,1.0,nan
0,100,0.0,0.1,-14.03692337560593,-24.333333333302072,nan
1,100,0.0,0.1,-14.031628148551142,-24.30246395529948,nan
2,100,0.0,0.1,315.19035410290223,1.0,nan
0,100,0.1,0.1,-14.036923375270673,-24.33333333134645,nan
1,100,0.1,0.1,-14.036922188928926,-24.333326411160247,nan
2,100,0.1,0.1,77.51906461324712,0.9999999822950976,nan
0,100,0.2,0.1,-14.036923374709023,-24.333333328070218,nan
1,100,0.2,0.1,-14.036923363977182,-24.333333265469083,nan
2,100,0.2,0.1,-13.433259511930357,-21.045804468455845,nan
0,100,0.3,0.1,-14.036923374842656,-24.33333332884973,nan
1,100,0.3,0.1,-14.036661971574745,-24.331808553126688,nan
2,100,0.3,0.1,-14.03352619917619,-24.313524619344903,nan
0,100,0.1,0.0,-14.03692336744779,-24.333333285713877,nan
1,100,0.1,0.0,-14.036923365386322,-24.333333273688897,nan
2,100,0.1,0.0,37.25162850561779,0.9998117057103703,nan
0,100,0.1,0.1,-14.036923246388174,-24.333332579547054,nan
1,100,0.1,0.1,-14.036918239481027,-24.33330337319604,nan
2,100,0.1,0.1,89.26338225241486,0.9999999988151543,nan
0,100,0.1,0.2,-14.036923375441077,-24.33333333234045,nan
1,100,0.1,0.2,-14.03692292518873,-24.33333070592159,nan
2,100,0.1,0.2,-5.605069715468564,-2.6350213964637534,nan
0,50,0.1,0.1,-14.036923041707128,-24.333331385598456,nan
1,50,0.1,0.1,-14.03692287575635,-24.33333041757189,nan
2,50,0.1,0.1,8.55880522529117,0.8606459877081046,nan
0,100,0.1,0.1,-14.036923375604646,-24.333333333294583,nan
1,100,0.1,0.1,-14.036922717519078,-24.333329494539893,nan
2,100,0.1,0.1,18.015179629079903,0.9842063671785322,nan
0,200,0.1,0.1,-14.036923375603653,-24.333333333288795,nan
1,200,0.1,0.1,-14.036923319118564,-24.33333300379909,nan
2,200,0.1,0.1,128.14233193332103,0.9999999999998466,nan
0,100,0.0,0.1,-14.03692337458196,-24.333333327329033,nan
1,100,0.0,0.1,-14.035805233148047,-24.326811806866527,nan
2,100,0.0,0.1,178.20117041086445,1.0,nan
0,100,0.1,0.1,-14.036923337768918,-24.33333311259063,nan
1,100,0.1,0.1,-14.036923363641629,-24.333333263511726,nan
2,100,0.1,0.1,115.40705996570934,0.9999999999971206,nan
0,100,0.2,0.1,-14.036923375557915,-24.33333333302199,nan
1,100,0.2,0.1,-14.025906606769453,-24.26915158529596,nan
2,100,0.2,0.1,-13.390104759767942,-20.82782563913537,nan
0,100,0.3,0.1,-14.036923246866529,-24.333332582337402,nan
1,100,0.3,0.1,-14.03692335367705,-24.333333205386193,nan
2,100,0.3,0.1,-13.969260125173053,-23.941697778105674,nan
0,100,0.1,0.0,-14.036923373190618,-24.333333319213033,nan
1,100,0.1,0.0,-14.03692336962859,-24.333333298434965,nan
2,100,0.1,0.0,105.80731579662258,0.9999999999737416,nan
0,100,0.1,0.1,-14.036923295804392,-24.33333286780251,nan
1,100,0.1,0.1,-14.036923375217434,-24.33333333103589,nan
2,100,0.1,0.1,68.12693852380957,0.9999998460760685,nan
0,100,0.1,0.2,-14.036923300022783,-24.333332892409288,nan
1,100,0.1,0.2,-14.03684389344927,-24.33286970099097,nan
2,100,0.1,0.2,2.326757454627035,0.4147731347049931,nan
0,50,0.1,0.1,-14.036922906087666,-24.33333059450097,nan
1,50,0.1,0.1,-14.036922024625817,-24.333325452745072,nan
2,50,0.1,0.1,-14.036348173242104,-24.329978276103706,nan
0,100,0.1,0.1,-14.036923368871495,-24.333333294018658,nan
1,100,0.1,0.1,-14.036923373223221,-24.333333319403213,nan
2,100,0.1,0.1,67.72313719563137,0.9999998310779744,nan
0,200,0.1,0.1,-14.03692337558059,-24.333333333154258,nan
1,200,0.1,0.1,-14.036923360204753,-24.33333324346369,nan
2,200,0.1,0.1,190.9217932402924,1.0,nan
0,100,0.0,0.1,-14.036923182154194,-24.33333220485641,nan
1,100,0.0,0.1,-12.407293983008698,-16.407219204188564,nan
2,100,0.0,0.1,227.0034821298074,1.0,nan
0,100,0.1,0.1,-14.036923375503038,-24.333333332701883,nan
1,100,0.1,0.1,-14.036922291684206,-24.333327010553788,nan
2,100,0.1,0.1,75.7489121319651,0.9999999733860837,nan
0,100,0.2,0.1,-14.036923375610773,-24.33333333333032,nan
1,100,0.2,0.1,-14.036923375431627,-24.333333332285324,nan
2,100,0.2,0.1,-10.76722783134532,-10.932262066350019,nan
0,100,0.3,0.1,-14.036917771295641,-24.333300642173132,nan
1,100,0.3,0.1,-14.036923375244319,-24.333333331192716,nan
2,100,0.3,0.1,1.623356466280492,0.3118797263580153,nan
0,100,0.1,0.0,-14.036923372671783,-24.333333316186565,nan
1,100,0.1,0.0,-14.036911128331157,-24.333261892408927,nan
2,100,0.1,0.0,44.896853362063226,0.9999676171801513,nan
0,100,0.1,0.1,-14.036923375364447,-24.333333331893453,nan
1,100,0.1,0.1,-14.036918100021062,-24.333302559696968,nan
2,100,0.1,0.1,56.96178082342749,0.9999979871013079,nan
0,100,0.1,0.2,-14.036923375601127,-24.333333333274055,nan
1,100,0.1,0.2,-14.036923242552287,-24.33333255717151,nan
2,100,0.1,0.2,71.81534915365675,0.9999999341637502,nan
0,50,0.1,0.1,-14.0369224238874,-24.33332778172334,nan
1,50,0.1,0.1,-14.036919467934288,-24.333310539021266,nan
2,50,0.1,0.1,-13.68685542413468,-22.371443805968088,nan
0,100,0.1,0.1,-14.036923375161985,-24.333333330712446,nan
1,100,0.1,0.1,-14.036895368674235,-24.333169963358852,nan
2,100,0.1,0.1,72.03924668429424,0.9999999374718856,nan
0,200,0.1,0.1,-14.036923375570138,-24.333333333093293,nan
1,200,0.1,0.1,-14.036923242237876,-24.33333255533747,nan
2,200,0.1,0.1,201.35809302062555,1.0,nan
0,100,0.0,0.1,-14.036921819591978,-24.33332425673889,nan
1,100,0.0,0.1,-12.937054985768546,-18.665522896621937,nan
2,100,0.0,0.1,242.3934472909775,1.0,nan
0,100,0.1,0.1,-14.036923231926954,-24.333332495191648,nan
1,100,0.1,0.1,-14.03692336853991,-24.333333292084447,nan
2,100,0.1,0.1,16.85522641331741,0.9793710388167927,nan
0,100,0.2,0.1,-14.036923375608977,-24.333333333319842,nan
1,100,0.2,0.1,-14.03692048756167,-24.333316486722936,nan
2,100,0.2,0.1,-13.926297368598037,-23.69617744025517,nan
0,100,0.3,0.1,-14.03692337441045,-24.33333332632857,nan
1,100,0.3,0.1,-14.036923354277706,-24.333333208889943,nan
2,100,0.3,0.1,-14.027055097885857,-24.275834892363964,nan
0,100,0.1,0.0,-14.036923375288941,-24.33333333145301,nan
1,100,0.1,0.0,-14.036923375510359,-24.33333333274459,nan
2,100,0.1,0.0,42.465111664475,0.9999433123004033,nan
0,100,0.1,0.1,-14.036923375489973,-24.333333332625674,nan
1,100,0.1,0.1,-14.0369215463427,-24.333322662817565,nan
2,100,0.1,0.1,15.706558120493675,0.9731252651612831,nan
0,100,0.1,0.2,-14.036923375021908,-24.333333329895346,nan
1,100,0.1,0.2,-14.036923317588894,-24.333332994876198,nan
2,100,0.1,0.2,-12.577453846090814,-17.102784629693293,nan
0,50,0.1,0.1,-14.036916611757624,-24.33329387834755,nan
1,50,0.1,0.1,-14.036919312121409,-24.333309630131993,nan
2,50,0.1,0.1,-13.309045175460621,-20.42419524532531,nan
0,100,0.1,0.1,-14.036923374995743,-24.333333329742715,nan
1,100,0.1,0.1,-14.036923355245637,-24.33333321453609,nan
2,100,0.1,0.1,88.90639986458028,0.9999999987136474,nan
0,200,0.1,0.1,-14.036923375600342,-24.33333333326947,nan
1,200,0.1,0.1,-14.036919493252881,-24.33331068670995,nan
2,200,0.1,0.1,165.460376717959,1.0,nan
0,100,0.0,0.1,-14.03692337492249,-24.33333332931542,nan
1,100,0.0,0.1,-13.67217585768894,-22.292579463158948,nan
2,100,0.0,0.1,169.14471094570894,1.0,nan
0,100,0.1,0.1,-14.036922986837144,-24.333331065530036,nan
1,100,0.1,0.1,-14.036923216044318,-24.333332402544816,nan
2,100,0.1,0.1,93.87743505609608,0.9999999995904976,nan
0,100,0.2,0.1,-14.03692337172573,-24.333333310668024,nan
1,100,0.2,0.1,-14.03692334295181,-24.333333142823555,nan
2,100,0.2,0.1,43.435695444777984,0.9999546653303383,nan
0,100,0.3,0.1,-14.0369227005434,-24.333329395517115,nan
1,100,0.3,0.1,-14.036561531370387,-24.331222705801327,nan
2,100,0.3,0.1,-14.001060543095726,-24.12499906747794,nan
0,100,0.1,0.0,-14.036923370282599,-24.333333302249937,nan
1,100,0.1,0.0,-14.036904158010465,-24.333221233173038,nan
2,100,0.1,0.0,47.534628585858776,0.9999823584336907,nan
0,100,0.1,0.1,-14.03692337337326,-24.333333320278427,nan
1,100,0.1,0.1,-14.036921687106503,-24.33332348392284,nan
2,100,0.1,0.1,16.186728054158124,0.9759382508646407,nan
0,100,0.1,0.2,-14.036923373250689,-24.333333319563444,nan
1,100,0.1,0.2,-14.036895911898403,-24.333173132082287,nan
2,100,0.1,0.2,-10.266813473077352,-9.633625163249972,nan
0,50,0.1,0.1,-14.036920697236216,-24.33331770979897,nan
1,50,0.1,0.1,-14.036906575569015,-24.333235335254727,nan
2,50,0.1,0.1,20.278898779000777,0.9906220022954668,nan
0,100,0.1,0.1,-14.036923333628204,-24.333333088436948,nan
1,100,0.1,0.1,-14.036923375061308,-24.33333333012517,nan
2,100,0.1,0.1,39.53238949568051,0.999888631838454,nan
0,200,0.1,0.1,-14.036923372774089,-24.333333316783328,nan
1,200,0.1,0.1,-14.036922180998628,-24.333326364901115,nan
2,200,0.1,0.1,178.51299884719,1.0,nan
0,100,0.0,0.1,-14.036923001718458,-24.33333115233594,nan
1,100,0.0,0.1,-14.036845250012494,-24.332877613973103,nan
2,100,0.0,0.1,248.20549835425493,1.0,nan
0,100,0.1,0.1,-14.036923375546824,-24.33333333295729,nan
1,100,0.1,0.1,-14.036922661661732,-24.33332916871201,nan
2,100,0.1,0.1,56.40446459426264,0.9999977114861739,nan
0,100,0.2,0.1,-14.036923371371175,-24.333333308599833,nan
1,100,0.2,0.1,-14.036923375097514,-24.333333330336373,nan
2,100,0.2,0.1,-7.895648429106144,-5.159774915819611,nan
0,100,0.3,0.1,-14.036923375605861,-24.33333333330167,nan
1,100,0.3,0.1,-14.036923375420153,-24.333333332218402,nan
2,100,0.3,0.1,-4.480797950916761,-1.8059491416257463,nan
0,100,0.1,0.0,-14.036923355678395,-24.333333217060463,nan
1,100,0.1,0.0,-14.036922742131217,-24.333329638107784,nan
2,100,0.1,0.0,71.26051945082023,0.9999999251919981,nan
0,100,0.1,0.1,-14.036923084687714,-24.33333163631346,nan
1,100,0.1,0.1,-14.036923062582316,-24.33333150736792,nan
2,100,0.1,0.1,88.72529522284132,0.9999999986588712,nan
0,100,0.1,0.2,-14.036921993967953,-24.333325273911193,nan
1,100,0.1,0.2,-14.036923367343402,-24.33333328510496,nan
2,100,0.1,0.2,59.879850645986956,0.9999989719483477,nan
0,50,0.1,0.1,-14.036923371519524,-24.333333309465193,nan
1,50,0.1,0.1,-14.036922531903123,-24.333328411802196,nan
2,50,0.1,0.1,5.999147749401262,0.74876205926717,nan
0,100,0.1,0.1,-14.036923351982075,-24.333333195499037,nan
1,100,0.1,0.1,-14.036923213709166,-24.33333238892336,nan
2,100,0.1,0.1,35.296009677070245,0.9997046077939058,nan
0,200,0.1,0.1,-14.036923374085301,-24.33333332443192,nan
1,200,0.1,0.1,-14.036923373288825,-24.3333333197859,nan
2,200,0.1,0.1,152.1230600343486,0.9999999999999993,nan
0,100,0.0,0.1,-14.03692337503765,-24.333333329987177,nan
1,100,0.0,0.1,-13.87525121145057,-23.407602462550457,nan
2,100,0.0,0.1,256.0759650510165,1.0,nan
0,100,0.1,0.1,-14.036923371485216,-24.333333309265054,nan
1,100,0.1,0.1,-14.036923147839257,-24.333332004690007,nan
2,100,0.1,0.1,63.23407274522171,0.999999525110327,nan
0,100,0.2,0.1,-14.036923375270627,-24.333333331346175,nan
1,100,0.2,0.1,-14.036923375118327,-24.333333330457776,nan
2,100,0.2,0.1,6.737967399452528,0.7880647189760528,nan
0,100,0.3,0.1,-14.036923372536387,-24.333333315396768,nan
1,100,0.3,0.1,-14.03640751581323,-24.33032439063424,nan
2,100,0.3,0.1,-14.035390629267233,-24.32439407104625,nan
0,100,0.1,0.0,-14.036923371837354,-24.33333331131915,nan
1,100,0.1,0.0,-14.036923375585939,-24.33333333318546,nan
2,100,0.1,0.0,83.63859077979112,0.999999995673458,nan
0,100,0.1,0.1,-14.036923375408835,-24.333333332152367,nan
1,100,0.1,0.1,-14.036899611143669,-24.333194710450098,nan
2,100,0.1,0.1,-10.951378361479126,-11.449096578325946,nan
0,100,0.1,0.2,-14.036923182547499,-24.333332207150647,nan
1,100,0.1,0.2,-14.036922000272998,-24.33332531068987,nan
2,100,0.1,0.2,90.25243284116925,0.9999999990564679,nan
0,50,0.1,0.1,-14.036903156657264,-24.333215392090466,nan
1,50,0.1,0.1,-14.03692175172004,-24.333323860827385,nan
2,50,0.1,0.1,15.57780059202476,0.9723165673080169,nan
0,100,0.1,0.1,-14.036923371052483,-24.333333306740837,nan
1,100,0.1,0.1,-14.036923289628845,-24.333332831779202,nan
2,100,0.1,0.1,17.128363218930517,0.9806284809443889,nan
0,200,0.1,0.1,-14.036923375211144,-24.333333330999196,nan
1,200,0.1,0.1,-14.036923375600876,-24.33333333327259,nan
2,200,0.1,0.1,53.910049618833966,0.9999959356131449,nan
0,100,0.0,0.1,-14.036923362987332,-24.333333259695074,nan
1,100,0.0,0.1,22.052620777088464,0.9937664144764056,nan
2,100,0.0,0.1,71.07614505550816,0.9999999219477379,nan
0,100,0.1,0.1,-14.036910530662405,-24.333258406088326,nan
1,100,0.1,0.1,-14.03692331551391,-24.333332982772365,nan
2,100,0.1,0.1,45.1219086650736,0.9999692525479087,nan
0,100,0.2,0.1,-14.036923375603402,-24.33333333328733,nan
1,100,0.2,0.1,-14.036923373147335,-24.333333318960552,nan
2,100,0.2,0.1,-14.036910841536132,-24.333260219476493,nan
0,100,0.3,0.1,-14.036923375602155,-24.333333333280052,nan
1,100,0.3,0.1,-14.036922980242284,-24.333331027060797,nan
2,100,0.3,0.1,-14.03690227316432,-24.33321023851019,nan
0,100,0.1,0.0,-14.036923330956395,-24.33333307285171,nan
1,100,0.1,0.0,-14.036922397504972,-24.33332762782898,nan
2,100,0.1,0.0,71.41476240274288,0.999999927802234,nan
0,100,0.1,0.1,-14.036923375542212,-24.33333333293039,nan
1,100,0.1,0.1,-14.036923374070662,-24.333333324346526,nan
2,100,0.1,0.1,30.683439588238034,0.9991456102271133,nan
0,100,0.1,0.2,-14.036923375606634,-24.333333333306175,nan
1,100,0.1,0.2,-14.036916506856281,-24.333293266436364,nan
2,100,0.1,0.2,-12.498797176255609,-16.777869652550578,nan
0,50,0.1,0.1,-14.036922956824574,-24.33333089046026,nan
1,50,0.1,0.1,-14.03692331614531,-24.333332986455467,nan
2,50,0.1,0.1,-10.893949109656644,-11.285558690277172,nan
0,100,0.1,0.1,-14.036923340723606,-24.33333312982596,nan
1,100,0.1,0.1,-14.036836116230981,-24.332824335671052,nan
2,100,0.1,0.1,43.31782554197689,0.9999534180734989,nan
0,200,0.1,0.1,-14.036923375455716,-24.333333332425845,nan
1,200,0.1,0.1,-14.036923350806205,-24.333333188639934,nan
2,200,0.1,0.1,134.08310756761384,0.9999999999999609,nan
0,100,0.0,0.1,-14.036923375601113,-24.333333333273977,nan
1,100,0.0,0.1,-11.984869163756871,-14.793810263390137,nan
2,100,0.0,0.1,239.37902906303165,1.0,nan
0,100,0.1,0.1,-14.036923352280121,-24.333333197237604,nan
1,100,0.1,0.1,-14.036922174056032,-24.333326324403473,nan
2,100,0.1,0.1,80.72705626072057,0.9999999915414801,nan
0,100,0.2,0.1,-14.03692336053907,-24.333333245413836,nan
1,100,0.2,0.1,-14.0369233756001,-24.333333333268072,nan
2,100,0.2,0.1,-13.577494161830996,-21.790267156588357,nan
0,100,0.3,0.1,-14.036923375089083,-24.333333330287193,nan
1,100,0.3,0.1,-14.03692337415924,-24.33333332486322,nan
2,100,0.3,0.1,-13.923441906949513,-23.67994518019992,nan
0,100,0.1,0.0,-14.03692337538356,-24.333333332004944,nan
1,100,0.1,0.0,-14.03691061945311,-24.333258924022115,nan
2,100,0.1,0.0,14.874557615099551,0.9674505062336286,nan
0,100,0.1,0.1,-14.036922903665863,-24.333330580374074,nan
1,100,0.1,0.1,-14.036923374774224,-24.33333332845055,nan
2,100,0.1,0.1,67.5349460996737,0.9999998235972343,nan
0,100,0.1,0.2,-14.03692336957224,-24.333333298106247,nan
1,100,0.1,0.2,-14.036923345338014,-24.3333331567428,nan
2,100,0.1,0.2,28.216390079686406,0.9984921400990011,nan
0,50,0.1,0.1,-14.036923363265881,-24.333333261319904,nan
1,50,0.1,0.1,-14.036839229419172,-24.332842495210507,nan
2,50,0.1,0.1,5.117167670413468,0.6921896399077652,nan
0,100,0.1,0.1,-14.03692193281827,-24.333324917212025,nan
1,100,0.1,0.1,-14.036923142773787,-24.33333197514203,nan
2,100,0.1,0.1,39.43110251756502,0.999886003964413,nan
0,200,0.1,0.1,-14.036923297689167,-24.333332878796806,nan
1,200,0.1,0.1,-14.036923371297199,-24.333333308168314,nan
2,200,0.1,0.1,122.13801770558432,0.9999999999993888,nan
0,100,0.0,0.1,-14.036923375578382,-24.333333333141383,nan
1,100,0.0,0.1,-14.032676927667458,-24.308574993161805,nan
2,100,0.0,0.1,226.79121367523828,1.0,nan
0,100,0.1,0.1,-14.03692337430237,-24.333333325698128,nan
1,100,0.1,0.1,-14.036922651714871,-24.33332911068983,nan
2,100,0.1,0.1,56.934068727748425,0.9999979742160441,nan
0,100,0.2,0.1,-14.03692337487495,-24.33333332903811,nan
1,100,0.2,0.1,-14.036923374962203,-24.33333332954707,nan
2,100,0.2,0.1,-14.036842228301527,-24.332859988004863,nan
0,100,0.3,0.1,-14.03692335830793,-24.333333232399116,nan
1,100,0.3,0.1,-14.036923373825815,-24.33333332291827,nan
2,100,0.3,0.1,-14.036436892606181,-24.33049573202647,nan
0,100,0.1,0.0,-14.036923315827899,-24.33333298460393,nan
1,100,0.1,0.0,-14.036923375369224,-24.333333331921313,nan
2,100,0.1,0.0,105.57535419178305,0.9999999999723009,nan
0,100,0.1,0.1,-14.036922071334486,-24.33332572520672,nan
1,100,0.1,0.1,-14.036923211766084,-24.33333237758895,nan
2,100,0.1,0.1,39.80556963454269,0.9998954213487239,nan
0,100,0.1,0.2,-14.036923375240065,-24.3333333311679,nan
1,100,0.1,0.2,-14.036923286900414,-24.333332815863677,nan
2,100,0.1,0.2,-0.33470309181161906,-0.08011577555480454,nan
