nonstationary level,time series length,observation noise,process noise,evidence,significance_level,bayes factor error
0,50,0.1,0.1,-0.6757331952793169,-0.16835095942278588,0.004379965102156768
0,50,0.1,0.1,2.1668072213332206,0.3928174554270124,0.00015575971326250608
1,50,0.1,0.1,-2.40597991660034,-0.7401953012069025,0.00011430780658691617
2,50,0.1,0.1,-0.8065924382245354,-0.20409081578842603,0.008899283170496217
0,100,0.1,0.1,-1.023774675506928,-0.2658360723730784,0.021484401101005385
1,100,0.1,0.1,-2.234301835086268,-0.6727467066781527,0.004420229498253773
2,100,0.1,0.1,0.2982266732309474,0.06636455165693445,8.549134886033547
0,200,0.1,0.1,-0.30443359105290607,-0.072613747913165,0.8641674620924671
1,200,0.1,0.1,-2.1903781297096154,-0.6559141336348613,9.463438510687741
2,200,0.1,0.1,20.981989680180796,0.9920237082291643,4.857684696426735
0,100,0.0,0.1,2.6991325213655415,0.4628609238556085,3.7726943168845004
1,100,0.0,0.1,-2.474340296403705,-0.767803663777523,5.3791346221325305e-06
2,100,0.0,0.1,-4.603250705201839,-1.8861910161143283,0.16076262363193433
0,100,0.1,0.1,-1.0989104709067892,-0.2879264047552821,0.2507257981703858
1,100,0.1,0.1,-3.407014171503895,-1.191297872847422,0.08712008769407048
2,100,0.1,0.1,-0.054873874370113436,-0.012715337615466948,2.5415382996082356
0,100,0.2,0.1,-3.5334339998425857,-1.2560223613025667,0.18216040401733002
1,100,0.2,0.1,-3.4646153913763333,-1.2205550237037412,0.5450146534244296
2,100,0.2,0.1,-0.42733915486980806,-0.10340237772958938,0.0003462986956578099
0,100,0.3,0.1,4.043755754984659,0.6058836749886187,0.02211046852701879
1,100,0.3,0.1,-1.7997317011929788,-0.5134677464114623,0.46142704647162447
2,100,0.3,0.1,-0.5033006855894621,-0.12287152473640739,0.0005856119465390661
0,100,0.1,0.0,-5.636995999496577,-2.661841986345844,4.2163958002486965e-06
1,100,0.1,0.0,-5.202569123798396,-2.3132706422554907,0.00011707386058464971
2,100,0.1,0.0,-3.141103404393613,-1.0611535204208282,1.8695658333167348e-05
0,100,0.1,0.1,6.233693741132339,0.7619705868450986,0.11401923998878744
1,100,0.1,0.1,5.44707445323062,0.7147060548237184,0.08757096657923666
2,100,0.1,0.1,-2.347906636055181,-0.7170805293204503,0.016073191959846148
0,100,0.1,0.2,-4.56664866397256,-1.861968611834449,20.51585227262366
1,100,0.1,0.2,-0.13000580397948702,-0.03038749746668823,1.239657754873667
2,100,0.1,0.2,0.37549664385772097,0.08282895505461574,0.04609112454610843
0,50,0.1,0.1,-1.274750240520641,-0.34114280507684436,0.002575413290243642
1,50,0.1,0.1,-0.2374225310228419,-0.056190490838373464,5.478600386905602e-05
2,50,0.1,0.1,1.4112934365447904,0.27744542309732756,7.265499826841415e-05
0,100,0.1,0.1,-2.0932952311934114,-0.6193082298878532,0.040774733819890746
1,100,0.1,0.1,-2.253848905419947,-0.6802925062926224,0.0005692939572453645
2,100,0.1,0.1,-2.1950196236420965,-0.6576848270983813,0.03382320175985423
0,200,0.1,0.1,-2.664401274107635,-0.8468861624338175,9.997713597853352
1,200,0.1,0.1,-3.750410958425486,-1.371598111486489,6.864519270171323
2,200,0.1,0.1,1.5855525279260667,0.30586371487662367,1.6269480590087375
0,100,0.0,0.1,-3.2483813369302994,-1.1127014661161225,4.313562495988454
1,100,0.0,0.1,-3.419280442169777,-1.1974957520463612,0.00298717600802289
2,100,0.0,0.1,-3.846377466531086,-1.424586857045007,1.1492502461006147
0,100,0.1,0.1,-1.5229493984114844,-0.42002156514069755,0.0006725228738425027
1,100,0.1,0.1,-1.3862260406852092,-0.3760132126480342,0.016351520708677594
2,100,0.1,0.1,-1.125821515807284,-0.2959318140976013,10.722379201312943
0,100,0.2,0.1,-5.0098956369576335,-2.1694912977356697,0.014989857797264104
1,100,0.2,0.1,5.571931386177963,0.7227912966797027,0.6031472346223078
2,100,0.2,0.1,-2.447341946611149,-0.7568480246106124,0.0016610359090377834
0,100,0.3,0.1,-2.1396220926008476,-0.6366740977525362,0.435075228353907
1,100,0.3,0.1,-3.8814943090970067,-1.4442714265437808,1.0086798134459802
2,100,0.3,0.1,-1.8402405726412117,-0.5276506784197985,0.004954561431518026
0,100,0.1,0.0,-4.354513380056659,-1.7255323303288383,2.0750214683214026e-05
1,100,0.1,0.0,-4.788230172889638,-2.0117784208959875,2.618420934463815e-07
2,100,0.1,0.0,-1.4956776109484935,-0.41113239218345154,9.796698078644338e-08
0,100,0.1,0.1,-1.8878063535295908,-0.5444741196993625,0.00344406993042797
1,100,0.1,0.1,-0.6380600911332402,-0.15825986846310935,6.265420802968339e-05
2,100,0.1,0.1,0.23529374281507953,0.05273688749185501,1.6001997565550654
0,100,0.1,0.2,0.17882188197544768,0.04033907494012701,10.222805464018908
1,100,0.1,0.2,-0.8246717669868655,-0.20911379655009754,0.054619114778369116
2,100,0.1,0.2,5.303682625271864,0.705129220762759,4.05782527335818
0,50,0.1,0.1,1.9697655984486004,0.3646347765370913,0.08974986483970349
1,50,0.1,0.1,-4.573649579111457,-1.8665858838559957,0.13484587708622772
2,50,0.1,0.1,4.203535994001645,0.6201200251320335,0.007630886796250357
0,100,0.1,0.1,-0.6638436191115595,-0.16515676726950512,3.192632915260389
1,100,0.1,0.1,-3.674410842331093,-1.3304569473887105,0.46354287693932283
2,100,0.1,0.1,0.35854572454293687,0.07924215553748981,0.2857621212886093
0,200,0.1,0.1,2.0257607641848954,0.37277418630800563,12.648451152223242
1,200,0.1,0.1,-2.82656851598321,-0.9171533447763569,1.8018890513084667
2,200,0.1,0.1,-3.241072627157582,-1.1091490064589986,0.5952424317571458
0,100,0.0,0.1,-3.499686797561669,-1.2385596933587548,0.11931976701578663
1,100,0.0,0.1,-2.7407368418138796,-0.8796356964456447,1.214766128377814e-05
2,100,0.0,0.1,2.303672853907047,0.4116541226610517,0.28061009000424325
0,100,0.1,0.1,-1.889290430749348,-0.5450019897577523,0.012307146149398424
1,100,0.1,0.1,-2.495035154668979,-0.7762476463539918,0.05112796177561308
2,100,0.1,0.1,5.251938310670398,0.7015949497446126,1.4032625202632425
0,100,0.2,0.1,-0.774998139679759,-0.19536301363440467,0.0008348016277448381
1,100,0.2,0.1,-2.2418016218876406,-0.6756378514106323,1.448674102325152
2,100,0.2,0.1,0.07133938552706558,0.01629232130853464,0.00452169136861174
0,100,0.3,0.1,8.808121108446278,0.8684206037975468,0.007456942378888529
1,100,0.3,0.1,-1.9835966142303818,-0.5789183112384011,0.08083627991894081
2,100,0.3,0.1,-0.3840398189749938,-0.09245606953676333,0.015421569045378069
0,100,0.1,0.0,-6.669297683994615,-3.6444016256325105,0.00012427300456349622
1,100,0.1,0.0,-3.469303884562022,-1.2229535526426853,2.943224320035521e-06
2,100,0.1,0.0,-1.130892281050416,-0.2974458107261897,9.017539255003979e-07
0,100,0.1,0.1,-3.0840411562070145,-1.0342490208172728,0.06866636657277882
1,100,0.1,0.1,-1.3188499067821078,-0.3548305802997944,0.05881549435413849
2,100,0.1,0.1,0.050621653478036745,0.011588397697780528,2.0941094113726866
0,100,0.1,0.2,-0.09252954336305756,-0.021534301979385884,3.085212436180637
1,100,0.1,0.2,-2.4058413520674016,-0.7401397800081477,0.0586408576901027
2,100,0.1,0.2,13.47190680135246,0.9550417580861066,0.06426403617235514
0,50,0.1,0.1,3.5810019381513096,0.5615704616859831,0.008611653985909136
1,50,0.1,0.1,5.007794567011507,0.6843392796208734,0.0008616069491302176
2,50,0.1,0.1,-1.0831301121370382,-0.2832551362693436,0.10931484243828178
0,100,0.1,0.1,-3.4937519083219826,-1.2355026593082785,0.0014881955120226188
1,100,0.1,0.1,2.00400817587627,0.36962470789414326,0.0037098074513580697
2,100,0.1,0.1,8.566108709184405,0.8608801409197712,4.83233499730836
0,200,0.1,0.1,-0.6546567312496714,-0.16269464734607642,7.545783865658232e-06
1,200,0.1,0.1,-0.4205030571246679,-0.10166691173666154,0.30433752337794323
2,200,0.1,0.1,5.624363089785309,0.7261178736102352,11.48324605759189
0,100,0.0,0.1,-8.081528107248857,-5.429138930113329,0.060591049984616834
1,100,0.0,0.1,-1.3763030540529317,-0.3728728149943954,7.267253926676433e-05
2,100,0.0,0.1,-3.079313227079985,-1.0320356489427347,0.7273923331219692
0,100,0.1,0.1,-3.4403218171501457,-1.2081683547428943,0.27472615210770124
1,100,0.1,0.1,-3.668487654269512,-1.3272806864851066,0.0002474100959509673
2,100,0.1,0.1,-3.0032518498873606,-0.9967568592281757,0.03359960827988232
0,100,0.2,0.1,-1.5237120082426359,-0.4202709391336674,0.0006608275306898691
1,100,0.2,0.1,0.11629372856874573,0.026422278898992846,0.15937838173088278
2,100,0.2,0.1,0.5693764798906933,0.12287325809826855,0.0036562439054406235
0,100,0.3,0.1,0.3490588025683077,0.0772286126818974,0.010055206324745904
1,100,0.3,0.1,-2.958279976306775,-0.9761868161338665,0.43251578692463966
2,100,0.3,0.1,-2.2060035882830924,-0.6618826691255295,0.34066643856341056
0,100,0.1,0.0,-5.596610671557826,-2.627948113111054,5.079721254628683e-05
1,100,0.1,0.0,-4.675620581817227,-1.9346888241373255,0.00016908222114977176
2,100,0.1,0.0,-2.6383635216841608,-0.8358464420868641,2.1345849408864968e-05
0,100,0.1,0.1,-4.018265209663192,-1.5224729687853067,0.10150956852776054
1,100,0.1,0.1,-2.4275508822622145,-0.7488601754210571,0.007609878487066516
2,100,0.1,0.1,-1.7360665626829277,-0.4914429867053174,0.003745563630425235
0,100,0.1,0.2,1.1453085154866003,0.231809117245803,34.55568171344987
1,100,0.1,0.2,-3.6553682550189177,-1.3202609210889769,0.0019855781502231863
2,100,0.1,0.2,5.642219498459628,0.7272416527912123,0.1494938979049664
0,50,0.1,0.1,-1.5666207781511674,-0.43437292123036486,0.0007147737927341784
1,50,0.1,0.1,-1.549821522012077,-0.4288352377837894,0.0033505276705354755
2,50,0.1,0.1,-1.6525650001356502,-0.4630410105329119,0.00017840501874293952
0,100,0.1,0.1,-2.546171016272031,-0.7972856285811896,1.9010620173995012
1,100,0.1,0.1,-1.319127956975767,-0.35491732396805253,0.6333906165363429
2,100,0.1,0.1,0.1775066699998935,0.04004840841588808,0.054847010125934695
0,200,0.1,0.1,16.983886264153018,0.9799732086288973,9.006199809797607
1,200,0.1,0.1,5.8900127826576165,0.7423686425912743,0.16289968674989455
2,200,0.1,0.1,2.885021078594348,0.4853666907783335,0.2399865391248623
0,100,0.0,0.1,3.401760798846732,0.5430970941628163,7.518690483776355
1,100,0.0,0.1,-5.389611219149067,-2.4590841068482017,0.0003963715834009225
2,100,0.0,0.1,-0.7563188974768849,-0.19023273292509946,4.663104963104029
0,100,0.1,0.1,-4.044987106719909,-1.5380414510469786,0.27101120662400924
1,100,0.1,0.1,-2.1922790614195815,-0.656639095341234,0.0004835172546663825
2,100,0.1,0.1,0.5735290240824517,0.12371152958274867,3.918689051239127
0,100,0.2,0.1,-2.5979588542920147,-0.8188458162249885,0.009814333115839851
1,100,0.2,0.1,-4.594120410380672,-1.8801296694135359,0.7975646553766986
2,100,0.2,0.1,-1.9275278986423274,-0.558665023260343,0.31419568300906
0,100,0.3,0.1,1.0196749376107594,0.20926218876998193,0.0016819387691230999
1,100,0.3,0.1,-1.9906739339134696,-0.5814934348284058,0.004916858959498278
2,100,0.3,0.1,2.140902549795496,0.3891849277337289,0.0036546016996341427
0,100,0.1,0.0,-3.562316028464472,-1.2710756601798519,2.4323653017558648e-05
1,100,0.1,0.0,-5.298934492764291,-2.3876103359688607,9.803107296836494e-05
2,100,0.1,0.0,-2.1378245984158055,-0.6359968376056762,6.689030540915291e-06
0,100,0.1,0.1,-3.3560942271329215,-1.165755483728935,0.04520668818334184
1,100,0.1,0.1,-2.4527341861537666,-0.7590306977308252,0.026166696196408233
2,100,0.1,0.1,-2.7982286123302256,-0.9046836826796982,8.476991322679472
0,100,0.1,0.2,-2.8567919010112113,-0.930541714276335,0.5402634028581941
1,100,0.1,0.2,-2.583322313897626,-0.8127262817143184,0.12158253117330697
2,100,0.1,0.2,20.30140113969718,0.9906704674118963,0.004380139827674417
0,50,0.1,0.1,3.875113123846072,0.5902785626380773,2.2768547066558136
1,50,0.1,0.1,-0.9578492987457504,-0.24676594131993101,0.007117568584065762
2,50,0.1,0.1,-3.052826333419816,-1.0196803184243883,0.013963536387906726
0,100,0.1,0.1,-2.283396569270896,-0.6917635239872859,0.0002751735321030451
1,100,0.1,0.1,-1.7875896510619274,-0.5092422871457365,0.008252929970710936
2,100,0.1,0.1,0.3242652473180424,0.07194551205816269,1.784619170649545
0,200,0.1,0.1,1.4165329442383545,0.2783166171026856,0.6427596200670185
1,200,0.1,0.1,4.283331032568107,0.6270360147893403,2.581898129528549e-07
2,200,0.1,0.1,2.140965815283386,0.38919382566674476,0.4313382224581055
0,100,0.0,0.1,-3.694548054578349,-1.3412878180626322,9.119453211492038
1,100,0.0,0.1,-3.6647817159413734,-1.3252956094818256,5.377277280476277
2,100,0.0,0.1,13.871734649074982,0.9589959707080409,2.586755011070079
0,100,0.1,0.1,-4.216605098587518,-1.6403439804751985,2.593278094430704
1,100,0.1,0.1,2.156485918070452,0.39137272881467455,0.03826084529426454
2,100,0.1,0.1,-0.28281233222407137,-0.06728703354885068,1.5114612856889058
0,100,0.2,0.1,-0.9402035360138017,-0.2417105001078208,0.0006242237792480577
1,100,0.2,0.1,-4.631664638685823,-1.905135971633519,10.569129328016128
2,100,0.2,0.1,-0.9318414923294833,-0.23932197154422807,0.0022211219050195727
0,100,0.3,0.1,1.595463065780843,0.30744591796524856,0.014632419544656305
1,100,0.3,0.1,-1.456933780142278,-0.3985995301766019,0.002037452215259107
2,100,0.3,0.1,-0.7089626722960206,-0.1773247317653024,0.00027229677591596933
0,100,0.1,0.0,-4.208587620456624,-1.6354741575447145,1.6923821562000365e-06
1,100,0.1,0.0,-4.4772456405259975,-1.8036549547733856,0.003362405645750267
2,100,0.1,0.0,-2.289493468033296,-0.6941401957697269,2.432518725969766e-06
0,100,0.1,0.1,0.6821260992624714,0.14535178467017684,0.44123454989505
1,100,0.1,0.1,-2.275637178782085,-0.688743606743017,0.025915546369982605
2,100,0.1,0.1,1.2320487889123939,0.24699974875161446,2.5805659718906444
0,100,0.1,0.2,2.6344368647951817,0.45479941454831985,0.6548818429345971
1,100,0.1,0.2,4.677204415566053,0.6593726165881932,0.028386941036358117
2,100,0.1,0.2,-3.620795443176648,-1.3018633824817045,1.4685963032941027
0,50,0.1,0.1,14.65745005277056,0.9657819706307378,0.0005934660161249013
1,50,0.1,0.1,-1.376739304867668,-0.37301072762989373,0.00011162742347199545
2,50,0.1,0.1,-3.497647542346507,-1.2375088112667507,3.2097565716983845e-05
0,100,0.1,0.1,-2.1471719371571916,-0.6395217926358494,12.922234879476882
1,100,0.1,0.1,-3.2567090834393584,-1.1167565306798366,0.09756872177647974
2,100,0.1,0.1,-2.3740717476110533,-0.7274567178829965,0.5323342697274758
0,200,0.1,0.1,-5.315079432676598,-2.4002272477973463,30.30255331203738
1,200,0.1,0.1,-3.387739468252607,-1.1815940819934028,1.0773236864462485
2,200,0.1,0.1,-1.3399995181343207,-0.3614445314086703,1.3761907544009149
0,100,0.0,0.1,-3.0444565446086953,-1.0157917083256676,0.0011725059678708064
1,100,0.0,0.1,-2.10346316075029,-0.6231038805635514,0.011254902134146974
2,100,0.0,0.1,-1.842420646032158,-0.5284177216977728,4.950808160892994
0,100,0.1,0.1,-3.6966178737642146,-1.3424039265160048,0.016751063218181143
1,100,0.1,0.1,2.785231982919589,0.4734049144821846,0.013783020781192033
2,100,0.1,0.1,0.6708499357430611,0.14312986489592194,0.9862161577577453
0,100,0.2,0.1,11.052160924932867,0.9215154978960534,0.30956811637143977
1,100,0.2,0.1,-1.4263754103720303,-0.3887930709741634,0.4956469739246634
2,100,0.2,0.1,-1.4109178254357708,-0.3838588088005397,0.07048351872210457
0,100,0.3,0.1,-2.4271535898103944,-0.7487001970661957,0.0007797991311282979
1,100,0.3,0.1,-5.5069021283507364,-2.5537773318139982,2.6731052416143593
2,100,0.3,0.1,-0.19910012882859526,-0.04691160235680325,0.3847882667543333
0,100,0.1,0.0,-5.066014893520374,-2.2107130212331882,9.541170536192585e-05
1,100,0.1,0.0,-3.6327703755388043,-1.308219138045156,0.09231333923365166
2,100,0.1,0.0,-3.2728291419769997,-1.1246280662777859,1.5229602703328434e-05
0,100,0.1,0.1,-3.5455735496214755,-1.262337294894512,20.102972089003085
1,100,0.1,0.1,3.6191587115148227,0.5654055970346139,0.04785554276312639
2,100,0.1,0.1,2.6768387867696926,0.4600965267681374,0.008966976674439773
0,100,0.1,0.2,2.265703310139496,0.4064877748275738,0.08316476324532847
1,100,0.1,0.2,-0.07894666090009447,-0.01834436855981947,1.9862888068337714
2,100,0.1,0.2,-1.0466939383916243,-0.2725339972057834,6.149163971775637e-05
0,50,0.1,0.1,-0.7280672125379207,-0.1825151711523001,0.0003362285465318013
1,50,0.1,0.1,1.693210467631626,0.322859245286755,0.12689156585211586
2,50,0.1,0.1,3.9478663085233574,0.5970850619352751,0.010557427945430343
0,100,0.1,0.1,-3.991169161972122,-1.506784012254819,17.015529868649633
1,100,0.1,0.1,2.3566707648503122,0.4187902066614051,0.37060095808132987
2,100,0.1,0.1,-3.371520529350221,-1.1734620069300354,11.803803675992018
0,200,0.1,0.1,-5.99854704630098,-2.9797400410482604,13.006029376480177
1,200,0.1,0.1,-0.5988738357116768,-0.1478559336307126,0.19370437622064884
2,200,0.1,0.1,24.044146274756066,0.9960591911253248,5.804734880340378
0,100,0.0,0.1,-2.768503626601789,-0.891691718840024,4.081437223886553
1,100,0.0,0.1,-0.2049480303540728,-0.04832224880681446,5.7500857104084014e-06
2,100,0.0,0.1,-4.100190256702783,-1.5705083897115926,0.02226040251441399
0,100,0.1,0.1,3.8353518315184605,0.5865101847293047,0.0193452622586281
1,100,0.1,0.1,-3.4768378394350274,-1.226813184157717,0.03948597841657977
2,100,0.1,0.1,0.07499623550464485,0.017120275033224108,0.001044762041145403
0,100,0.2,0.1,-1.6049562208660446,-0.44709026560175524,0.0009282619133526033
1,100,0.2,0.1,-2.644951730386031,-0.8386335182777904,0.0015484870752852627
2,100,0.2,0.1,-0.6103544065491607,-0.1508943039844468,0.17816610320672555
0,100,0.3,0.1,-1.42239749665518,-0.38752159046242607,0.010260735235189973
1,100,0.3,0.1,-1.9931093888600002,-0.5823805601190024,0.12804204190124466
2,100,0.3,0.1,-0.9909487366999814,-0.2563043793141928,0.0006050799917754132
0,100,0.1,0.0,-3.9472047066395195,-1.4815353755360827,2.98319887747211e-06
1,100,0.1,0.0,-3.608213903303415,-1.2952045190765467,6.2225368384169e-05
2,100,0.1,0.0,-3.5558312280550575,-1.2676870648677467,2.3952777673149236e-05
0,100,0.1,0.1,3.7089133314505407,0.5742950825714647,0.004730625142680138
1,100,0.1,0.1,-3.41242776828035,-1.1940310873640572,0.056256146147922785
2,100,0.1,0.1,-2.0511621475832027,-0.6036744675371835,1.3584862629608974
0,100,0.1,0.2,-1.5724256885622068,-0.43629142901560747,0.015859782366988283
1,100,0.1,0.2,-2.1098551221999147,-0.6254945294111314,0.07022945718074111
2,100,0.1,0.2,5.33940881665126,0.707544954483064,0.41334308614052007
0,50,0.1,0.1,3.081062689247645,0.5080808483385539,0.04481824959506943
1,50,0.1,0.1,0.978481390786491,0.20172622698867126,0.04976547825392937
2,50,0.1,0.1,-1.9800801236702505,-0.5776403755656341,0.01502849959865759
0,100,0.1,0.1,-3.965510796127605,-1.4920174530368788,0.11746940197462499
1,100,0.1,0.1,-3.8987270658784743,-1.4539895363275344,0.06377196178860275
2,100,0.1,0.1,-1.7025842117734484,-0.47998877392235206,0.005925869578548843
0,200,0.1,0.1,-4.368554549672437,-1.7343585058536748,29.949670132876953
1,200,0.1,0.1,-5.5371180810236105,-2.578588880146364,20.79355361690299
2,200,0.1,0.1,0.0817419642287251,0.0186457591657736,18.192848575444476
0,100,0.0,0.1,-0.9850579000503945,-0.25460146406723916,8.613707983494399e-05
1,100,0.0,0.1,-3.724087492704805,-1.3572668525287153,0.00021507141859217362
2,100,0.0,0.1,9.106336698528173,0.8771524979286922,4.557186477022376
0,100,0.1,0.1,-3.8476331155970414,-1.4252879643582275,0.4017358753123793
1,100,0.1,0.1,0.34402411572232405,0.07615824243125358,0.7588440835255406
2,100,0.1,0.1,7.934219974999963,0.8390918645154744,1.9928149937431512
0,100,0.2,0.1,3.0334051163638516,0.5026530163248096,1.596802690310465
1,100,0.2,0.1,-3.002967115640973,-0.9966259511816737,0.014599013139051641
2,100,0.2,0.1,1.7402768441536516,0.33015809150062847,0.16633124700971175
0,100,0.3,0.1,-1.5549577992828385,-0.43052608022442707,0.009085527622202652
1,100,0.3,0.1,-3.6931871526274715,-1.3405542687955947,0.03161990156682072
2,100,0.3,0.1,-1.9992952061364027,-0.5846360092801084,0.0936295558254513
0,100,0.1,0.0,-4.297566873368221,-1.690027298964702,0.00013785431696651038
1,100,0.1,0.0,-3.960992492725688,-1.4894261615816449,0.003105666508804415
2,100,0.1,0.0,-1.212357223644516,-0.32201298954040425,2.774080878300081e-05
0,100,0.1,0.1,-3.7921649879104007,-1.3945091382270847,0.1046696473478667
1,100,0.1,0.1,1.4870705661616967,0.28994344116422477,0.033365949212955534
2,100,0.1,0.1,7.248088401752809,0.8115521617708413,14.758741616876094
0,100,0.1,0.2,5.574299749282259,0.7229424272858102,0.0443148602259501
1,100,0.1,0.2,-1.5319473670979031,-0.42296669929441144,0.18110621187061254
2,100,0.1,0.2,6.220642476661819,0.7612541933537079,8.633449320145264
0,50,0.1,0.1,-3.8999654218360815,-1.4546893715754696,0.0009360590454912161
1,50,0.1,0.1,-3.6728509249171677,-1.3296200342504316,0.0008570229452322668
2,50,0.1,0.1,5.0465224840874265,0.6871416492319453,0.025300508752661037
0,100,0.1,0.1,-1.442522772713659,-0.3939663087335441,1.1950159266501408
1,100,0.1,0.1,-3.844359881135015,-1.4234607375272685,0.06570540488608345
2,100,0.1,0.1,5.856486640828582,0.7403721147358278,0.1404753162176039
0,200,0.1,0.1,-5.467633227476706,-2.521788919765974,4.8946541418164085
1,200,0.1,0.1,3.5127690365750706,0.5546278088905408,0.731199457250516
2,200,0.1,0.1,11.012997771747573,0.9208045514677505,13.827595190630749
0,100,0.0,0.1,5.923569644212233,0.7443516255584932,1.4205045925659123
1,100,0.0,0.1,-5.409785648694401,-2.475190087980097,4.244273779310845
2,100,0.0,0.1,-2.5970152217403406,-0.8184506613835298,0.1877157482805334
0,100,0.1,0.1,-4.165714380977871,-1.609584944338391,3.741146906839321
1,100,0.1,0.1,-4.333699316640206,-1.7125011542635105,5.633558030303192
2,100,0.1,0.1,6.5080863540630505,0.7765443374093319,0.887479319790065
0,100,0.2,0.1,-3.2508166524769906,-1.1138865001820584,30.251364829363915
1,100,0.2,0.1,-3.9067015893860733,-1.4584996960797443,0.0037862803605975223
2,100,0.2,0.1,3.9779802195963065,0.5998692040252201,1.011918578315687
0,100,0.3,0.1,0.2671149910660886,0.05965222586256713,0.0769200348604111
1,100,0.3,0.1,-2.4165056953973836,-0.7444180409384393,0.449110002666418
2,100,0.3,0.1,1.3351215081533605,0.26466057834924606,5.732713420732138e-05
0,100,0.1,0.0,-3.3530978480911733,-1.1642617539065196,0.00018664623776327625
1,100,0.1,0.0,-2.833635753039311,-0.9202756518226509,0.0005641163079544813
2,100,0.1,0.0,-1.6338037532203797,-0.4567343978004925,5.660482041075583e-07
0,100,0.1,0.1,-3.7504571293606794,-1.3716233246746206,0.007167077569060421
1,100,0.1,0.1,8.120320126813406,0.8458413184567002,0.00492877025604902
2,100,0.1,0.1,-2.0075775344158617,-0.5876609149210836,0.018974783236476486
0,100,0.1,0.2,-4.0045856910596305,-1.5145401190549839,0.2713441137327014
1,100,0.1,0.2,-1.3419753913101666,-0.36206407733149537,0.0023178168498643845
2,100,0.1,0.2,-0.7531631056098227,-0.18936816692793657,0.07044882148345438
0,50,0.1,0.1,-2.586329549398378,-0.8139819234141343,0.0002943005347901284
1,50,0.1,0.1,0.3212927126734212,0.07131008643405234,0.04242009598144001
2,50,0.1,0.1,-1.0406198101247022,-0.2707554501083218,0.0009501433403656126
0,100,0.1,0.1,-1.6908231326922754,-0.47598625532231886,0.16299235701183717
1,100,0.1,0.1,-3.2086380423267737,-1.0934558402405257,0.061838547916553244
2,100,0.1,0.1,-2.313960990912209,-0.7037116734091593,0.4559736834650895
0,200,0.1,0.1,1.141746465224157,0.231178794477078,1.2226633096851092
1,200,0.1,0.1,-2.4369879589393304,-0.7526645230977353,0.11708069005067757
2,200,0.1,0.1,81.25975207736609,0.9999999925178779,10.076504830564659
0,100,0.0,0.1,-3.8686718647165486,-1.437065414576307,1.4049851630452919
1,100,0.0,0.1,1.5617343088617075,0.3020463719465678,0.048540467996681276
2,100,0.0,0.1,-1.0646461491495194,-0.27780509338281467,1.9537786149223542
0,100,0.1,0.1,-4.976498581828079,-2.1452115235530425,25.197553463388893
1,100,0.1,0.1,-4.009534957495982,-1.5174073493626863,0.5358227138845932
2,100,0.1,0.1,6.007057431834144,0.7492192153859683,2.464714973172191
0,100,0.2,0.1,-3.757077659786752,-1.375241463746573,0.09252982074330385
1,100,0.2,0.1,-1.8757939064968963,-0.5402080560985756,0.0013023251602720305
2,100,0.2,0.1,-1.916075866140846,-0.5545603501655199,0.03305245145769594
0,100,0.3,0.1,8.8320535699856,0.8691436979907369,0.011874439729326024
1,100,0.3,0.1,-1.772683399127599,-0.504071007644745,0.002570133086030652
2,100,0.3,0.1,7.7668765626492275,0.8327707108328474,0.007610704998609542
0,100,0.1,0.0,-3.6920770834796817,-1.3399560928646763,6.282048364686892e-05
1,100,0.1,0.0,-4.168421939660657,-1.611212367115201,0.002781629009659889
2,100,0.1,0.0,-0.4401446240505836,-0.10666063617948396,9.704581429670866e-06
0,100,0.1,0.1,4.884288380893772,0.6752335471447136,0.3759996822326769
1,100,0.1,0.1,-0.4855564572423011,-0.11829310119872849,0.0009975940024334784
2,100,0.1,0.1,-3.0674405180937008,-1.026488072004677,3.909227003709188
0,100,0.1,0.2,-0.6390564994057745,-0.15852564023003435,1.4686319856063903
1,100,0.1,0.2,-3.840571191528462,-1.4213474855563955,0.016276695717203794
2,100,0.1,0.2,25.717326160592194,0.9973191816722818,0.2775481366194564
0,50,0.1,0.1,2.5566342385950676,0.44494428817265774,0.00011503809072955598
1,50,0.1,0.1,-0.39831818832691374,-0.09605366557853046,0.05935751731344964
2,50,0.1,0.1,-2.1779380121460195,-0.6511776490426748,1.471299162335521e-05
0,100,0.1,0.1,-4.551169069187934,-1.851785831080472,1.3533938144529756
1,100,0.1,0.1,2.0644159679447047,0.37833215700243383,0.20279057918186946
2,100,0.1,0.1,-3.5329010100881018,-1.2557455069853245,0.14716689038473912
0,200,0.1,0.1,-6.7168930899790595,-3.695580701122811,2.91698338372815
1,200,0.1,0.1,-4.943335318400769,-2.121285765891442,0.6841945314472015
2,200,0.1,0.1,9.629893345064556,0.8911043164168158,6.620770115068902
0,100,0.0,0.1,-0.16837577020197805,-0.039531315963168945,0.38924924940150035
1,100,0.0,0.1,-2.55155949731936,-0.7995169832294711,0.0192700300682035
2,100,0.0,0.1,-1.6944736987782978,-0.47722745243865083,0.8524684225765756
0,100,0.1,0.1,-2.461247783078446,-0.7624823571880375,0.003476344144685232
1,100,0.1,0.1,2.6276593205483905,0.45394791722905226,0.02905578443875891
2,100,0.1,0.1,0.050366110791288984,0.011530236980066944,1.6346265879291524
0,100,0.2,0.1,-1.5677562897305988,-0.4347480031332671,0.006671429409981137
1,100,0.2,0.1,-3.873117367401014,-1.439561308053777,0.003568662799569005
2,100,0.2,0.1,-1.177338662247082,-0.31139603493850543,2.3945429038387976e-05
0,100,0.3,0.1,-2.186139826660579,-0.6542989064685076,0.003226982208052286
1,100,0.3,0.1,9.275103067314687,0.8818347730908799,0.7927327261402964
2,100,0.3,0.1,3.487787489573573,0.552058550461356,2.816683826885521
0,100,0.1,0.0,-5.234409228282884,-2.337650999395406,9.65488365524319e-09
1,100,0.1,0.0,-3.6935471347964786,-1.340748282939869,0.0002117591930677751
2,100,0.1,0.0,-1.5219562053749367,-0.4196968559091996,3.576624711304934e-07
0,100,0.1,0.1,-2.930751578815717,-0.9637000802975324,0.04004862729209792
1,100,0.1,0.1,-0.9927752338602978,-0.25683284998748235,0.003027874026099231
2,100,0.1,0.1,8.212973655873682,0.8490953458264284,3.2992859273602377
0,100,0.1,0.2,4.611158894560172,0.6541529221671906,0.021473093175081486
1,100,0.1,0.2,-3.841882698750143,-1.4220788082853812,0.00040178516124590724
2,100,0.1,0.2,-1.3726376453896052,-0.3717146107862208,0.0018771638339868501
0,50,0.1,0.1,-2.0929615927025544,-0.6191838343855536,0.017250381590529055
1,50,0.1,0.1,-0.9287460999954529,-0.23843897138843273,0.0070160850149424345
2,50,0.1,0.1,0.4627409033693177,0.1010699269762464,0.03329538450599499
0,100,0.1,0.1,0.3795902053892117,0.08369305242817948,0.045711746720152276
1,100,0.1,0.1,-4.870557598844165,-2.0694160511865385,0.6421732449062314
2,100,0.1,0.1,3.344385025823733,0.5370207816004384,0.6688015442964997
0,200,0.1,0.1,-3.583633244614457,-1.2822505712875514,1.4488974694844158e-05
1,200,0.1,0.1,-3.419617283894903,-1.1976661979067598,0.2913309989811252
2,200,0.1,0.1,3.281637302834159,0.530283009451948,1.2347732122125807
0,100,0.0,0.1,-3.4621668299034463,-1.2193034229463562,0.05938726763862622
1,100,0.0,0.1,3.737044696949603,0.5770436687602419,1.0313615028206461e-05
2,100,0.0,0.1,-3.4349183822514817,-1.2054226890952755,0.2030127422970007
0,100,0.1,0.1,-4.151018421343943,-1.600769372549561,0.09465214401138304
1,100,0.1,0.1,-1.9448322502022222,-0.5648878729827309,0.1077976029238721
2,100,0.1,0.1,16.97528114767222,0.9799334881804966,0.165277774352372
0,100,0.2,0.1,7.369295756112226,0.8167388428824004,0.05711740418137451
1,100,0.2,0.1,-3.0876139547985297,-1.0359232194812176,0.010515568434084095
2,100,0.2,0.1,0.9164198119558359,0.19023683243700618,0.10964515363570872
0,100,0.3,0.1,-2.482615563042483,-0.7711753375178374,0.04449894833669599
1,100,0.3,0.1,0.662572301761255,0.14149511671965154,0.027378969426983736
2,100,0.3,0.1,-0.3004372244372406,-0.07162718549588609,0.0002186408260276317
0,100,0.1,0.0,-3.9979436280555185,-1.5106973420094736,8.73433835703712e-06
1,100,0.1,0.0,-4.83392970676006,-2.0436378109277253,6.0760773082397124e-05
2,100,0.1,0.0,-2.4701996899947334,-0.7661190255380894,1.8473990911825243e-07
0,100,0.1,0.1,-2.9433137174165447,-0.9693883828218572,0.006242161734280917
1,100,0.1,0.1,-3.6658687425092373,-1.325877697113639,0.014924350434848195
2,100,0.1,0.1,0.8620826741506483,0.18004176376594605,0.19340981404202598
0,100,0.1,0.2,-0.8861286297272006,-0.22634555978307414,5.752706666991765
1,100,0.1,0.2,-4.116774012725536,-1.5803427715345082,0.05676145422187832
2,100,0.1,0.2,2.7794564152058765,0.47270414370868374,5.283617500592791
0,50,0.1,0.1,-2.811560642497276,-0.9105396899827174,0.0024036760699856392
1,50,0.1,0.1,-1.6993329820592789,-0.4788812344481985,0.0008785480877170899
2,50,0.1,0.1,1.7798776248970958,0.3362382264428999,0.012989310485935386
0,100,0.1,0.1,1.5997316490716047,0.3081262794660061,6.773064868393639
1,100,0.1,0.1,-1.4744600749062426,-0.40425509243619207,1.574259808988543e-05
2,100,0.1,0.1,2.717798488640926,0.46516459229567564,3.1219325212878735
0,200,0.1,0.1,-4.02323619284873,-1.5253618725620912,23.156764032733577
1,200,0.1,0.1,1.6155303400607175,0.3106385935523097,0.37702861759804807
2,200,0.1,0.1,3.5038763681497875,0.5537149248939159,7.298537145312784
0,100,0.0,0.1,-3.6504434875531846,-1.3176313069379364,0.0037085342551831917
1,100,0.0,0.1,1.1122590335784788,0.22594094281189037,0.003975003352930238
2,100,0.0,0.1,-0.5322444777535337,-0.1303799555204479,2.3218589750654606
0,100,0.1,0.1,-3.1002237612102275,-1.0418431436858957,0.00926907833261935
1,100,0.1,0.1,2.477733372976643,0.43476810188600623,0.06622896465462781
2,100,0.1,0.1,-1.4986271058738798,-0.41209108304188136,1.7490045319305254
0,100,0.2,0.1,1.856563606431143,0.34785579515556864,0.007144158143109414
1,100,0.2,0.1,1.5406366317194067,0.2986475202852398,2.9290658646359278
2,100,0.2,0.1,-1.855604730791567,-0.5330646621866137,0.024082462089245735
0,100,0.3,0.1,-3.004307310993482,-0.9972421878251254,0.023220508889157904
1,100,0.3,0.1,1.4001365634308982,0.2755868193774018,0.04815203572929575
2,100,0.3,0.1,-1.347540562436581,-0.36381058316003867,0.0100144744914724
0,100,0.1,0.0,-4.400665407870077,-1.754650727088627,0.00010832923363631144
1,100,0.1,0.0,-3.283079049267292,-1.12964838322522,0.0009599836985623196
2,100,0.1,0.0,-2.528708995049035,-0.7900736489158751,3.422781303791819e-07
0,100,0.1,0.1,-4.055336700788299,-1.5440970248020838,2.9490334090236145
1,100,0.1,0.1,-4.835378558720494,-2.0446533698282745,1.1624130766136556
2,100,0.1,0.1,-2.0481436806012163,-0.6025602565967985,0.8115439393778745
0,100,0.1,0.2,-3.3253389352034968,-1.1504725015034412,0.22397802039750891
1,100,0.1,0.2,-1.5632144671807169,-0.43324833760573433,0.17113624744282824
2,100,0.1,0.2,-3.2144359726782805,-1.096252517916394,0.23721255780533249
0,50,0.1,0.1,-0.9457202711176527,-0.24328881639898414,0.006204165855756194
1,50,0.1,0.1,-0.4280119704287776,-0.10357333173136674,0.00014363791917542632
2,50,0.1,0.1,0.2940431047762581,0.06546474521880774,0.00700973808283673
0,100,0.1,0.1,-2.299380392745424,-0.6980013815896136,0.40371481605438353
1,100,0.1,0.1,-0.9168293755197875,-0.2350454429193356,0.06129378997557848
2,100,0.1,0.1,-2.884164864706876,-0.9427480712657803,1.3782790713586972
0,200,0.1,0.1,5.8120794363263855,0.737703765244603,25.667221083691015
1,200,0.1,0.1,-3.832544295954754,-1.416876336607296,0.5446394705623743
2,200,0.1,0.1,-0.9218219311258207,-0.2364660408855923,8.806035227640512
0,100,0.0,0.1,-4.715290826438908,-1.9616182842992544,0.5975216670541582
1,100,0.0,0.1,0.5759370957558627,0.12419727845089223,0.00047600973176267693
2,100,0.0,0.1,-2.021738561157693,-0.5928462452579126,0.14958540730205874
0,100,0.1,0.1,-1.5007315030368653,-0.4127754851380727,18.527765228362345
1,100,0.1,0.1,-1.0192741411972865,-0.2645249832156209,0.6866774907430273
2,100,0.1,0.1,-2.9449205749491423,-0.9701171768055203,0.22587746405174136
0,100,0.2,0.1,-3.9816695691942003,-1.501306760533914,6.876945369426903
1,100,0.2,0.1,-0.6089052287110084,-0.15051033127674862,0.004663228528744618
2,100,0.2,0.1,0.12493455661968243,0.028357406952807418,0.0012783627355840608
0,100,0.3,0.1,-1.5400010683035135,-0.42560794428170445,0.4442984809934166
1,100,0.3,0.1,-0.7003742662748216,-0.17499880961748238,0.022315786209521023
2,100,0.3,0.1,-2.351341508065004,-0.7184391201107563,0.09644709633913418
0,100,0.1,0.0,-3.9239189808753947,-1.4682656429260077,3.348914441717146e-05
1,100,0.1,0.0,-5.7801979173704705,-2.784598315556036,3.5948478431781292e-06
2,100,0.1,0.0,-4.0502976736769,-1.541146874607895,2.7860440211638254e-05
0,100,0.1,0.1,-3.8309971086336994,-1.4160154704024133,0.0641940812461017
1,100,0.1,0.1,2.120900495248334,0.3863652431648643,0.02488921567044084
2,100,0.1,0.1,2.3117092971092483,0.41274182615297006,0.09884514129253956
0,100,0.1,0.2,-3.3003928024410243,-1.1381554685898987,1.0405990844773187
1,100,0.1,0.2,3.8252816888844565,0.5855502985647993,0.001858029095063969
2,100,0.1,0.2,4.673237358031489,0.6590613287780782,4.961508862950324
0,50,0.1,0.1,-2.7264756915803154,-0.873473563476713,0.0058666979053549236
1,50,0.1,0.1,-1.3950781345171928,-0.3788207592995143,0.026943654087743747
2,50,0.1,0.1,4.945391308653033,0.6797708451714315,0.0001396949918202164
0,100,0.1,0.1,-2.939552139365249,-0.9676833644113041,0.08860568871040594
1,100,0.1,0.1,-3.9551023261618496,-1.4860521385797876,0.3467399654379285
2,100,0.1,0.1,-2.6398607377847254,-0.8364794532845334,0.02829687190971112
0,200,0.1,0.1,2.837076784073005,0.47965387876307475,9.891424505818105
1,200,0.1,0.1,-0.1758458029868094,-0.04132088859232175,5.2122449555761206
2,200,0.1,0.1,34.32310194191112,0.9996304358751383,2.71129324702319
0,100,0.0,0.1,-2.909658688901774,-0.9541858706935524,1.0303614406290857
1,100,0.0,0.1,-4.5051649872670625,-1.821736778050865,0.04211633309657101
2,100,0.0,0.1,9.179137869417946,0.8791946374462998,1.8698739819020953
0,100,0.1,0.1,-2.2396447815948304,-0.6748058845999529,0.5813472456527915
1,100,0.1,0.1,-3.227277962969785,-1.1024602630903524,0.11098564431278274
2,100,0.1,0.1,9.807649006265672,0.8954714082685342,0.006719573591205184
0,100,0.2,0.1,2.3863489260847413,0.4227484504516732,0.023648765118182948
1,100,0.2,0.1,-3.64263308403363,-1.3134669969765351,0.002056928896206809
2,100,0.2,0.1,1.4311814616543683,0.28074671542732854,0.0009558390605845422
0,100,0.3,0.1,4.537053648248056,0.6482009720144384,0.03528677978255508
1,100,0.3,0.1,0.9153122914593216,0.190030303525078,0.01632357463249865
2,100,0.3,0.1,-1.01630991290024,-0.26366219034333804,2.6814810772948322e-05
0,100,0.1,0.0,-5.822371860725626,-2.821529232816236,1.441553307295088e-07
1,100,0.1,0.0,-4.010978417283439,-1.518244196334709,0.015122586045261606
2,100,0.1,0.0,-3.4770501977235737,-1.2269220719787524,3.7510744290383217e-05
0,100,0.1,0.1,-2.652381980299541,-0.8417818888799673,0.017420424656618375
1,100,0.1,0.1,-4.123044679931851,-1.5840711536304868,0.04072583210624874
2,100,0.1,0.1,-3.44102783041955,-1.2085273560544247,0.41265727047323986
0,100,0.1,0.2,-1.307494029224735,-0.35129261384851507,20.242454899725942
1,100,0.1,0.2,2.2970146674864074,0.4107514354161961,0.00915933798768789
2,100,0.1,0.2,4.376562495144536,0.6349572306590462,10.984734491648783
0,50,0.1,0.1,-0.9328173315831206,-0.2396004726441019,0.00011745478461253058
1,50,0.1,0.1,-0.05928380460483404,-0.013744195310902763,0.001108743537086916
2,50,0.1,0.1,-2.0884602456827723,-0.6175064627488231,0.002570512226298243
0,100,0.1,0.1,-4.776811208154368,-2.0038699118704546,0.002369984094832009
1,100,0.1,0.1,9.495711029968328,0.8876872924530539,0.005802904035069841
2,100,0.1,0.1,-1.4245371171906114,-0.3882053433623256,0.6133999796913835
0,200,0.1,0.1,-4.79212976464526,-2.014483953947232,3.9809223041725335
1,200,0.1,0.1,1.48926933368559,0.2903028411140113,0.383525851854714
2,200,0.1,0.1,9.517779121761938,0.8882565468975818,2.62804922663752
0,100,0.0,0.1,3.4297134558563043,0.5460284316445722,0.39582752841910007
1,100,0.0,0.1,-2.6022623904447646,-0.8206490507938089,0.0010782031753733521
2,100,0.0,0.1,0.7855992694058198,0.16547361336030486,0.376146038778145
0,100,0.1,0.1,-3.2296607276716562,-1.1036140982975642,0.008061495882501327
1,100,0.1,0.1,-3.151993933346489,-1.066328631110907,0.5168465783541953
2,100,0.1,0.1,-2.7348926917347853,-0.8771080370130655,0.1400032488873787
0,100,0.2,0.1,23.85821502282965,0.9958868125908651,0.9121573432945683
1,100,0.2,0.1,7.6387558377041795,0.8277638075239226,0.09236444231550271
2,100,0.2,0.1,-1.3906526448780991,-0.3774164474035615,0.0005281995957189971
0,100,0.3,0.1,3.6345313353977056,0.5669412016708275,0.004404514874289842
1,100,0.3,0.1,-3.068619986425986,-1.0270385056853129,0.26528709022739216
2,100,0.3,0.1,-1.129073663053041,-0.2969026160888959,0.06943778042224505
0,100,0.1,0.0,-3.9475935383091136,-1.48175756181275,1.3372258446391151e-05
1,100,0.1,0.0,-3.8407787120534085,-1.421463188455577,0.018585616724153608
2,100,0.1,0.0,-2.453789044185571,-0.7594580006554208,3.2851628269284045e-08
0,100,0.1,0.1,-3.1196805504395124,-1.0510113091309474,0.016587743160968567
1,100,0.1,0.1,-2.9346569480430484,-0.9654667209895247,7.751759771709052
2,100,0.1,0.1,19.326900308884547,0.9883235729834942,0.09791980461468018
0,100,0.1,0.2,-2.008348364141817,-0.5879427340307015,0.3090237964931889
1,100,0.1,0.2,0.8031038487274047,0.16883046776205213,0.14987778291038928
2,100,0.1,0.2,16.18441685536023,0.9759254424390007,0.06665332964758532
0,50,0.1,0.1,-0.33535718939968573,-0.0802784657015474,7.169957278925562e-05
1,50,0.1,0.1,-1.580628558999666,-0.4390068321667544,0.0001482116924711213
2,50,0.1,0.1,-1.238000334628196,-0.3298419645987991,0.13392903012235136
0,100,0.1,0.1,-4.2602461005057535,-1.6670097909781663,0.41530099979395924
1,100,0.1,0.1,-1.6123971835906588,-0.4495717556679988,0.0005867497835948639
2,100,0.1,0.1,-1.8566447982105958,-0.5334318511829947,0.004532075510336431
0,200,0.1,0.1,-5.8184042647151655,-2.8180395821406306,8.514909546741224
1,200,0.1,0.1,0.9451669745560316,0.19557917986096407,3.3208790143564233
2,200,0.1,0.1,8.450063237858979,0.8571126847541136,2.446708842183317
0,100,0.0,0.1,-1.4502665079360617,-0.39645405283514434,0.008664043381238194
1,100,0.0,0.1,-4.4609131627505105,-1.7931310729961893,0.3995102357644272
2,100,0.0,0.1,-2.236160953298427,-0.6734629256762559,2.7133492222404865
0,100,0.1,0.1,-2.644037726684108,-0.8382466054603064,0.3701122039000796
1,100,0.1,0.1,-2.75493659800384,-0.8857914389047552,0.2886860349907201
2,100,0.1,0.1,4.703394910985496,0.6614206172568117,0.5080775998476903
0,100,0.2,0.1,-3.5528362381896006,-1.2661237573089372,0.04352862771216314
1,100,0.2,0.1,0.09718215993096485,0.022128510857633232,0.0003050351969463609
2,100,0.2,0.1,-1.4495627999608385,-0.3962277970838466,0.00030096015525404884
0,100,0.3,0.1,-2.8486387461689633,-0.9269208439212273,2.7098093474136506
1,100,0.3,0.1,-0.6729274941731155,-0.16759640575567047,0.016629469130234283
2,100,0.3,0.1,-3.2122668178242044,-1.0952057717240664,0.04161750335275234
0,100,0.1,0.0,-5.277830117081521,-2.3711883054181877,9.307467115476549e-06
1,100,0.1,0.0,-4.500812856474005,-1.8189104892499102,0.13250687225973476
2,100,0.1,0.0,2.395219303147394,0.42392627183312914,3.5797952836291e-06
0,100,0.1,0.1,-4.830599488552941,-2.04130481033043,0.30076647515302357
1,100,0.1,0.1,-0.6275180552411233,-0.1554517256350536,0.010828379896407794
2,100,0.1,0.1,-2.281831104002742,-0.6911538179275574,0.06367007287233425
0,100,0.1,0.2,0.7341751367416343,0.15553338227026015,0.02015441401081081
1,100,0.1,0.2,-1.4827646209661596,-0.40694286729856866,0.002282611541565401
2,100,0.1,0.2,4.353473274393407,0.6330113164573485,0.00013074467409705798
0,50,0.1,0.1,8.541948404391439,0.8601040442822282,0.01594700570788285
1,50,0.1,0.1,-2.1113825803748014,-0.6260663330347374,0.02281185791938811
2,50,0.1,0.1,-1.4527499973495672,-0.397252835870916,0.0006728899794523153
0,100,0.1,0.1,-3.889419660562366,-1.448736000056984,2.2916727466409803
1,100,0.1,0.1,-4.251204447326421,-1.6614630723101875,0.8865040851876448
2,100,0.1,0.1,11.500971541713348,0.9292212569443146,2.441356642201676
0,200,0.1,0.1,1.4778481894961646,0.28843401216833375,2.3962059996893523
1,200,0.1,0.1,-2.5943149831258157,-0.8173203857908189,5.514895068984572
2,200,0.1,0.1,-0.0704782365673213,-0.016360606345709128,26.982579500742403
0,100,0.0,0.1,-3.9520711077720447,-1.4843175695166888,2.9734803114211528
1,100,0.0,0.1,-2.1228758332461526,-0.6303752854504499,1.3832485208005384e-05
2,100,0.0,0.1,-1.1646789594389892,-0.3075788760820788,2.0575848192987687
0,100,0.1,0.1,8.52624234032193,0.8595972009320852,0.0983566472479684
1,100,0.1,0.1,6.323311609346077,0.7668320582483554,0.5306429133602111
2,100,0.1,0.1,1.3339959208117746,0.26446997127338046,1.4218487185852542
0,100,0.2,0.1,3.372928798284107,0.540053709944939,0.006399450442945962
1,100,0.2,0.1,1.3109296997838074,0.26055303624880244,0.0022181255726478485
2,100,0.2,0.1,4.224191685659253,0.6219225009876383,0.45313475520986646
0,100,0.3,0.1,-4.746554239850804,-1.9830149092031157,0.22080789234338993
1,100,0.3,0.1,-1.5691934784310333,-0.4352228755817664,0.0029250896665995946
2,100,0.3,0.1,-2.9327172106792805,-0.9645890589158741,0.009899769116100632
0,100,0.1,0.0,-5.315476967890888,-2.4005385047878853,0.00022170004542038902
1,100,0.1,0.0,-4.502720530379962,-1.8201489906469148,0.00010037605475723663
2,100,0.1,0.0,-1.7133361631596213,-0.48365736335256004,1.6681735617904452e-05
0,100,0.1,0.1,1.1467220229384725,0.23205910127639595,2.2658616133997254
1,100,0.1,0.1,3.491765277671675,0.5524686409621037,0.08140870131731459
2,100,0.1,0.1,-2.1526814572024815,-0.6416030325922053,6.177337633003134
0,100,0.1,0.2,1.5815708537736162,0.30522702894939213,10.698640485017698
1,100,0.1,0.2,-3.4806289575063087,-1.2287579008982759,0.023256090998150434
2,100,0.1,0.2,1.721005525869267,0.32717914056173913,0.19010249983248445
0,50,0.1,0.1,-1.130832644695266,-0.2974279946103662,0.1855607890435394
1,50,0.1,0.1,-2.8603410786590033,-0.9321200525481825,0.009361647049699922
2,50,0.1,0.1,2.51759353290589,0.43993214553665616,0.0042010053513974865
0,100,0.1,0.1,-0.9022802677089797,-0.23091489432331747,0.01639376631196875
1,100,0.1,0.1,-4.729597738857591,-1.971390796738834,4.90308559742526
2,100,0.1,0.1,9.249620745220808,0.881139398012485,0.013673501033182317
0,200,0.1,0.1,-4.141202132980842,-1.5948975338544544,21.276625311103928
1,200,0.1,0.1,-3.4965031393483974,-1.236919286288492,6.518225267196352
2,200,0.1,0.1,18.06876815175604,0.9844000507743802,8.674930446042026
0,100,0.0,0.1,-1.3255208635841498,-0.356913259588971,9.196270414232402e-08
1,100,0.0,0.1,-0.5585478047265513,-0.13724694924091296,0.008946497884789665
2,100,0.0,0.1,-3.6843083415466014,-1.335774076644911,2.1110826072377376
0,100,0.1,0.1,-1.351238625273621,-0.36497237667398674,0.014462858382000173
1,100,0.1,0.1,-2.958658278577471,-0.9763589639627017,0.11780609726899287
2,100,0.1,0.1,1.6444863818412039,0.31521953616914555,0.22385592312400843
0,100,0.2,0.1,-3.408099811033231,-1.1918457170081704,0.17599524818759668
1,100,0.2,0.1,-1.0307908614047567,-0.26788272953789916,0.00487775483063079
2,100,0.2,0.1,-0.9554369034190974,-0.24607358687797065,2.4168256513549213
0,100,0.3,0.1,-3.0924064686034143,-1.0381711356154772,0.0015528645955310435
1,100,0.3,0.1,-1.21996741422739,-0.3243315984968653,0.001289218550045147
2,100,0.3,0.1,0.9234437795502519,0.1915454268317789,0.009285869022556945
0,100,0.1,0.0,-4.870108312188387,-2.069098530149528,0.00016730752845837412
1,100,0.1,0.0,-3.12387354554232,-1.05299246098647,0.0003513428238638098
2,100,0.1,0.0,-4.323104589541797,-1.7058920018654247,8.202303623893595e-09
0,100,0.1,0.1,-5.582031119655757,-2.6157892726931733,8.65046367206689
1,100,0.1,0.1,4.124886242859274,0.6131778132534937,0.1593786473287791
2,100,0.1,0.1,-2.9894463749651634,-0.9904195903442099,0.09693989426913993
0,100,0.1,0.2,0.4775903015307099,0.10413830025705473,3.221745528090749
1,100,0.1,0.2,1.2684433304980882,0.2532836392285961,0.0017889903960470153
2,100,0.1,0.2,3.560894781904599,0.5595358951676341,0.1493021810652086
0,50,0.1,0.1,1.695726820779508,0.32325147493710726,0.6608861071435524
1,50,0.1,0.1,0.3847971334535256,0.08479099070405793,0.006903063718896939
2,50,0.1,0.1,-1.320770887432984,-0.35542998441793494,0.001642075407897642
0,100,0.1,0.1,-1.1965938686928674,-0.31722324736514396,0.49116794697358557
1,100,0.1,0.1,1.018542748936853,0.20905601965264042,0.0014958575208029175
2,100,0.1,0.1,7.71537336195392,0.8307757243532653,3.3352642323963324
0,200,0.1,0.1,-3.0808102281102636,-1.0327362067265762,0.5026601595534061
1,200,0.1,0.1,-3.9736546195756777,-1.4966948300073923,1.1974509476243989
2,200,0.1,0.1,15.026746815031144,0.9685713795291021,0.09642280066049616
0,100,0.0,0.1,-1.6156835829509495,-0.45066909279884326,3.0441922195688905e-05
1,100,0.0,0.1,-2.2381974972948027,-0.674247849321338,0.07926325008734832
2,100,0.0,0.1,3.6270443171369973,0.5661939862051739,0.11037814497700657
0,100,0.1,0.1,-4.409737101706147,-1.7604107508868418,0.9142603023614985
1,100,0.1,0.1,-3.9513172907213128,-1.4838863970049334,0.6730692829334431
2,100,0.1,0.1,-0.4686684650260528,-0.11395294631046227,0.387539183101594
0,100,0.2,0.1,-1.7608821911728942,-0.49998950046151003,0.44700709243770503
1,100,0.2,0.1,-2.517291357386386,-0.7853737113585828,0.16926555650216604
2,100,0.2,0.1,1.4619643374135038,0.2858267713994581,0.0002160042500824865
0,100,0.3,0.1,-1.622430791001488,-0.45292460693292846,0.0014569909183947691
1,100,0.3,0.1,-3.815458709702111,-1.4073867781764768,0.0270210345561235
2,100,0.3,0.1,8.557356396253118,0.8605994907275518,0.029889762501800372
0,100,0.1,0.0,-3.3761426425238006,-1.1757764123776142,5.402783077254371e-05
1,100,0.1,0.0,-5.292558418006816,-2.3826404803321273,9.64145677402303e-05
2,100,0.1,0.0,-1.336505079224515,-0.36034952065868353,2.163298766081365e-06
0,100,0.1,0.1,-3.9047770674257047,-1.4574104838820374,0.3692372392669314
1,100,0.1,0.1,-3.41378460224999,-1.1947166592774159,0.008021666061019807
2,100,0.1,0.1,-3.6111922152037845,-1.2967790680747266,0.3848721416313037
0,100,0.1,0.2,-3.1674458049839234,-1.0736935674352805,1.5561735213181793
1,100,0.1,0.2,-4.901243557594833,-2.091180433535742,13.752961358787635
2,100,0.1,0.2,-0.33942499633606216,-0.08129077947624941,0.00708530592469234
0,50,0.1,0.1,-0.056012564788894784,-0.012980899461106699,0.17265362544576834
1,50,0.1,0.1,-1.8774413819756437,-0.5407924375395006,0.0018155291328781223
2,50,0.1,0.1,-1.0595773832120627,-0.27631460317536716,0.0012481909640963632
0,100,0.1,0.1,-3.3688917589355842,-1.172146815506562,0.0018616977404789692
1,100,0.1,0.1,0.5407825777992809,0.11707921200240023,0.009338388143032906
2,100,0.1,0.1,-1.9822398030551571,-0.5784251068601092,0.04658318384800071
0,200,0.1,0.1,-3.814404127283626,-1.4068022716586848,24.612188782921205
1,200,0.1,0.1,-3.2913235555138005,-1.1336950788099585,0.263737121221142
2,200,0.1,0.1,23.778322247006287,0.9958104461659433,3.971120578414939
0,100,0.0,0.1,-5.418843598760935,-2.4824457517978957,1.7455829292733778
1,100,0.0,0.1,-4.32994963706386,-1.7101602033504508,0.00534461274241424
2,100,0.0,0.1,18.065405776022942,0.9843879683733677,1.1118210884166664
0,100,0.1,0.1,-2.7879091186237455,-0.9001632389457934,0.8930761541319832
1,100,0.1,0.1,-1.101403018530707,-0.2886657969029345,0.0015408417459726125
2,100,0.1,0.1,1.2182569536853742,0.24460465430378253,0.32882204359224665
0,100,0.2,0.1,21.37068512385152,0.9927065755667379,0.016654092553165842
1,100,0.2,0.1,-1.7937639043961981,-0.5113894641532695,0.16917568669817085
2,100,0.2,0.1,0.6345880923198571,0.1359453917278881,1.8229789011887583
0,100,0.3,0.1,-1.1735539728680227,-0.3102537075867129,0.01762947518396341
1,100,0.3,0.1,-1.4539032783116115,-0.3976239294813706,0.00039678285780365394
2,100,0.3,0.1,-2.9499172011647667,-0.9723851319648706,0.126491830086534
0,100,0.1,0.0,-5.89860151304693,-2.889198873656859,2.4995102176664526e-05
1,100,0.1,0.0,-3.9579323761494134,-1.4876726852323712,0.0001317752168369114
2,100,0.1,0.0,-2.882035904486662,-0.9417959477793891,4.818564321225534e-06
0,100,0.1,0.1,-0.8841685300893647,-0.22579219859028865,0.7616461665374039
1,100,0.1,0.1,0.6150195119170824,0.13204332225907345,4.5171649051310464e-05
2,100,0.1,0.1,-1.2373718628399664,-0.3296495357923368,0.1796648945405357
0,100,0.1,0.2,-4.1018522365788375,-1.571492272983873,6.348772192468037
1,100,0.1,0.2,2.786249603545321,0.4735282895803692,0.008486689272305779
2,100,0.1,0.2,-3.884252626643673,-1.4458243401849713,0.18892659788538332
0,50,0.1,0.1,-2.1382960056164984,-0.6361744273701069,0.009131705772884652
1,50,0.1,0.1,-2.1043118002370993,-0.623421076542265,0.004008586507297714
2,50,0.1,0.1,2.405518870746474,0.42529084829009967,0.0022746644632732245
0,100,0.1,0.1,1.7370197819897846,0.32965554423409915,14.981180047438055
1,100,0.1,0.1,-1.406782241306045,-0.3825416517270299,0.056979720213245016
2,100,0.1,0.1,0.11106043768196147,0.025248401119536412,2.6105547339414814
0,200,0.1,0.1,-2.6543982187822746,-0.8426371458105038,0.9851637526753263
1,200,0.1,0.1,-4.10565256582296,-1.5737434630637228,3.8965390098275066
2,200,0.1,0.1,-3.5159766661227754,-1.2469720310229495,6.220112487451896
0,100,0.0,0.1,-2.728508265431952,-0.8743505869650481,1.1709371672846784e-08
1,100,0.0,0.1,-3.4884553939653022,-1.2327779747243546,0.13239214771166494
2,100,0.0,0.1,-1.3059307805853124,-0.3508063018431884,0.001171219160359301
0,100,0.1,0.1,-3.9718817725494002,-1.4956758544311555,0.3812552949695493
1,100,0.1,0.1,-2.8331774354393744,-0.9200730128927728,0.008584415042191942
2,100,0.1,0.1,-0.7017708476008002,-0.1753767203074199,0.7863414669285571
0,100,0.2,0.1,-3.5651136479575856,-1.2725391032261504,0.005565431419120729
1,100,0.2,0.1,-2.964839247108814,-0.979173761316976,0.023514377022377207
2,100,0.2,0.1,-0.4840474392890961,-0.11790460185237683,0.20749007720226098
0,100,0.3,0.1,-1.6389235126414023,-0.45845270824924045,0.682664130192563
1,100,0.3,0.1,-2.4325860820559564,-0.7508889755743609,0.04968873441030302
2,100,0.3,0.1,-1.5797859620972043,-0.43872767018436454,0.00840770011636478
0,100,0.1,0.0,-2.701891568817578,-0.8628983450209402,2.187718719566168e-05
1,100,0.1,0.0,-5.207602062557645,-2.3171125410324356,4.765427284460425e-06
2,100,0.1,0.0,-4.560384195893482,-1.8578433495146958,5.0616527465615515e-05
0,100,0.1,0.1,-1.850240671242639,-0.5311723116968776,0.11852931420299145
1,100,0.1,0.1,-3.0355794975549437,-1.011675606705099,0.00019073036675726953
2,100,0.1,0.1,1.6060729209979387,0.30913576912800633,0.0025552130246461477
0,100,0.1,0.2,12.541838029383827,0.9443050014389092,0.10913567069378377
1,100,0.1,0.2,-3.5017951025566125,-1.2396466775443895,0.05730691019056039
2,100,0.1,0.2,21.590765063127577,0.9930669633870606,0.2448402600224079
0,50,0.1,0.1,-2.175031854779255,-0.6500731042881247,0.009741360689440544
1,50,0.1,0.1,-1.2369183832018995,-0.32951070429983687,0.0013956612228609422
2,50,0.1,0.1,-0.8119476002854633,-0.20557646178290545,0.4920844339496957
0,100,0.1,0.1,-1.721234629919919,-0.48635813013228435,0.12284255888187212
1,100,0.1,0.1,-1.9730078157445745,-0.5750733434912734,0.008127472046079961
2,100,0.1,0.1,-1.6504916025134673,-0.4623426959378034,4.7823311260620605
0,200,0.1,0.1,5.660360328130173,0.7283786101023797,0.687258846509073
1,200,0.1,0.1,-2.0733390374429677,-0.6118844430045804,2.155224024595245
2,200,0.1,0.1,36.97330884400196,0.9997992437311117,3.3099353070056696
0,100,0.0,0.1,-4.996500243527052,-2.1597303693037952,0.039823885811547846
1,100,0.0,0.1,-2.514360056029921,-0.7841690673177462,0.001080457990571546
2,100,0.0,0.1,-2.034767485482361,-0.5976319920344129,0.18205218198443723
0,100,0.1,0.1,-4.556021634997918,-1.8549740393246203,5.090161316973085
1,100,0.1,0.1,7.333494182505658,0.8152218639921217,0.011204381929516286
2,100,0.1,0.1,7.028606576141483,0.8017837103801903,1.8422728640046586
0,100,0.2,0.1,-2.912072909511896,-0.9552724945294484,0.10735223346280719
1,100,0.2,0.1,-0.40485028844026216,-0.09770344919238205,0.012296886594043346
2,100,0.2,0.1,1.0081853767129598,0.20716746755595095,0.045936765792833394
0,100,0.3,0.1,-1.1094608455271073,-0.29105898526890206,0.0007180708847758333
1,100,0.3,0.1,3.2701758012782323,0.5290417382570187,0.014332836397850345
2,100,0.3,0.1,-1.0056610450850605,-0.26056749585423167,0.0016326413027911602
0,100,0.1,0.0,-5.180393577347957,-2.2963958425739057,0.00015318170538901893
1,100,0.1,0.0,-4.563185972907437,-1.8596876334045946,5.017984859915882e-05
2,100,0.1,0.0,-3.192540557984719,-1.0857106359270374,6.060357316541465e-08
0,100,0.1,0.1,-1.182359559245675,-0.31291302220749584,1.4444302125514126
1,100,0.1,0.1,-0.9732986215662026,-0.25120900729120854,6.568537648517503e-08
2,100,0.1,0.1,1.219345160979012,0.24479390924033229,0.898063798601491
0,100,0.1,0.2,-1.4399523616748677,-0.39314152131141,0.04395652130070927
1,100,0.1,0.2,-1.667935415762864,-0.46822813354604165,0.04314995646917594
2,100,0.1,0.2,3.021228542901099,0.5012566182504623,0.19434005257280318
0,50,0.1,0.1,-2.5293974694200125,-0.7903574465628453,0.049007809735065855
1,50,0.1,0.1,7.930427977368019,0.8389513078769277,0.0587403963902425
2,50,0.1,0.1,0.3165365142761745,0.07029246976742065,0.011192035535122038
0,100,0.1,0.1,0.6239616907040934,0.1338286175277984,0.13796910565850434
1,100,0.1,0.1,0.5624679597447291,0.12147686227580268,1.4319602482214515
2,100,0.1,0.1,-1.4219064697671677,-0.3873647218115648,0.09074211499742742
0,200,0.1,0.1,-5.017380106007314,-2.1749581901388098,16.84414435872965
1,200,0.1,0.1,-4.367509155171866,-1.7337003949503256,0.25408242958091465
2,200,0.1,0.1,-0.5554063250120238,-0.1364246163438847,10.059643853212966
0,100,0.0,0.1,-3.785149432692462,-1.390644191571047,5.24256598062664
1,100,0.0,0.1,-4.856171404249583,-2.059265298005298,9.129596591724992e-05
2,100,0.0,0.1,64.64963781958284,0.999999657203627,10.266820363894428
0,100,0.1,0.1,-1.764020809290414,-0.5010739249731522,0.6455010711720792
1,100,0.1,0.1,-1.9980037964979362,-0.5841648750446109,0.029357105787203824
2,100,0.1,0.1,-0.5940268932024518,-0.14657558389500602,0.045386918845348276
0,100,0.2,0.1,0.15338837289035004,0.03470254159103614,0.6337413164331456
1,100,0.2,0.1,-1.48173939595154,-0.4066107740208671,1.3207795812608298
2,100,0.2,0.1,0.9391041213504349,0.19445540523359217,13.17961103025971
0,100,0.3,0.1,6.841174394491451,0.7930418371402712,0.024359408454945736
1,100,0.3,0.1,-2.888157766127391,-0.9445350542770017,0.15296153900303663
2,100,0.3,0.1,-1.1174328529016835,-0.2934310586848823,1.8259843397161814e-05
0,100,0.1,0.0,-3.983381670899524,-1.5022930350537158,1.4317305391906037e-05
1,100,0.1,0.0,-4.971134338986775,-2.141329074256973,6.420484068694547e-05
2,100,0.1,0.0,-2.572410456710828,-0.808177436964254,7.072262645993261e-07
0,100,0.1,0.1,-1.9452526349435475,-0.5650393570221044,0.024530006115665262
1,100,0.1,0.1,-2.436949304790443,-0.7526489236699836,0.014709951993857565
2,100,0.1,0.1,0.4407178153300868,0.09649987191056297,3.320857226207538
0,100,0.1,0.2,-3.546009530286882,-1.2625644183948563,4.138857399613991
1,100,0.1,0.2,0.027637106111314383,0.006343473533037214,0.006808228625081122
2,100,0.1,0.2,-1.4139884440792936,-0.3848375928732515,0.0020732446921137293
0,50,0.1,0.1,-1.4685918870783357,-0.4023589440268873,0.0023139889418269445
1,50,0.1,0.1,0.4500067198833042,0.09843025740328237,0.00142587160875273
2,50,0.1,0.1,-0.0878580962905742,-0.02043608912113326,0.00034829093894628456
0,100,0.1,0.1,-0.6977493815107638,-0.17428885249623094,0.15818799426500077
1,100,0.1,0.1,-3.4874954995876446,-1.232284532076875,0.00969832951439567
2,100,0.1,0.1,-2.60751430441795,-0.822852089632214,1.4805667059794878
0,200,0.1,0.1,-6.024578894058861,-3.00366645606742,0.4730175989906776
1,200,0.1,0.1,-4.072111598362022,-1.5539427622560384,4.768623302817415
2,200,0.1,0.1,-1.2296602969147181,-0.32729063362500144,2.415510106307435
0,100,0.0,0.1,-3.420605267709173,-1.1981662055544624,0.32743133045582895
1,100,0.0,0.1,5.675218235306607,0.7293062824541369,0.0019015267428502997
2,100,0.0,0.1,-3.546666058679399,-1.2629064789380768,2.7549363271891445
0,100,0.1,0.1,-3.454656523384539,-1.2154688714657205,0.05989470642653491
1,100,0.1,0.1,-3.848314907746728,-1.4256687364297238,0.037405536132894185
2,100,0.1,0.1,17.082312690977272,0.9804219816645645,2.6974195964226215
0,100,0.2,0.1,-3.20123456967528,-1.0898901398522436,0.0006905756726132156
1,100,0.2,0.1,1.1338193155071519,0.22977418847277142,0.0013819228278749022
2,100,0.2,0.1,0.8023979666664621,0.1686953623509061,0.1340211694552031
0,100,0.3,0.1,2.8014159964386094,0.47536362282692624,0.17730064961349057
1,100,0.3,0.1,3.1237794923266065,0.5128956020095485,0.05777755086596417
2,100,0.3,0.1,-0.9044902862926414,-0.2315414362621837,0.0041502278575557576
0,100,0.1,0.0,-1.7223301571357865,-0.4867331178993326,1.8219182378514537e-06
1,100,0.1,0.0,-4.290371237604721,-1.6855740003709117,5.423052601259495e-05
2,100,0.1,0.0,-3.5418874480129214,-1.2604179365987278,6.963974274853276e-06
0,100,0.1,0.1,-1.4231107149119095,-0.3877494743141445,1.2882252678767174
1,100,0.1,0.1,-2.7952261263162725,-0.9033673385914338,0.5386401755442176
2,100,0.1,0.1,-0.07113615872043912,-0.016514588687013276,3.7205047654268215
0,100,0.1,0.2,-3.1201896428112654,-1.0512517486154738,0.0007507270254022019
1,100,0.1,0.2,3.2372430976331987,0.5254568702456015,0.043409535963625796
2,100,0.1,0.2,7.919069619687193,0.8385295565347547,0.0054189743759907065
0,50,0.1,0.1,-1.5416038152253766,-0.4261341564502301,0.0043354370025574475
1,50,0.1,0.1,1.4075414390240135,0.2768209172613887,0.004341618661977882
2,50,0.1,0.1,1.723001923131737,0.3274883567951947,6.75167833293556e-08
0,100,0.1,0.1,-1.791525927933884,-0.5106108259652948,0.010410513320292077
1,100,0.1,0.1,-3.059602448037459,-1.0228340005402283,0.06714189258215705
2,100,0.1,0.1,23.637218822354228,0.995672091028054,9.069407974167637
0,200,0.1,0.1,4.317778857506323,0.6299826280441048,18.779931326457255
1,200,0.1,0.1,-5.249261627311361,-2.3490849431547685,3.6819962433502544
2,200,0.1,0.1,9.809663364522706,0.8955198798050903,2.7891408384135694
0,100,0.0,0.1,4.6789951191942265,0.6595130367368868,0.060684684062932856
1,100,0.0,0.1,0.6699562888990243,0.1429535287663355,0.04968527697862386
2,100,0.0,0.1,-2.3124491870174393,-0.7031187048593284,0.021934834854115036
0,100,0.1,0.1,-4.453660134183201,-1.7884702373152819,0.015307134013237784
1,100,0.1,0.1,2.0404754755408376,0.37489574881525123,0.00048670306690173486
2,100,0.1,0.1,-1.5938929282446272,-0.443408614214438,2.262079552413894
0,100,0.2,0.1,1.8569127466795943,0.34790822055979564,0.0013585510182021043
1,100,0.2,0.1,1.5896862716527171,0.3065241000497064,0.4890220790496179
2,100,0.2,0.1,-0.47493170813832036,-0.11556060926524281,0.0003057228456914522
0,100,0.3,0.1,-2.2466139257168254,-0.6774956110671082,0.004841449168011138
1,100,0.3,0.1,-2.6020256291519988,-0.8205497984451755,0.05404552352832935
2,100,0.3,0.1,-1.4745502496051288,-0.4042842499779129,0.0003081767451598474
0,100,0.1,0.0,-4.386244300750778,-1.7455188517030304,3.1363199084033932e-06
1,100,0.1,0.0,-3.7194262601260064,-1.3547381824457099,0.0002527492495941626
2,100,0.1,0.0,-3.2408880659433077,-1.1090593763009484,2.6635741040701267e-05
0,100,0.1,0.1,-4.836597295608015,-2.045507894171083,0.19480697892809404
1,100,0.1,0.1,0.5175096011411116,0.11233511529625162,0.2993266813278248
2,100,0.1,0.1,0.6785549098752487,0.14464872120103867,0.006533235583201381
0,100,0.1,0.2,1.1015903784604326,0.22403709160617435,13.091763713875398
1,100,0.1,0.2,-0.7047273495991633,-0.1761771418778073,0.008076313319429967
2,100,0.1,0.2,3.6282735340859604,0.566316752270669,0.5175367844349359
0,50,0.1,0.1,10.852666780741412,0.9178262092311383,0.014793072588654909
1,50,0.1,0.1,-3.034565347933121,-1.011205901941155,0.007021427131511653
2,50,0.1,0.1,-0.8620002838413525,-0.21955117336574892,0.0007614838299586323
0,100,0.1,0.1,-3.52671321450418,-1.2525338260417245,1.6176329156652085
1,100,0.1,0.1,-2.6380639637384173,-0.8357198175392602,0.0033563259039707093
2,100,0.1,0.1,-0.8978327085201065,-0.2296549739666054,0.12765005716091662
0,200,0.1,0.1,-4.912123736914704,-2.0989343339721978,1.9470663524569747
1,200,0.1,0.1,-4.639352301080672,-1.9102830513596518,0.21469045817665738
2,200,0.1,0.1,-2.9973149622435447,-0.9940291197259274,20.920865354985885
0,100,0.0,0.1,-3.824128013212334,-1.4121971572851488,0.14801520128287576
1,100,0.0,0.1,0.025375304542217175,0.005825843371493611,0.00030859236892435374
2,100,0.0,0.1,-3.0645559273291867,-1.0251425223544919,0.1153809033466758
0,100,0.1,0.1,-2.371171957098796,-0.7263036775300251,0.29763699090505297
1,100,0.1,0.1,-1.743322997865525,-0.49393705612584204,0.037462891238968926
2,100,0.1,0.1,-1.8421278659026272,-0.5283146867125925,0.0006368467114469803
0,100,0.2,0.1,-1.1250326879928356,-0.2956964497838894,0.0012275313982742012
1,100,0.2,0.1,7.947287209529734,0.8395752840314062,0.17668040099104637
2,100,0.2,0.1,9.465841766115764,0.8869121823027927,0.02612610632979661
0,100,0.3,0.1,3.8851656358565076,0.5912258384506667,0.00042844047263546113
1,100,0.3,0.1,-3.758837598700959,-1.376204203818471,0.35204886110564326
2,100,0.3,0.1,3.917847247651318,0.5942904083828937,0.0465362556259616
0,100,0.1,0.0,-4.698070591570753,-1.9498984056572701,0.00035208823455038337
1,100,0.1,0.0,-4.076757232584992,-1.556676168381391,0.007451301732312998
2,100,0.1,0.0,-0.9941916694973318,-0.25724282829733225,2.8639997012512254e-06
0,100,0.1,0.1,-2.2559601945087397,-0.681109566107386,3.220372506761057
1,100,0.1,0.1,-0.8894140331288879,-0.22727363149350688,0.005292522319282254
2,100,0.1,0.1,1.3288427764475093,0.26359670620420883,1.4118583854708935
0,100,0.1,0.2,-0.7736572063145352,-0.1949939887483665,0.9787261574487176
1,100,0.1,0.2,1.8497103080970632,0.3468258794622805,0.023217441030962703
2,100,0.1,0.2,9.456402319345074,0.8866661171514172,0.13496555283608586
0,50,0.1,0.1,1.4896790952548464,0.2903697986543693,0.01113144004364415
1,50,0.1,0.1,1.412785187160566,0.2776935695009918,0.0013389325916531788
2,50,0.1,0.1,0.6649481689265934,0.14196464507634932,0.005508297272115308
0,100,0.1,0.1,-2.572075734015589,-0.8080380811291445,0.6864827871505406
1,100,0.1,0.1,0.2588169534669462,0.057853791649677744,0.018742056185276804
2,100,0.1,0.1,3.3871782886453117,0.5415603512204406,5.711317384644797
0,200,0.1,0.1,-4.542217394261964,-1.8459137858595134,19.41926876945104
1,200,0.1,0.1,-4.050386289406287,-1.5411987260337305,4.993275622503179
2,200,0.1,0.1,-1.1086322266241326,-0.29081267916223275,13.201345642274017
0,100,0.0,0.1,1.6553327479958924,0.3169276197046018,0.16212679305937577
1,100,0.0,0.1,-0.31617785274432153,-0.07551825281034952,5.897203194979573e-05
2,100,0.0,0.1,-0.6561527019127432,-0.16309521810137673,3.2135861218215522
0,100,0.1,0.1,-2.890654080021821,-0.9456530894872688,0.1722160625818981
1,100,0.1,0.1,-2.7803897380941613,-0.8968761402103829,0.0020470740574161242
2,100,0.1,0.1,-0.6583426363127337,-0.1636818579580097,1.180060365896082
0,100,0.2,0.1,-2.212403048984407,-0.6643333086649919,0.004961849532651222
1,100,0.2,0.1,-0.6479505188688848,-0.16090064338566923,0.026872076495153142
2,100,0.2,0.1,16.839236460596695,0.9792949466467193,0.05112742156399508
0,100,0.3,0.1,-1.6797994810211059,-0.47224452556528806,0.00010856183309462228
1,100,0.3,0.1,-1.3399797295723785,-0.3614383280215252,0.006299305019345302
2,100,0.3,0.1,0.40055018487831573,0.08810469119106468,0.029307213539387148
0,100,0.1,0.0,-1.3095258437753963,-0.3519249539905873,6.225483021014609e-05
1,100,0.1,0.0,-3.9028004731041994,-1.4562923028708896,1.807342843969922e-05
2,100,0.1,0.0,-2.4932005171038583,-0.7754974451493686,2.712815179656161e-06
0,100,0.1,0.1,-3.525705281731452,-1.2520111071685611,0.09536025169446277
1,100,0.1,0.1,-3.0626378884909173,-1.024248326236843,0.13197282097676744
2,100,0.1,0.1,9.195007002947644,0.8796352551077762,0.4081007898596142
0,100,0.1,0.2,6.787017855682125,0.7904449098485545,1.4844356694600662
1,100,0.1,0.2,-2.52540234765898,-0.7887112347457028,0.4102891321929958
2,100,0.1,0.2,19.00364274363521,0.9874213009776857,0.7147081822162682
0,50,0.1,0.1,-2.475187573928887,-0.7681485832946244,0.538070737677329
1,50,0.1,0.1,-1.7330483667421548,-0.4904068456682038,0.0006696350855729626
2,50,0.1,0.1,-1.8907158084108142,-0.5455091508761165,0.012417614427341794
0,100,0.1,0.1,2.2104442903750994,0.39888776042994833,6.349823264788498
1,100,0.1,0.1,-2.226468048811249,-0.6697321325991401,0.011105379940772753
2,100,0.1,0.1,-1.7367913371944774,-0.49169190768187154,0.02389374032914906
0,200,0.1,0.1,-2.701261346993027,-0.8626280321198407,0.11785850808176139
1,200,0.1,0.1,-1.6433346522806067,-0.4599348147823754,0.020056316769452513
2,200,0.1,0.1,19.515850827883746,0.9888206921109427,24.755510307281362
0,100,0.0,0.1,8.90205175601051,0.8712358917814584,4.413155228996487
1,100,0.0,0.1,-4.015613843005664,-1.520933469688126,0.02121881355157439
2,100,0.0,0.1,16.082016634386495,0.9753510549547463,0.38750697535759226
0,100,0.1,0.1,-1.3982785890597298,-0.3798372307795803,1.611412909061154
1,100,0.1,0.1,-3.5418455030256957,-1.2603961051577204,0.033927600626545505
2,100,0.1,0.1,0.5991654365048698,0.12886902494174401,0.005266444871958351
0,100,0.2,0.1,2.763528837679581,0.470766756638038,0.09529175979572974
1,100,0.2,0.1,4.440053810866498,0.6402551222583683,0.0007850884780622822
2,100,0.2,0.1,-0.3221726825935889,-0.07700388092989963,0.010742912015907647
0,100,0.3,0.1,5.664041187127641,0.728608725037847,0.05060320184405129
1,100,0.3,0.1,-1.2021048399450975,-0.31889579616812536,0.0020379820355063355
2,100,0.3,0.1,-2.1174924803541737,-0.62835558490855,0.030270699719217302
0,100,0.1,0.0,-4.495363883581661,-1.81537589797101,6.639935443028438e-05
1,100,0.1,0.0,-4.054875463192133,-1.5438268461708433,1.3057365463478564e-05
2,100,0.1,0.0,-3.025846370159236,-1.0071722175170263,3.6045411989523116e-05
0,100,0.1,0.1,-3.581480792025137,-1.28111972132162,0.003295165578375719
1,100,0.1,0.1,-3.932663476753765,-1.4732404891659332,0.08738853359511636
2,100,0.1,0.1,-0.9493616259337061,-0.24433169269238397,7.874989715569539
0,100,0.1,0.2,2.220263830790719,0.40024535951653484,0.007942609730273685
1,100,0.1,0.2,1.1533316273773224,0.23322695518179026,0.30130223495550523
2,100,0.1,0.2,-1.9574506440070447,-0.5694412547400858,0.008824907977902611
0,50,0.1,0.1,-0.37323106364107594,-0.0897405368720654,0.09250308704175458
1,50,0.1,0.1,-0.4243535565333622,-0.10264409404290897,0.0013513233647071742
2,50,0.1,0.1,-1.964176850057937,-0.571873835537785,0.03660073535520766
0,100,0.1,0.1,-2.965545427569141,-0.9794956091723672,1.2911172090424525
1,100,0.1,0.1,-2.0685391105900997,-0.6101039337419327,0.027451545195411264
2,100,0.1,0.1,-1.9934343061376414,-0.5824989502985878,6.992558351988089
0,200,0.1,0.1,-3.5489305969998974,-1.2640867321761569,4.097409175061278
1,200,0.1,0.1,-3.886715160102916,-1.447211563003604,0.26574273026723605
2,200,0.1,0.1,5.0373874353736925,0.6864828832865697,1.1458864897600127
0,100,0.0,0.1,-3.448810400674977,-1.2124885919717685,0.371965510352317
1,100,0.0,0.1,1.5890397498069873,0.30642085657983975,0.053175257041508425
2,100,0.0,0.1,-3.285085158807435,-1.1306323457228098,29.354593322606526
0,100,0.1,0.1,-1.8752569910045447,-0.5400176529309182,0.05393354129689351
1,100,0.1,0.1,0.8525732530244166,0.17824439554081783,0.1536406205302448
2,100,0.1,0.1,-2.608490055959649,-0.8232616851106505,0.38665710059844594
0,100,0.2,0.1,-3.31253455569007,-1.1441415635327532,0.26731910500887157
1,100,0.2,0.1,-2.8608226079856784,-0.9323342906024819,0.045806426455615584
2,100,0.2,0.1,-2.3956210908181745,-0.7360495200712922,0.4819180433900667
0,100,0.3,0.1,-1.1539025541674799,-0.30433832559943474,0.014254659009390665
1,100,0.3,0.1,4.6084573957594746,0.653937723458866,0.05630953016257147
2,100,0.3,0.1,-2.273138165397559,-0.6877721509462813,0.2102717706604568
0,100,0.1,0.0,-4.518319417763815,-1.8302965486463116,0.00017410312499150035
1,100,0.1,0.0,-3.497649529832201,-1.2375098352304335,0.0018074149948507801
2,100,0.1,0.0,-3.111493904450513,-1.047148702456858,6.805602638419877e-05
0,100,0.1,0.1,-3.4585917750084345,-1.2174772733736914,0.009382610029264205
1,100,0.1,0.1,-1.66719906847564,-0.46797921623283045,0.2983688414378974
2,100,0.1,0.1,6.9899973885396065,0.8000136927827999,2.2019274323377616
0,100,0.1,0.2,0.8078534525230006,0.16973896838254288,2.6549685116522053
1,100,0.1,0.2,-3.8460411848206517,-1.4243991243697334,0.0343783988054899
2,100,0.1,0.2,0.002469341968626599,0.000568425385689908,28.457905209517953
0,50,0.1,0.1,10.680915428171808,0.9145113503466181,0.0003137285787558614
1,50,0.1,0.1,6.982083527158819,0.7996489387166997,0.011432700530001231
2,50,0.1,0.1,2.0883448364784623,0.3817480193525973,0.001420389926508951
0,100,0.1,0.1,3.897777178828865,0.5924111620321852,0.3830636451737809
1,100,0.1,0.1,-2.5066805808003085,-0.781016972151215,0.0009653277681726367
2,100,0.1,0.1,-2.241847729760957,-0.6756556413000097,0.2848242242285034
0,200,0.1,0.1,-3.0156868034132387,-1.0024822737631092,0.0123242780139114
1,200,0.1,0.1,-2.5022926691244,-0.7792184232653143,0.17822519280532692
2,200,0.1,0.1,17.647908512943328,0.9828126409865464,5.268961404051912
0,100,0.0,0.1,2.2438485944938056,0.4034935547931434,8.04603671682968
1,100,0.0,0.1,-0.5990942940113451,-0.14791420303105496,0.03931659461362695
2,100,0.0,0.1,-3.428111590192647,-1.2019687894459463,0.6366473154298123
0,100,0.1,0.1,-3.2083556420098875,-1.0933197175411706,16.580267080466864
1,100,0.1,0.1,-4.142457018037166,-1.5956474325451588,0.01253702059790995
2,100,0.1,0.1,0.4865881592227553,0.10599245494497589,3.456939976113571
0,100,0.2,0.1,-3.659146761715596,-1.3222805038246626,0.018416362562086272
1,100,0.2,0.1,-3.7463130108192026,-1.3693613570636622,0.03377742872893805
2,100,0.2,0.1,0.7018401824059711,0.14922252761904997,1.6705190550100728
0,100,0.3,0.1,-1.4208797956111583,-0.38703678691567855,0.001981074275418212
1,100,0.3,0.1,-2.440483222108225,-0.7540756599707448,0.08548664192908303
2,100,0.3,0.1,-1.5509939374585202,-0.4292210162611041,0.0014495949642183872
0,100,0.1,0.0,-4.484512685037791,-1.8083502345541485,9.31505878127315e-05
1,100,0.1,0.0,-4.129962389156271,-1.5881905007651511,8.55477488956379e-05
2,100,0.1,0.0,-3.492860872439809,-1.2350440514184475,2.9872181658322286e-06
0,100,0.1,0.1,-3.52202549766039,-1.250103782719703,2.8836375465731297
1,100,0.1,0.1,-3.6436173037914568,-1.3139913457882009,0.03267509070974067
2,100,0.1,0.1,6.003393117150539,0.7490075324077774,0.4313666499451648
0,100,0.1,0.2,-3.126631838248119,-1.0542967724645664,1.5139983972697908
1,100,0.1,0.2,-2.3148851158926513,-0.7040742407696297,0.12123191618303733
2,100,0.1,0.2,18.563305907663946,0.9860790328311339,2.2852859938029475
0,50,0.1,0.1,15.121765786381477,0.9692515363305525,0.14974857778654602
1,50,0.1,0.1,-1.3442997303709034,-0.3627932475636675,0.0022594515679586653
2,50,0.1,0.1,9.018146794999664,0.8746323975285859,8.035443671120252e-05
0,100,0.1,0.1,-1.2400197236230606,-0.330460460293184,0.1927078352577918
1,100,0.1,0.1,-3.4844451542970196,-1.23071719743238,0.15546616714799683
2,100,0.1,0.1,-0.18898929754806534,-0.04447711725324033,7.194024727360363
0,200,0.1,0.1,-3.3641238655036547,-1.1697634369284344,5.580075002632211
1,200,0.1,0.1,2.9160666274984592,0.48903243003919905,7.406396198061571e-07
2,200,0.1,0.1,11.28044577529077,0.925534446410754,1.5615438294939425
0,100,0.0,0.1,-3.7255991993950266,-1.358087520644216,1.125904283040037
1,100,0.0,0.1,-3.8370030856487802,-1.4193589555540016,0.007175482527416149
2,100,0.0,0.1,2.7024884335983197,0.46327582558585456,0.2986945268582322
0,100,0.1,0.1,-3.4232182458445424,-1.1994891531662106,0.2562699443427642
1,100,0.1,0.1,0.6157915475809523,0.13219760327825303,0.13095477268601233
2,100,0.1,0.1,0.1957378994750543,0.04406973862730956,1.5844254704257366
0,100,0.2,0.1,-1.6716258040133471,-0.46947628078869164,0.06680693555636857
1,100,0.2,0.1,-3.6674923653540703,-1.3267473959719447,0.0010884875843610276
2,100,0.2,0.1,5.308476338995476,0.7054545176123777,0.07283468349479685
0,100,0.3,0.1,2.667422011312724,0.4589245879256414,0.0006863601704748465
1,100,0.3,0.1,-1.786095764105169,-0.5087232269848412,0.3535028475835318
2,100,0.3,0.1,-0.513899713181675,-0.1256152576885825,5.4957404420284875e-05
0,100,0.1,0.0,-4.408363160311023,-1.7595376007787853,1.4990238971878131e-05
1,100,0.1,0.0,-6.27391444553946,-3.240249821621612,1.0469047908673284e-05
2,100,0.1,0.0,-4.109341452341224,-1.5759305230645198,7.648052784467403e-07
0,100,0.1,0.1,-1.7886070569820065,-0.5095958932759612,0.0019938174989303165
1,100,0.1,0.1,-2.7208336001284854,-0.8710412401484535,0.01168250145970551
2,100,0.1,0.1,1.809638624746014,0.34077125279354814,0.6418319434358499
0,100,0.1,0.2,nan,nan,nan
1,100,0.1,0.2,-3.229269378102855,-1.1034245468725281,0.023219216005908414
2,100,0.1,0.2,3.9535657650183498,0.5976134798819435,2.515111361607462
0,50,0.1,0.1,1.0274096173778133,0.21066922038551483,0.9037216903902472
1,50,0.1,0.1,-1.3153631763812725,-0.3537432919793537,6.172658066697179e-05
2,50,0.1,0.1,1.1108748031634936,0.22569418700241428,0.004564288326116611
0,100,0.1,0.1,15.15143119945529,0.9694608545750414,0.001009989495192149
1,100,0.1,0.1,-1.0930312671018665,-0.2861840711057182,0.022314987616745167
2,100,0.1,0.1,1.3169880804156677,0.26158384094939735,0.6156621719424127
0,200,0.1,0.1,-0.10161787975733956,-0.023674271228480537,1.6628587632789396
1,200,0.1,0.1,-4.878053810983886,-2.074718642811048,19.566062513759743
2,200,0.1,0.1,6.933450594556421,0.7973927692868817,21.833849065513554
0,100,0.0,0.1,3.7094080094583854,0.5743435692265775,7.895474692857674e-07
1,100,0.0,0.1,-2.6883271368420587,-0.8570889833840185,0.8290041187449684
2,100,0.0,0.1,33.27999322812119,0.9995301051586964,1.882680246574335
0,100,0.1,0.1,-3.925920799211613,-1.46940361693897,1.2563228493673466
1,100,0.1,0.1,-3.16125819116786,-1.0707411747154874,0.008892397652874695
2,100,0.1,0.1,-1.9789125307356146,-0.5772162867871602,0.7044065690000723
0,100,0.2,0.1,-2.24058809262727,-0.6751697009788771,0.11031119881539263
1,100,0.2,0.1,3.013030301874069,0.5003142438211826,0.07722603766366537
2,100,0.2,0.1,-1.266687216042566,-0.3386551761277534,0.021779479093877015
0,100,0.3,0.1,-1.278825264103469,-0.34240180181891966,0.01342280995861365
1,100,0.3,0.1,-3.154691614129024,-1.0676125587003655,0.005724111739591062
2,100,0.3,0.1,-0.7951250850357245,-0.20091566116197646,0.002846098555026693
0,100,0.1,0.0,-3.1227886369181057,-1.0524796681371713,1.2520149513595906e-05
1,100,0.1,0.0,-4.200205898340322,-1.6303926954490136,0.0004016619724801006
2,100,0.1,0.0,-2.370327752101628,-0.725968141939102,6.664442363665216e-05
0,100,0.1,0.1,4.254082540571431,0.6245157317876651,8.48473643406794
1,100,0.1,0.1,1.7432382362239096,0.3306146914428858,0.3158658141546867
2,100,0.1,0.1,1.251190259826772,0.2503112841029914,0.014231277274436394
0,100,0.1,0.2,2.1792934036221947,0.3945606283770068,1.3337006160097982
1,100,0.1,0.2,3.433089194252801,0.5463811632301991,1.0686087404504838
2,100,0.1,0.2,-0.9626064892487594,-0.248132376525932,0.2897084781646919
0,50,0.1,0.1,-0.46103142005229975,-0.1119957874106392,0.008499204001997728
1,50,0.1,0.1,-2.011381394451887,-0.5890521104639928,0.0019328601380612243
2,50,0.1,0.1,-1.0026904789714257,-0.25970556486369967,0.1325967252280927
0,100,0.1,0.1,-3.125028559384295,-1.0535385305668385,1.0942384965055691
1,100,0.1,0.1,-2.867510358348699,-0.935312206536453,0.003520090831616882
2,100,0.1,0.1,-1.1523192912351097,-0.30386290299429786,0.0026280840560911635
0,200,0.1,0.1,1.0832652588792842,0.2207559872280218,4.686980042194502
1,200,0.1,0.1,-0.6834378934792047,-0.17042553820468886,0.16858946798849742
2,200,0.1,0.1,5.63400953713066,0.7267255390606665,5.883139974198762
0,100,0.0,0.1,-3.1023909051876952,-1.0428622844939865,4.07704881773141e-05
1,100,0.0,0.1,-4.15370448390264,-1.6023784167120998,1.3169830143406813
2,100,0.0,0.1,-1.211965997068511,-0.3218939036800592,0.28316930490070735
0,100,0.1,0.1,0.3027106801528644,0.06732801482025297,0.0003431510665655442
1,100,0.1,0.1,-2.5282975496783413,-0.7899040675236526,0.002333075017347955
2,100,0.1,0.1,0.5101574367670245,0.1108311161255906,0.4922391538346232
0,100,0.2,0.1,-3.6768154468553487,-1.3317476335946359,0.9356635455413624
1,100,0.2,0.1,1.4075869358224975,0.2768284932638534,0.28668670722006717
2,100,0.2,0.1,8.100446210288602,0.845134250408759,0.044365789450927805
0,100,0.3,0.1,-1.8189774142870174,-0.5201895451845739,0.015426512472538591
1,100,0.3,0.1,1.4193014217405253,0.27877651876184406,0.1678917501892463
2,100,0.3,0.1,-0.7967959936594429,-0.20137779146347023,0.0020050643717956914
0,100,0.1,0.0,-4.622840807280413,-1.8992394182153807,0.0002982670180525114
1,100,0.1,0.0,-3.6248711849098014,-1.3040246358960554,0.00041037328261237356
2,100,0.1,0.0,-1.867107036323719,-0.53713037130187,2.663069215493053e-07
0,100,0.1,0.1,-1.8521798331918853,-0.5318561458673758,1.2916356591056264
1,100,0.1,0.1,-2.555784073844946,-0.8012683054818526,1.2403305719491944
2,100,0.1,0.1,1.500964658736528,0.29221144769545115,0.017716229870736143
0,100,0.1,0.2,-1.004942065988262,-0.260358824848665,0.4124732833616258
1,100,0.1,0.2,-1.066816355264554,-0.2784437829193649,0.0030903812819116734
2,100,0.1,0.2,3.6423217757724973,0.5677173327943283,0.05246754357571088
0,50,0.1,0.1,-2.4058188258781126,-0.7401307541931654,0.06294461982856012
1,50,0.1,0.1,-0.3741377887818529,-0.08996807793876016,0.001404085640385221
2,50,0.1,0.1,0.30859688921061634,0.06859125527739451,0.02205546011857511
0,100,0.1,0.1,0.4294509306389446,0.09415288199890315,0.12212803699532543
1,100,0.1,0.1,-3.1152625727086387,-1.048925923455529,0.01008029899174698
2,100,0.1,0.1,-3.2676824455463684,-1.1221117232352982,0.08386050379428364
0,200,0.1,0.1,-5.075468312931287,-2.2177094893764173,0.46321215287498607
1,200,0.1,0.1,0.43296714310774453,0.09488599328683411,1.2287690728037874
2,200,0.1,0.1,17.740852365317036,0.9831765615548353,3.487167956969976
0,100,0.0,0.1,-4.659966986539526,-1.9241301496028096,0.009113035723358531
1,100,0.0,0.1,5.381528300231036,0.7103675820104365,1.9130281144843773
2,100,0.0,0.1,-1.8514242692175462,-0.5315896643229248,0.264822858207388
0,100,0.1,0.1,8.386613277186356,0.8550097922028639,0.05012464904149344
1,100,0.1,0.1,-2.743050971949744,-0.8806375237465476,0.002410832620385532
2,100,0.1,0.1,3.490804471485682,0.5523696209459908,0.25865156967720976
0,100,0.2,0.1,-0.7708099882351743,-0.19421081199344803,7.033777444148474
1,100,0.2,0.1,-1.0761474688420438,-0.2811935596915969,0.004693603749656338
2,100,0.2,0.1,1.3473813459800477,0.2667334643357824,0.0023774790513721245
0,100,0.3,0.1,-2.662254066864316,-0.8459732640805047,0.02107053344848927
1,100,0.3,0.1,-0.8164692581976002,-0.206832301615266,0.00925700297514969
2,100,0.3,0.1,-1.7075199154776604,-0.4816717192166562,0.011711475103916607
0,100,0.1,0.0,-5.1946755926386965,-2.3072540675715323,0.0001493967415847944
1,100,0.1,0.0,-4.651308281974522,-1.9183060010217345,0.0003286818752268156
2,100,0.1,0.0,-2.7624609615724447,-0.889061496432783,7.14341299029372e-06
0,100,0.1,0.1,-4.253149933121362,-1.662655580788718,0.966469682000061
1,100,0.1,0.1,9.495109459084517,0.8876717341770102,0.5507066049870653
2,100,0.1,0.1,-0.971995912549326,-0.25083375112593576,3.779681475550575
0,100,0.1,0.2,0.7107615669416005,0.15096842187696624,0.44811127348322133
1,100,0.1,0.2,-0.6844301864684963,-0.1706929921548852,0.0035241840653437682
2,100,0.1,0.2,-0.861865950455506,-0.21951345151767288,0.003392116990842706
0,50,0.1,0.1,-1.1830195285212013,-0.3131125522803828,0.12867068562067446
1,50,0.1,0.1,-1.1625522702686784,-0.3069387267833674,0.0016086841409333774
2,50,0.1,0.1,-2.2120413428059997,-0.6641946988973333,0.6190839881189558
0,100,0.1,0.1,-0.47543095576547545,-0.11568885703799081,0.13061248401481737
1,100,0.1,0.1,-3.9074753919777323,-1.4589377773828436,0.028461727482519343
2,100,0.1,0.1,-0.8802600082859708,-0.2246895181543913,0.0883264312697967
0,200,0.1,0.1,-1.832317110890926,-0.5248661054769888,2.4640032445091373
1,200,0.1,0.1,10.695648903427127,0.9148008798853421,0.01539479212321529
2,200,0.1,0.1,10.973418722140991,0.9200795118660522,3.952823071613327
0,100,0.0,0.1,-4.581768032495345,-1.8719495277203975,0.03968594206615564
1,100,0.0,0.1,-3.718396316081342,-1.3541798145378534,0.07307809450157429
2,100,0.0,0.1,4.53127287933642,0.6477323906603756,1.9312202770604636
0,100,0.1,0.1,3.4598867706662038,0.549171541604258,0.3129296007710738
1,100,0.1,0.1,-0.7692369927401201,-0.19377835241667318,0.015563217056854834
2,100,0.1,0.1,-3.3051661714873966,-1.1405068261309785,2.630891838791342
0,100,0.2,0.1,-1.2180137130179909,-0.32373597352966343,0.03829187852738908
1,100,0.2,0.1,-3.31079158045793,-1.143281217393446,0.0030169424335354184
2,100,0.2,0.1,-2.046841180730237,-0.602079702125649,0.008056414152321095
0,100,0.3,0.1,-3.3011950092263054,-1.1385504543246037,0.05960278135258498
1,100,0.3,0.1,-1.8772822406663954,-0.5407359783295673,0.0016308655506278619
2,100,0.3,0.1,-0.2492754738334509,-0.05907702640268786,2.3070808960339635
0,100,0.1,0.0,-4.736841231911333,-1.9763508430969572,0.00014956841707636947
1,100,0.1,0.0,-3.4909796725056372,-1.2340761242631224,0.001649561359431729
2,100,0.1,0.0,-0.3117396366941831,-0.07441970232140194,6.982121131619114e-06
0,100,0.1,0.1,2.186889907044268,0.39561871278915894,1.7437334984728197
1,100,0.1,0.1,1.354618066950937,0.2679543010911509,0.026062395507375886
2,100,0.1,0.1,-1.8110328913851936,-0.5174112135374636,0.8441373965733159
0,100,0.1,0.2,-0.38694762616392575,-0.0931877655268627,0.10489851700007502
1,100,0.1,0.2,-4.567500667226615,-1.8625301307742612,0.06970215214838836
2,100,0.1,0.2,0.1326960237349879,0.030092321302861436,0.8126708443357936
0,50,0.1,0.1,1.7949614726974819,0.33853959456846006,3.3538139309171976e-05
1,50,0.1,0.1,-1.4456035259766398,-0.39495549694002086,0.05856927813842383
2,50,0.1,0.1,-0.36029078413214705,-0.08649836824580115,1.2407551058596327e-06
0,100,0.1,0.1,-0.7843142578865572,-0.19792995756329912,0.1173386089144552
1,100,0.1,0.1,-3.7562435941137116,-1.374785340717553,0.0016464217386243736
2,100,0.1,0.1,2.458421034513545,0.4322490147490272,0.10601473408211723
0,200,0.1,0.1,-1.8230130895129506,-0.5216028356800864,4.5922520576124075
1,200,0.1,0.1,-3.809889177946068,-1.404301446930773,28.96917057689125
2,200,0.1,0.1,12.425133090032176,0.9427880578280313,8.082534742974179
0,100,0.0,0.1,4.7246659888224904,0.6630748727086833,0.0001105073135439154
1,100,0.0,0.1,19.048510374560454,0.9875505844782866,0.05383384400876399
2,100,0.0,0.1,10.895514020037886,0.9186329448922808,4.375644704946641
0,100,0.1,0.1,-2.8948561220526647,-0.9475365286990358,0.03368718622276598
1,100,0.1,0.1,-2.2935462215999185,-0.6957218730837844,0.0005102025097667258
2,100,0.1,0.1,-0.533620301190447,-0.1307381110270449,0.10054008145968213
0,100,0.2,0.1,-0.021409826569703753,-0.00494196618110454,34.04987689174362
1,100,0.2,0.1,-1.2567017334322341,-0.33558081916771654,0.8842783912670763
2,100,0.2,0.1,-0.1810251230541322,-0.04256349048493924,0.0512205759603636
0,100,0.3,0.1,-0.49630170775841387,-0.12106339131690791,0.0001626875953468517
1,100,0.3,0.1,-3.792591929580035,-1.3947445466939308,0.011401949877739745
2,100,0.3,0.1,6.139174447864415,0.7567333608337419,0.04218244143371996
0,100,0.1,0.0,-4.708262583024334,-1.9568293354220607,4.5850267577632004e-05
1,100,0.1,0.0,-5.467484716750067,-2.5216684912293887,3.6804038676801477e-06
2,100,0.1,0.0,-2.2601072540100837,-0.6827156171520556,3.4199048894965594e-07
0,100,0.1,0.1,-3.7623529898705,-1.3781283979573815,0.0378836263300964
1,100,0.1,0.1,0.21222490033350225,0.04769183056881687,0.00043132202740882856
2,100,0.1,0.1,-1.5970909449915391,-0.44447188927096537,0.40891870395862817
0,100,0.1,0.2,-4.002690154401413,-1.5134428536869482,0.566966152609035
1,100,0.1,0.2,-2.5311946172447826,-0.7910984651432771,0.015985500419128856
2,100,0.1,0.2,14.726866184395863,0.9663245520381984,0.9600542568182734
0,50,0.1,0.1,-0.5554376066486169,-0.13643280188419737,0.0013120221809718741
1,50,0.1,0.1,-0.44217811398626355,-0.10717892740549528,0.031267229133501676
2,50,0.1,0.1,-2.4754263802861223,-0.7682458115001563,0.0016394667759997853
0,100,0.1,0.1,-2.6904285704593107,-0.857987795987889,0.5076124026633256
1,100,0.1,0.1,2.807018134680559,0.47603993598007543,0.0896291680302112
2,100,0.1,0.1,-2.879142004335586,-0.9405024724950599,2.2466129645614012
0,200,0.1,0.1,-3.2738750705315027,-1.1251398104670436,0.3272878403523105
1,200,0.1,0.1,-5.12385448708325,-2.2537594968518233,10.388626990592401
2,200,0.1,0.1,17.717111521068617,0.9830843438744371,0.4125139627078608
0,100,0.0,0.1,-0.6338386219301134,-0.15713455305142388,0.56659014961311
1,100,0.0,0.1,1.5331686607858641,0.29744046240263033,0.0001943112181865499
2,100,0.0,0.1,4.905585016647628,0.6768222162757611,0.00846226937881854
0,100,0.1,0.1,-1.3771838726212966,-0.3731512837647646,0.005289362078734339
1,100,0.1,0.1,-3.028477422341992,-1.0083885753233188,0.47925312277872445
2,100,0.1,0.1,-1.8679169955902162,-0.5374170728706489,1.3952737942592985
0,100,0.2,0.1,0.4625676207686869,0.10103405913657881,0.5606151732446378
1,100,0.2,0.1,-1.5559125632763802,-0.43084060527441825,0.045594268681380605
2,100,0.2,0.1,-1.1703708454770196,-0.30929371924463744,0.1546956346130169
0,100,0.3,0.1,-0.5109634871934847,-0.12485449652287661,0.0856013976562818
1,100,0.3,0.1,3.3556917557209753,0.5382245667735097,0.07663270965696553
2,100,0.3,0.1,-0.6372236768985287,-0.15803681894303678,0.0004086093225977352
0,100,0.1,0.0,-5.347607033281991,-2.4257897319362196,2.3893826826694733e-05
1,100,0.1,0.0,-3.7563073967922476,-1.3748202292056608,7.36074163226291e-05
2,100,0.1,0.0,-3.8271057079964383,-1.4138516222063449,3.713470327726719e-05
0,100,0.1,0.1,-0.5326906724764423,-0.13049609687209718,0.006659376957700672
1,100,0.1,0.1,-2.9128562771605604,-0.9556252126574007,0.032108917902275776
2,100,0.1,0.1,-3.074065875099759,-1.0295819297107909,0.13025804842167768
0,100,0.1,0.2,1.6118529085797957,0.31005462275640017,0.02824642821585413
1,100,0.1,0.2,1.8351656289586813,0.34463470862193923,9.289261687341245e-05
2,100,0.1,0.2,10.522849494794022,0.9113425878224475,4.746811000946222
0,50,0.1,0.1,-1.5306261745589753,-0.42253387614589744,0.003261467510703284
1,50,0.1,0.1,-1.699805385659225,-0.4790421084279963,0.005432723443960143
2,50,0.1,0.1,-0.4852778803860061,-0.11822137093315366,9.79402245472943e-09
0,100,0.1,0.1,-3.923584630178137,-1.46807562564361,0.22348609368568162
1,100,0.1,0.1,-2.9097266122964625,-0.9542164342815578,0.002010927799441707
2,100,0.1,0.1,5.809841554237149,0.737568571423078,0.3867182289047524
0,200,0.1,0.1,-2.5773119957735826,-0.8102193361806296,23.72739602552401
1,200,0.1,0.1,-1.9762968497190534,-0.5762666425332448,0.03185276944280198
2,200,0.1,0.1,4.235511619919493,0.6229066810234554,4.815151612026757
0,100,0.0,0.1,-3.4208042619439114,-1.1982669280922003,5.187282000562307
1,100,0.0,0.1,-2.4258354680861123,-0.7481695318018085,0.008519376865597887
2,100,0.0,0.1,3.002284409962522,0.4990763239572943,4.743002748154803
0,100,0.1,0.1,-0.2514300915320996,-0.05960258505991356,0.04254060608264362
1,100,0.1,0.1,-2.6986208975345747,-0.861495924622321,0.07650289240788553
2,100,0.1,0.1,-2.15267137503186,-0.6415992216060322,0.3114228520684621
0,100,0.2,0.1,-2.5949516765286376,-0.8175868318933668,0.03143119526249768
1,100,0.2,0.1,0.7223608426363275,0.1532330170030889,0.030300721975945334
2,100,0.2,0.1,1.0333585072225908,0.21174969170587798,0.003398409947931686
0,100,0.3,0.1,-1.5077477719098193,-0.41505974718026906,0.004155827605895523
1,100,0.3,0.1,-2.621226599801446,-0.8286166086239148,0.03529639115379654
2,100,0.3,0.1,-0.9432420149001518,-0.24257954897539102,0.0034615930007948206
0,100,0.1,0.0,-5.415519884516506,-2.4797816086777598,1.0725432201128575e-05
1,100,0.1,0.0,-3.5453837249213214,-1.2622384131146656,0.00022215247649733143
2,100,0.1,0.0,-2.3761955742258882,-0.728301701167885,0.00022864891164832608
0,100,0.1,0.1,18.609113712504236,0.9862250944807641,2.8171444959740204
1,100,0.1,0.1,-2.883223813251024,-0.9423271523002774,0.002509239928694452
2,100,0.1,0.1,4.67839457566693,0.6594659508565286,0.09178782909770188
0,100,0.1,0.2,2.149424895166319,0.39038238084376065,1.7335273549359487
1,100,0.1,0.2,-3.4191732031829365,-1.1974414906365634,0.007556680358562986
2,100,0.1,0.2,-2.591649315448211,-0.8162052701266509,0.4816375947588054
0,50,0.1,0.1,0.0210488141397115,0.004834942420131272,0.31587336209996064
1,50,0.1,0.1,-1.11900463209544,-0.2938992561961762,0.5908483162554666
2,50,0.1,0.1,-1.6125218821950855,-0.44961337769581,0.12441354201016416
0,100,0.1,0.1,-3.665171463306873,-1.3255042970297155,0.5006574818084624
1,100,0.1,0.1,-2.420823958538359,-0.7461534077706384,0.005985908088867458
2,100,0.1,0.1,3.373573105899337,0.5401219412783081,0.15026803534626226
0,200,0.1,0.1,-2.6882781204521278,-0.8570680235772858,19.86643473860286
1,200,0.1,0.1,-4.435283472704413,-1.776696080703764,7.522155960189589
2,200,0.1,0.1,-0.7723369701774098,-0.19463077103904625,1.263737158392187
0,100,0.0,0.1,-3.6146091584739732,-1.2985868395819091,0.043439237059721886
1,100,0.0,0.1,-4.230069057258566,-1.6485422527989475,0.1626243447564333
2,100,0.0,0.1,6.674793269882383,0.7849592960777648,0.006838120322135141
0,100,0.1,0.1,4.406374867623752,0.6374545047532427,0.7443158246681661
1,100,0.1,0.1,0.16936540227703556,0.03824719909665886,1.7204682667575968
2,100,0.1,0.1,3.1256853377081195,0.5131093146030594,3.5004821978485556
0,100,0.2,0.1,-1.0653398976161121,-0.278009228173445,0.009631729889090786
1,100,0.2,0.1,-2.1039525797515655,-0.6232868031369077,0.00017430967742827503
2,100,0.2,0.1,16.355347296532873,0.9768545691072554,0.03094552391912251
0,100,0.3,0.1,-0.6680355517325293,-0.16628195233067267,0.0032429699943630035
1,100,0.3,0.1,-1.5293734416645668,-0.4221236019978276,0.6302231752494332
2,100,0.3,0.1,0.9588354361021525,0.19810693721585193,0.006785567808520843
0,100,0.1,0.0,-5.278075466795739,-2.371378762236273,1.0764601004007572e-06
1,100,0.1,0.0,-4.70794783423668,-1.9566150511600817,4.6166629286915937e-05
2,100,0.1,0.0,-0.40013508671059017,-0.09651230247945386,3.5100673090352964e-05
0,100,0.1,0.1,0.15541455798925377,0.03515279256735293,0.00851869465801583
1,100,0.1,0.1,1.1338031991230464,0.22977133020987006,0.00438086579826151
2,100,0.1,0.1,-0.5369487394928903,-0.13160504228566672,0.35383944085028196
0,100,0.1,0.2,3.94750126342032,0.5970511936010322,9.175515727689191
1,100,0.1,0.2,-2.3537813358088733,-0.719404795141459,0.4528698497544521
2,100,0.1,0.2,2.8371437582431858,0.47966190315261115,0.9980299545040082
0,50,0.1,0.1,0.5695513865736693,0.12290858257189285,0.40713128434257295
1,50,0.1,0.1,0.33255847629838187,0.07371602141041711,0.02457135831773044
2,50,0.1,0.1,33.23544585836926,0.9995252604495964,5.5195313959260515e-05
0,100,0.1,0.1,0.957101051630091,0.1977866318281094,0.013362869818185814
1,100,0.1,0.1,-1.1214588537441263,-0.2946306523150999,0.0006865904041746786
2,100,0.1,0.1,-0.5428732589916528,-0.13314979851589137,0.09666781640752228
0,200,0.1,0.1,-5.390275727430396,-2.4596134172566204,33.407297622503535
1,200,0.1,0.1,15.482395808042357,0.9717016952553522,3.5553111532040007
2,200,0.1,0.1,6.472529195757644,0.7747073204341307,2.241155864185422
0,100,0.0,0.1,1.76068830678922,0.33329890361365255,5.530023948332145
1,100,0.0,0.1,1.4271150421971115,0.2800729432797845,4.891001657109858e-05
2,100,0.0,0.1,20.480419320903064,0.9910472167972044,2.470342847938718
0,100,0.1,0.1,-3.236654983631012,-1.1070046708561128,0.011149814267648984
1,100,0.1,0.1,-3.9125989928794747,-1.46184042774745,0.2803660202462292
2,100,0.1,0.1,-1.7835879307933586,-0.5078522663101501,1.2364302171637152
0,100,0.2,0.1,-1.6391557510227046,-0.4585307008940116,7.502902274673367
1,100,0.2,0.1,-2.543900612008159,-0.7963462893328941,0.010413690415216996
2,100,0.2,0.1,-1.0537964973347334,-0.27461683334952847,1.5079668798242523
0,100,0.3,0.1,-4.709448321895272,-1.9576367382988087,2.31355075254006
1,100,0.3,0.1,-1.6053013160648542,-0.44720525756343954,0.0010811998644358078
2,100,0.3,0.1,-1.7935956404459719,-0.5113309077023671,0.00018014735752615508
0,100,0.1,0.0,-6.723838060186729,-3.7030955920156563,9.02908150766519e-05
1,100,0.1,0.0,-4.579357269939731,-1.8703557549717447,1.6167834219081392e-06
2,100,0.1,0.0,-2.6996501154977377,-0.8619371257337569,8.902351859954167e-07
0,100,0.1,0.1,6.008337088184302,0.74929309750115,1.0647240027259248
1,100,0.1,0.1,-0.5409934048012462,-0.13265941801817083,0.0840034767883226
2,100,0.1,0.1,6.002827529982174,0.7489748432143762,4.6826046846779406
0,100,0.1,0.2,-2.696960401861637,-0.8607843302504221,0.016441007860003673
1,100,0.1,0.2,5.8925906145120965,0.742521518873,0.002716892309669325
2,100,0.1,0.2,10.424946528297443,0.9093212870836489,0.20827145613887393
0,50,0.1,0.1,2.183747787054815,0.395181284789099,0.0032430852737236407
1,50,0.1,0.1,-0.22507571284430317,-0.05319204782131792,0.0034901734871799657
2,50,0.1,0.1,-3.1552586888865637,-1.0678825523316204,0.00025491599314861135
0,100,0.1,0.1,-4.776974752039625,-2.003983031844723,0.48877937268031146
1,100,0.1,0.1,-2.5116183391467386,-0.783043070347206,0.0036755498935292603
2,100,0.1,0.1,0.5111466630351171,0.11103362596292887,0.12663632325654062
0,200,0.1,0.1,-4.76775363609144,-1.9976116200866985,19.2007111786003
1,200,0.1,0.1,4.632506067146711,0.6558487167324245,3.738567128709593
2,200,0.1,0.1,17.44611679848433,0.9819951992278418,3.7966759766060396
0,100,0.0,0.1,-2.8373694079057934,-0.9219272337809832,2.44565160509143
1,100,0.0,0.1,-4.109682065191534,-1.5761325586605808,0.1704243060259082
2,100,0.0,0.1,-4.856501619929355,-2.0594979179944937,0.01579511940761352
0,100,0.1,0.1,1.749954390455001,0.3316490634561694,1.1406817235645108
1,100,0.1,0.1,1.6323125202856028,0.31329731106720926,0.2603854315734255
2,100,0.1,0.1,11.7015518758428,0.9324158567949495,4.406924720653087
0,100,0.2,0.1,-1.5608238428876855,-0.4324596065556603,4.223411955813373
1,100,0.2,0.1,1.147989847305819,0.2322832515076726,0.0025232020041263186
2,100,0.2,0.1,-0.14570989024303552,-0.034120122653318985,0.6782166693803975
0,100,0.3,0.1,0.25865157396169675,0.0578179140028281,0.0017511625626731974
1,100,0.3,0.1,-0.9405506303589004,-0.24180974334805327,0.0003039870461855616
2,100,0.3,0.1,-1.6519645544629633,-0.46283874779298584,0.0025931025841498126
0,100,0.1,0.0,-4.311229085130883,-1.698503020470283,2.016138658282044e-05
1,100,0.1,0.0,-4.236162176706355,-1.6522607458823306,2.445195462672723e-06
2,100,0.1,0.0,-2.4248584877260795,-0.7477763112387683,2.3668759277885568e-05
0,100,0.1,0.1,-3.08589341751305,-1.035116810884841,0.19207867676235665
1,100,0.1,0.1,-2.815944547422136,-0.9124692224629016,0.1370132434048282
2,100,0.1,0.1,0.6480695242766941,0.13862344373305302,0.6914461623180415
0,100,0.1,0.2,-0.9681122358922802,-0.24971569353304557,0.010761888957356662
1,100,0.1,0.2,-0.18145815575088353,-0.042667449113704015,0.11382776439620661
2,100,0.1,0.2,-0.12143276269861587,-0.028355502618660378,0.010838562892875872
0,50,0.1,0.1,0.7238597025383584,0.15352520724297025,2.4739588951247368e-05
1,50,0.1,0.1,-1.3063588390956764,-0.3509394494318556,2.372090887475345e-05
2,50,0.1,0.1,-1.202167309338049,-0.3189147674458521,0.00023487766185564034
0,100,0.1,0.1,-3.6157172947142313,-1.2991734167718971,0.2146353755657897
1,100,0.1,0.1,-1.2570649562750158,-0.3356925253415115,0.15722129196454532
2,100,0.1,0.1,-2.8917477800738474,-0.9461431322906089,2.052088116501043
0,200,0.1,0.1,-3.1084314679140856,-1.04570566015017,1.8663944368069174
1,200,0.1,0.1,-3.439744911168071,-1.207875046635404,0.004997019749545446
2,200,0.1,0.1,42.261290192762324,0.9999405884366206,3.9457637448949714
0,100,0.0,0.1,1.0161932858456915,0.20862801595686098,0.6353439131508907
1,100,0.0,0.1,-3.2080942726838564,-1.0931937400942875,0.011320733193457916
2,100,0.0,0.1,14.93900254783284,0.9679299420111956,14.051978126158314
0,100,0.1,0.1,-2.6165636452914316,-0.8266543041207792,0.006676523765717805
1,100,0.1,0.1,-4.000449171550481,-1.512146238234735,0.030191574484945236
2,100,0.1,0.1,-1.1005464526343343,-0.2884116563665462,1.5797892484377298
0,100,0.2,0.1,3.0360741146919046,0.5029585717757599,0.0019908224966529767
1,100,0.2,0.1,-3.582706780532635,-1.2817637592848259,0.4157580998453785
2,100,0.2,0.1,-1.073555152780683,-0.28042903982231393,0.0016551396859791432
0,100,0.3,0.1,-3.0044969336190515,-0.9973293937628898,0.09959387132090118
1,100,0.3,0.1,-3.610327185375271,-1.296321640077096,0.01807487620363533
2,100,0.3,0.1,-1.9125836221444565,-0.553310801272132,0.015283667277970574
0,100,0.1,0.0,-5.621086656969125,-2.6484522416407534,4.4871095594417254e-05
1,100,0.1,0.0,-3.9566620253925233,-1.4869451248190448,0.00024086880796732766
2,100,0.1,0.0,-3.2953042883314603,-1.1356517151950807,3.180633898395408e-05
0,100,0.1,0.1,-0.8100343817648785,-0.20504548031027192,0.008315313859922045
1,100,0.1,0.1,-2.8078530208092105,-0.9089093364119574,0.01548356643092497
2,100,0.1,0.1,-0.8058160364877185,-0.20387557597285344,0.07465860925379143
0,100,0.1,0.2,4.942295102866641,0.6795424635272349,0.04580535427151257
1,100,0.1,0.2,-0.7869953983199829,-0.19866973441985403,0.029029582914204554
2,100,0.1,0.2,-4.109958965863733,-1.5762968148526286,0.0030391226706913796
0,50,0.1,0.1,-1.2783098935990926,-0.3422425105373861,0.00025104253211927577
1,50,0.1,0.1,-3.744287406779521,-1.3682565148280728,0.343975822096942
2,50,0.1,0.1,-0.4131148436229429,-0.09979435030946515,0.01019110483095629
0,100,0.1,0.1,-1.0992732463942327,-0.2880339925012869,0.8060708864493261
1,100,0.1,0.1,0.7731454698391405,0.16307709659031489,0.13559050120129607
2,100,0.1,0.1,-3.0897918912277875,-1.0369444674006054,0.08490994696879597
0,200,0.1,0.1,-2.070327057941485,-0.6107669340442436,12.785655507864256
1,200,0.1,0.1,-4.232588209180627,-1.6500790017215725,0.6104407538636074
2,200,0.1,0.1,14.804690901553519,0.9669226346774947,2.2805900537920474
0,100,0.0,0.1,-4.414523215794843,-1.763454520474672,0.0025293124506576706
1,100,0.0,0.1,-2.8999366559733026,-0.9498161605047739,0.004645939147362064
2,100,0.0,0.1,1.0597482604495532,0.21652494428235602,15.512635998023661
0,100,0.1,0.1,-2.736448587662072,-0.8777806469807021,0.035660541976727744
1,100,0.1,0.1,-1.6045831819508134,-0.4469659725651145,0.014848410117130686
2,100,0.1,0.1,-0.15833231831397163,-0.03713008357044223,0.22948415972438568
0,100,0.2,0.1,-2.9629525460552,-0.9783141376304794,1.102072990212981
1,100,0.2,0.1,-2.254180430891519,-0.6804207789397076,0.024317853886382395
2,100,0.2,0.1,-2.370630930648602,-0.7260886350147564,0.00965444958125246
0,100,0.3,0.1,1.7065370016854389,0.32493389938856077,0.00039586455867740187
1,100,0.3,0.1,-1.4309398804348477,-0.3902534710143424,0.0005205803947155677
2,100,0.3,0.1,-3.6743378795236397,-1.3304177953247796,0.39403498107332185
0,100,0.1,0.0,-3.68688260349915,-1.337159007146386,4.407640598572094e-05
1,100,0.1,0.0,-5.701026326867139,-2.716230408616812,1.873808805193172e-07
2,100,0.1,0.0,-3.9941223345279653,-1.508489187800551,8.113393056037879e-06
0,100,0.1,0.1,1.1720491696466664,0.23652453872852153,0.0042595109841213445
1,100,0.1,0.1,-1.9348979234794583,-0.5613123404727203,0.005408689100412001
2,100,0.1,0.1,-1.8923045676060317,-0.5460746406908079,0.3677247827956347
0,100,0.1,0.2,-4.159322512383029,-1.6057470288199482,0.040603369903560914
1,100,0.1,0.2,-2.5648457780256004,-0.8050306376914107,0.0084315133378872
2,100,0.1,0.2,3.254740760795261,0.5273649513968361,5.148342923433767
0,50,0.1,0.1,-2.4758490005533726,-0.7684178912548312,8.279574582017946e-05
1,50,0.1,0.1,0.20733293513760792,0.04661853044748987,0.002474628112056564
2,50,0.1,0.1,2.3163989734358403,0.413375627511519,0.0026437792722166335
0,100,0.1,0.1,-3.0513209986831553,-1.0189803859545608,0.07597228943227777
1,100,0.1,0.1,-0.07925270760541789,-0.018416133671622203,0.006784544308517342
2,100,0.1,0.1,-2.006133442887223,-0.5871330826245857,1.4655685557389158
0,200,0.1,0.1,-2.398897823299869,-0.7373598559446397,30.685904035423412
1,200,0.1,0.1,-4.040061871458167,-1.5351647472870544,3.404749802728037
2,200,0.1,0.1,19.471112264266782,0.988704933984025,5.943783069203227
0,100,0.0,0.1,-3.946097542314553,-1.480902828411557,0.0023259731106049565
1,100,0.0,0.1,-5.03947368781404,-2.191151102895328,8.291185528825268
2,100,0.0,0.1,-1.9591729347292737,-0.5700637747742068,3.786512043574434
0,100,0.1,0.1,-3.9407748363064155,-1.4778641005067055,2.821135441391906
1,100,0.1,0.1,-0.5361230094711397,-0.13138990912801818,0.15009895688588598
2,100,0.1,0.1,-2.3404155236769966,-0.7141213031251776,3.441945492728338
0,100,0.2,0.1,-1.9833900356711742,-0.5788432094523637,0.0032694175395952306
1,100,0.2,0.1,-3.8133848315005947,-1.406237457772983,0.05732246257180988
2,100,0.2,0.1,-1.61885218340167,-0.4517278831290634,0.0017286292571410443
0,100,0.3,0.1,-3.5830009091451895,-1.2819182983737596,0.17374561924105422
1,100,0.3,0.1,-2.0382546186848356,-0.5989153131571552,0.008888300689207465
2,100,0.3,0.1,1.1509772921807082,0.23281117044434307,0.006722230535771285
0,100,0.1,0.0,-3.8514298302910523,-1.4274091408869847,2.6589706685836537e-05
1,100,0.1,0.0,-3.5353596496197257,-1.2570228972080435,0.03626755142021615
2,100,0.1,0.0,0.6657700056138217,0.14212699994068678,8.23249767308307e-06
0,100,0.1,0.1,-1.7566903470282058,-0.49854239740970074,0.0032468853639424245
1,100,0.1,0.1,-4.819011338030258,-2.0332006040531434,0.03133411664941087
2,100,0.1,0.1,-0.2443966903949663,-0.057887946988116834,0.03599817674432712
0,100,0.1,0.2,-2.951908075178839,-0.9732895115167017,0.5338586512555854
1,100,0.1,0.2,-0.9967878405527579,-0.25799462077230473,0.7103916615251713
2,100,0.1,0.2,-0.6880037100444152,-0.1716566748211985,0.7789595378185392
0,50,0.1,0.1,-1.3723541660418181,-0.371625077050749,1.2424054968431423e-05
1,50,0.1,0.1,-0.7501084361897021,-0.18853190275349108,3.408856323784451
2,50,0.1,0.1,-1.6498141335210834,-0.46211459850448633,0.0004224788827213589
0,100,0.1,0.1,-2.2039139677336794,-0.6610832417775201,0.043416062316561047
1,100,0.1,0.1,-1.8101087065396255,-0.5170883406242544,1.5667924901503536
2,100,0.1,0.1,-4.130206572853318,-1.5883360268353304,1.4364656999243564
0,200,0.1,0.1,-2.3865972611953197,-0.7324460777796924,4.097282585648925
1,200,0.1,0.1,-3.95494128824451,-1.485959956603494,0.1788707080982881
2,200,0.1,0.1,43.385715094077014,0.9999541405870921,0.05571383704350728
0,100,0.0,0.1,-4.557723690292515,-1.8560931592356185,0.9302661250207412
1,100,0.0,0.1,-1.3831339238029174,-0.3750338588812965,1.4914637640140778e-05
2,100,0.0,0.1,7.587339334489334,0.825712569758079,3.7497526604677405
0,100,0.1,0.1,-2.184273250694547,-0.6535880498431947,0.1881309000152069
1,100,0.1,0.1,-3.405796411873005,-1.1906835201177586,0.0036662701512218503
2,100,0.1,0.1,-2.445423844440178,-0.7560722675828184,0.2777980398054396
0,100,0.2,0.1,1.0464622380807134,0.2141244520089135,5.622039315798902
1,100,0.2,0.1,-1.3921867353497974,-0.37790308833252073,1.4217730268773163
2,100,0.2,0.1,1.4194859903587203,0.27880716902297575,4.5173001089858126e-05
0,100,0.3,0.1,-1.591695457785487,-0.4426784540116384,0.018911746799766267
1,100,0.3,0.1,-2.641146231164421,-0.8370231239280248,0.02458054311937985
2,100,0.3,0.1,-2.0273623935716363,-0.5949102141023015,0.03974248451690024
0,100,0.1,0.0,-4.774731723187177,-2.002431945847013,0.00012510379313393266
1,100,0.1,0.0,-4.170538830604336,-1.6124854662308667,0.0001602562528526889
2,100,0.1,0.0,-3.969960959107566,-1.494572301890206,1.7124171262760095e-06
0,100,0.1,0.1,0.32212014586944104,0.07148700686432896,0.03943641779015613
1,100,0.1,0.1,-0.456855372815563,-0.11092703908449075,0.0018330598123372157
2,100,0.1,0.1,-1.563541946902813,-0.4333564157608414,1.9469513190285186
0,100,0.1,0.2,-1.7168241884101973,-0.48484943768845556,0.0456935729923593
1,100,0.1,0.2,-3.0440118732332473,-1.015585323252553,0.025663751365598047
2,100,0.1,0.2,-0.041110538893085045,-0.009510996171147257,0.038262117997979996
0,50,0.1,0.1,10.89221428890053,0.9185710994302122,0.0005435999720505373
1,50,0.1,0.1,-1.365779769587867,-0.36955026712662953,9.52536994777249e-05
2,50,0.1,0.1,-1.6485181753538736,-0.46167836071025947,0.015697429360043025
0,100,0.1,0.1,-4.439074777535975,-1.7791211397606044,1.441117800144993
1,100,0.1,0.1,-2.8169936914017235,-0.9129312817402138,0.19206590652099553
2,100,0.1,0.1,-1.4792703598403103,-0.40581131975517026,3.094463149048244
0,200,0.1,0.1,-1.054229397576736,-0.2747438921679226,0.345649537243963
1,200,0.1,0.1,-2.7080007316129984,-0.8655207033664081,17.805778068487328
2,200,0.1,0.1,16.234153722721658,0.9761995796317998,2.4188305641916292
0,100,0.0,0.1,-0.6107966445466781,-0.1510115044390612,0.0001377001930019299
1,100,0.0,0.1,-2.548734126243807,-0.798346659873308,0.14895821263253334
2,100,0.0,0.1,8.286636952160523,0.851633345214744,2.555076111171851
0,100,0.1,0.1,-3.5644669745591506,-1.2722007426806923,1.0961585572654546
1,100,0.1,0.1,2.7408972515145673,0.46800166283579947,0.09475754817501285
2,100,0.1,0.1,19.802247335138553,0.9895341316733305,0.32433220061891177
0,100,0.2,0.1,1.052068973903119,0.2151383616478869,0.0006007576246413578
1,100,0.2,0.1,-3.205830421822451,-1.092102903393401,4.984973597907292
2,100,0.2,0.1,-1.3653808429691185,-0.36942447115454824,0.00022260932258492635
0,100,0.3,0.1,12.767067073367752,0.9471197752066668,0.034264378786345334
1,100,0.3,0.1,-1.0280398831876167,-0.2670798611012135,0.05764910468499119
2,100,0.3,0.1,-1.6312700614947206,-0.45588478086875805,0.028640878353151992
0,100,0.1,0.0,-4.0060071224933615,-1.5153632543926112,7.756980632580051e-05
1,100,0.1,0.0,-4.119247433702072,-1.581812762976965,0.00025148300433135677
2,100,0.1,0.0,-2.504202926047739,-0.7800011898075168,8.841038486210424e-05
0,100,0.1,0.1,-0.24903609070151114,-0.059018651682519074,0.06398937327141124
1,100,0.1,0.1,4.6835770576914895,0.6598720713799239,0.016449335725298525
2,100,0.1,0.1,-4.1018060091802395,-1.5714649015180608,0.943618558033873
0,100,0.1,0.2,-2.525866063164923,-0.7889022335848646,0.013297306311478399
1,100,0.1,0.2,1.0565405660758302,0.21594605669205058,0.17465030474478577
2,100,0.1,0.2,-1.3776963128639061,-0.373313316560842,0.021756157078568535
0,50,0.1,0.1,-2.6232536762956613,-0.8294703175928628,0.06231266561533415
1,50,0.1,0.1,0.7099268271579608,0.1508052172819594,3.1112693662177045e-05
2,50,0.1,0.1,-1.75673292613551,-0.49855708949375543,0.0010865182002511016
0,100,0.1,0.1,-5.233343488268998,-2.336832054655902,0.45917997201538613
1,100,0.1,0.1,-3.508016395959857,-1.2428572833332052,3.2264088164434552
2,100,0.1,0.1,2.9046529988168226,0.48768779763847503,0.18691763989197363
0,200,0.1,0.1,-2.562494722985752,-0.804053748025455,3.0179289568796435
1,200,0.1,0.1,-0.9768296763037526,-0.25222672320491446,2.587315390652464
2,200,0.1,0.1,17.999407593355862,0.9841489060278942,14.662948839435018
0,100,0.0,0.1,4.548814380961722,0.6491523581096933,1.2659555127445804e-07
1,100,0.0,0.1,-1.2196817045803483,-0.3242444774572155,0.28444247175336845
2,100,0.0,0.1,4.677056498150649,0.6593610148796034,2.73508767922348
0,100,0.1,0.1,-5.5497976206533295,-2.5890520942807673,0.001219228190612572
1,100,0.1,0.1,1.8472432850571499,0.34645473650804726,0.0009103689183921804
2,100,0.1,0.1,2.1576805304211324,0.391540120687385,1.7156020042930775
0,100,0.2,0.1,-1.7525677095304268,-0.4971205474928151,0.003186379320060953
1,100,0.2,0.1,3.6978603823637335,0.5732102685503958,0.9345882619726107
2,100,0.2,0.1,2.628411706334686,0.4540425088614687,0.3600016241326648
0,100,0.3,0.1,1.3380310932001973,0.2651530589442388,0.007284539616028453
1,100,0.3,0.1,2.778919260716928,0.4726389214079457,0.09407035198306973
2,100,0.3,0.1,-1.4662253253436042,-0.4015949773903442,0.001376202520480748
0,100,0.1,0.0,-4.976349575715069,-2.1451036134313237,1.4607351361184133e-05
1,100,0.1,0.0,-4.364747233132225,-1.7319624343326234,0.00015602920953709543
2,100,0.1,0.0,-2.128553584115555,-0.6325081512134971,1.6078629372542727e-05
0,100,0.1,0.1,-2.9453746705715105,-0.9703231818078839,0.5257894729009517
1,100,0.1,0.1,2.619674666089301,0.4529430581123539,0.013065973075135493
2,100,0.1,0.1,-1.0054384351412584,-0.26050288355097395,0.10186747444838112
0,100,0.1,0.2,-0.429217595460833,-0.10387973219980107,0.0025767140651052674
1,100,0.1,0.2,-2.1652240518477512,-0.6463508991242708,0.017264982281789583
2,100,0.1,0.2,3.927050960540834,0.5951492912150895,0.18343187944096412
0,50,0.1,0.1,-1.4682585780531898,-0.40225132097941163,0.000685970713075894
1,50,0.1,0.1,-1.0071488661084973,-0.2609994193978351,6.166223387853678e-05
2,50,0.1,0.1,0.9728418169776791,0.20068894737202825,0.6351716753815397
0,100,0.1,0.1,-2.7902579826069953,-0.9011912124422157,0.042834154539129955
1,100,0.1,0.1,-3.537422490340168,-1.2580952075524183,5.658804611911364
2,100,0.1,0.1,-1.0070889331238528,-0.2609820176254163,0.5908031297910836
0,200,0.1,0.1,-3.9757418567318004,-1.497895040209277,25.27762909276312
1,200,0.1,0.1,0.7510932579478498,0.15881663773368482,4.984609788982432
2,200,0.1,0.1,3.2470229610775965,0.5265242900797306,4.341936271291842
0,100,0.0,0.1,-4.638697056509985,-1.9098439936696923,0.32353402934521525
1,100,0.0,0.1,-4.197137039438548,-1.6285346353131223,0.4395820912735725
2,100,0.0,0.1,8.694877585678032,0.864944510467262,20.447960309212405
0,100,0.1,0.1,-4.781073051081943,-2.00681913314865,4.476304889773676
1,100,0.1,0.1,-1.6958874699692739,-0.4777084167773964,0.011506117010515446
2,100,0.1,0.1,-2.194178448638806,-0.6573637850250083,0.25896274123664337
0,100,0.2,0.1,-3.5567383639702967,-1.2681607792069696,0.40690828900549025
1,100,0.2,0.1,-3.688667768071679,-1.3381198922702127,0.0011607450825273469
2,100,0.2,0.1,5.325417344428254,0.7066012457303286,0.006133490372819412
0,100,0.3,0.1,-1.43780737907358,-0.3924536179145921,0.00017618336917981246
1,100,0.3,0.1,6.088322516845926,0.753868188357012,0.04681797145032844
2,100,0.3,0.1,-4.662691403085221,-1.925965090686335,0.0028333987176521903
0,100,0.1,0.0,-4.582553396161581,-1.8724689284628466,0.00012770065939349674
1,100,0.1,0.0,-3.4321147667938545,-1.203999423997367,8.341603923412542e-05
2,100,0.1,0.0,-3.269545695526565,-1.1230223663837475,1.5361452667029224e-05
0,100,0.1,0.1,-5.134574673050852,-2.261801043327625,13.783579695928168
1,100,0.1,0.1,-2.778311731924106,-0.8959687426671568,1.2573994295517097
2,100,0.1,0.1,12.972955109742465,0.9495681976945993,0.5895032576678987
0,100,0.1,0.2,-3.2132755836780125,-1.0956924961963566,0.4557591249308005
1,100,0.1,0.2,-0.9639422436993393,-0.24851632218072472,0.018670735261916503
2,100,0.1,0.2,10.359907583001956,0.9079530841055439,12.675322900485272
nonstationary level,time series length,observation noise,process noise,evidence,significance_level,bayes factor error
0,50,0.1,0.1,nan,nan,nan
1,50,0.1,0.1,nan,nan,nan
2,50,0.1,0.1,nan,nan,nan
0,100,0.1,0.1,nan,nan,nan
1,100,0.1,0.1,nan,nan,nan
2,100,0.1,0.1,nan,nan,nan
0,200,0.1,0.1,nan,nan,nan
1,200,0.1,0.1,-10.77672872178806,-10.958394383068715,nan
2,200,0.1,0.1,nan,nan,nan
0,100,0.0,0.1,nan,nan,nan
1,100,0.0,0.1,10.061446872395837,0.9014049043267705,nan
2,100,0.0,0.1,nan,nan,nan
0,100,0.1,0.1,nan,nan,nan
1,100,0.1,0.1,nan,nan,nan
2,100,0.1,0.1,nan,nan,nan
0,100,0.2,0.1,nan,nan,nan
1,100,0.2,0.1,nan,nan,nan
2,100,0.2,0.1,nan,nan,nan
0,100,0.3,0.1,nan,nan,nan
1,100,0.3,0.1,nan,nan,nan
2,100,0.3,0.1,nan,nan,nan
0,100,0.1,0.0,nan,nan,nan
1,100,0.1,0.0,nan,nan,nan
2,100,0.1,0.0,nan,nan,nan
0,100,0.1,0.1,nan,nan,nan
1,100,0.1,0.1,nan,nan,nan
2,100,0.1,0.1,nan,nan,nan
0,100,0.1,0.2,-9.326268254879759,-7.5630173799184455,nan
1,100,0.1,0.2,nan,nan,nan
2,100,0.1,0.2,nan,nan,nan
0,50,0.1,0.1,nan,nan,nan
1,50,0.1,0.1,nan,nan,nan
2,50,0.1,0.1,nan,nan,nan
0,100,0.1,0.1,nan,nan,nan
1,100,0.1,0.1,nan,nan,nan
2,100,0.1,0.1,nan,nan,nan
0,200,0.1,0.1,nan,nan,nan
1,200,0.1,0.1,nan,nan,nan
2,200,0.1,0.1,nan,nan,nan
0,100,0.0,0.1,nan,nan,nan
1,100,0.0,0.1,nan,nan,nan
2,100,0.0,0.1,18.55991733185296,0.9860681667800084,nan
0,100,0.1,0.1,nan,nan,nan
1,100,0.1,0.1,nan,nan,nan
2,100,0.1,0.1,nan,nan,nan
0,100,0.2,0.1,nan,nan,nan
1,100,0.2,0.1,-10.462210824302268,-10.122978107399728,nan
2,100,0.2,0.1,nan,nan,nan
0,100,0.3,0.1,nan,nan,nan
1,100,0.3,0.1,nan,nan,nan
2,100,0.3,0.1,nan,nan,nan
0,100,0.1,0.0,nan,nan,nan
1,100,0.1,0.0,nan,nan,nan
2,100,0.1,0.0,nan,nan,nan
0,100,0.1,0.1,nan,nan,nan
1,100,0.1,0.1,nan,nan,nan
2,100,0.1,0.1,nan,nan,nan
0,100,0.1,0.2,nan,nan,nan
1,100,0.1,0.2,nan,nan,nan
2,100,0.1,0.2,nan,nan,nan
0,50,0.1,0.1,nan,nan,nan
1,50,0.1,0.1,nan,nan,nan
2,50,0.1,0.1,nan,nan,nan
0,100,0.1,0.1,nan,nan,nan
1,100,0.1,0.1,nan,nan,nan
2,100,0.1,0.1,nan,nan,nan
0,200,0.1,0.1,nan,nan,nan
1,200,0.1,0.1,nan,nan,nan
2,200,0.1,0.1,nan,nan,nan
0,100,0.0,0.1,nan,nan,nan
1,100,0.0,0.1,nan,nan,nan
2,100,0.0,0.1,nan,nan,nan
0,100,0.1,0.1,nan,nan,nan
1,100,0.1,0.1,nan,nan,nan
2,100,0.1,0.1,nan,nan,nan
0,100,0.2,0.1,nan,nan,nan
1,100,0.2,0.1,nan,nan,nan
2,100,0.2,0.1,nan,nan,nan
0,100,0.3,0.1,nan,nan,nan
1,100,0.3,0.1,nan,nan,nan
2,100,0.3,0.1,nan,nan,nan
0,100,0.1,0.0,nan,nan,nan
1,100,0.1,0.0,nan,nan,nan
2,100,0.1,0.0,nan,nan,nan
0,100,0.1,0.1,-2.0555963303962455,-0.6053126686845061,nan
1,100,0.1,0.1,nan,nan,nan
2,100,0.1,0.1,nan,nan,nan
0,100,0.1,0.2,nan,nan,nan
1,100,0.1,0.2,nan,nan,nan
2,100,0.1,0.2,nan,nan,nan
0,50,0.1,0.1,nan,nan,nan
1,50,0.1,0.1,nan,nan,nan
2,50,0.1,0.1,nan,nan,nan
0,100,0.1,0.1,nan,nan,nan
1,100,0.1,0.1,nan,nan,nan
2,100,0.1,0.1,nan,nan,nan
0,200,0.1,0.1,-10.78720794224451,-10.987283988087675,nan
1,200,0.1,0.1,nan,nan,nan
2,200,0.1,0.1,nan,nan,nan
0,100,0.0,0.1,nan,nan,nan
1,100,0.0,0.1,nan,nan,nan
2,100,0.0,0.1,nan,nan,nan
0,100,0.1,0.1,nan,nan,nan
1,100,0.1,0.1,nan,nan,nan
2,100,0.1,0.1,nan,nan,nan
0,100,0.2,0.1,nan,nan,nan
1,100,0.2,0.1,nan,nan,nan
2,100,0.2,0.1,nan,nan,nan
0,100,0.3,0.1,nan,nan,nan
1,100,0.3,0.1,nan,nan,nan
2,100,0.3,0.1,nan,nan,nan
0,100,0.1,0.0,nan,nan,nan
1,100,0.1,0.0,nan,nan,nan
2,100,0.1,0.0,nan,nan,nan
0,100,0.1,0.1,nan,nan,nan
1,100,0.1,0.1,nan,nan,nan
2,100,0.1,0.1,nan,nan,nan
0,100,0.1,0.2,nan,nan,nan
1,100,0.1,0.2,-8.476193977325623,-6.0407576826247436,nan
2,100,0.1,0.2,nan,nan,nan
0,50,0.1,0.1,nan,nan,nan
1,50,0.1,0.1,nan,nan,nan
2,50,0.1,0.1,nan,nan,nan
0,100,0.1,0.1,nan,nan,nan
1,100,0.1,0.1,nan,nan,nan
2,100,0.1,0.1,nan,nan,nan
0,200,0.1,0.1,nan,nan,nan
1,200,0.1,0.1,-10.78786370653841,-10.98909414839413,nan
2,200,0.1,0.1,nan,nan,nan
0,100,0.0,0.1,nan,nan,nan
1,100,0.0,0.1,-10.695896190049023,-10.737878749501062,nan
2,100,0.0,0.1,nan,nan,nan
0,100,0.1,0.1,nan,nan,nan
1,100,0.1,0.1,nan,nan,nan
2,100,0.1,0.1,nan,nan,nan
0,100,0.2,0.1,nan,nan,nan
1,100,0.2,0.1,nan,nan,nan
2,100,0.2,0.1,nan,nan,nan
0,100,0.3,0.1,nan,nan,nan
1,100,0.3,0.1,nan,nan,nan
2,100,0.3,0.1,nan,nan,nan
0,100,0.1,0.0,nan,nan,nan
1,100,0.1,0.0,nan,nan,nan
2,100,0.1,0.0,nan,nan,nan
0,100,0.1,0.1,nan,nan,nan
1,100,0.1,0.1,nan,nan,nan
2,100,0.1,0.1,nan,nan,nan
0,100,0.1,0.2,nan,nan,nan
1,100,0.1,0.2,nan,nan,nan
2,100,0.1,0.2,nan,nan,nan
0,50,0.1,0.1,nan,nan,nan
1,50,0.1,0.1,nan,nan,nan
2,50,0.1,0.1,nan,nan,nan
0,100,0.1,0.1,nan,nan,nan
1,100,0.1,0.1,nan,nan,nan
2,100,0.1,0.1,nan,nan,nan
0,200,0.1,0.1,nan,nan,nan
1,200,0.1,0.1,nan,nan,nan
2,200,0.1,0.1,nan,nan,nan
0,100,0.0,0.1,nan,nan,nan
1,100,0.0,0.1,nan,nan,nan
2,100,0.0,0.1,nan,nan,nan
0,100,0.1,0.1,nan,nan,nan
1,100,0.1,0.1,nan,nan,nan
2,100,0.1,0.1,nan,nan,nan
0,100,0.2,0.1,nan,nan,nan
1,100,0.2,0.1,nan,nan,nan
2,100,0.2,0.1,nan,nan,nan
0,100,0.3,0.1,nan,nan,nan
1,100,0.3,0.1,nan,nan,nan
2,100,0.3,0.1,nan,nan,nan
0,100,0.1,0.0,nan,nan,nan
1,100,0.1,0.0,nan,nan,nan
2,100,0.1,0.0,nan,nan,nan
0,100,0.1,0.1,nan,nan,nan
1,100,0.1,0.1,nan,nan,nan
2,100,0.1,0.1,nan,nan,nan
0,100,0.1,0.2,nan,nan,nan
1,100,0.1,0.2,-8.385284093103746,-5.894906946292708,nan
2,100,0.1,0.2,nan,nan,nan
0,50,0.1,0.1,nan,nan,nan
1,50,0.1,0.1,nan,nan,nan
2,50,0.1,0.1,nan,nan,nan
0,100,0.1,0.1,nan,nan,nan
1,100,0.1,0.1,18.77815710031866,0.9867509637005156,nan
2,100,0.1,0.1,nan,nan,nan
0,200,0.1,0.1,nan,nan,nan
1,200,0.1,0.1,nan,nan,nan
2,200,0.1,0.1,nan,nan,nan
0,100,0.0,0.1,57.39513644368629,0.999998178260162,nan
1,100,0.0,0.1,nan,nan,nan
2,100,0.0,0.1,nan,nan,nan
0,100,0.1,0.1,nan,nan,nan
1,100,0.1,0.1,nan,nan,nan
2,100,0.1,0.1,nan,nan,nan
0,100,0.2,0.1,nan,nan,nan
1,100,0.2,0.1,nan,nan,nan
2,100,0.2,0.1,nan,nan,nan
0,100,0.3,0.1,nan,nan,nan
1,100,0.3,0.1,nan,nan,nan
2,100,0.3,0.1,nan,nan,nan
0,100,0.1,0.0,nan,nan,nan
1,100,0.1,0.0,nan,nan,nan
2,100,0.1,0.0,nan,nan,nan
0,100,0.1,0.1,nan,nan,nan
1,100,0.1,0.1,nan,nan,nan
2,100,0.1,0.1,nan,nan,nan
0,100,0.1,0.2,nan,nan,nan
1,100,0.1,0.2,nan,nan,nan
2,100,0.1,0.2,nan,nan,nan
0,50,0.1,0.1,nan,nan,nan
1,50,0.1,0.1,nan,nan,nan
2,50,0.1,0.1,nan,nan,nan
0,100,0.1,0.1,nan,nan,nan
1,100,0.1,0.1,nan,nan,nan
2,100,0.1,0.1,nan,nan,nan
0,200,0.1,0.1,nan,nan,nan
1,200,0.1,0.1,nan,nan,nan
2,200,0.1,0.1,nan,nan,nan
0,100,0.0,0.1,nan,nan,nan
1,100,0.0,0.1,nan,nan,nan
2,100,0.0,0.1,nan,nan,nan
0,100,0.1,0.1,nan,nan,nan
1,100,0.1,0.1,nan,nan,nan
2,100,0.1,0.1,nan,nan,nan
0,100,0.2,0.1,nan,nan,nan
1,100,0.2,0.1,nan,nan,nan
2,100,0.2,0.1,nan,nan,nan
0,100,0.3,0.1,nan,nan,nan
1,100,0.3,0.1,nan,nan,nan
2,100,0.3,0.1,nan,nan,nan
0,100,0.1,0.0,nan,nan,nan
1,100,0.1,0.0,nan,nan,nan
2,100,0.1,0.0,nan,nan,nan
0,100,0.1,0.1,nan,nan,nan
1,100,0.1,0.1,nan,nan,nan
2,100,0.1,0.1,nan,nan,nan
0,100,0.1,0.2,nan,nan,nan
1,100,0.1,0.2,nan,nan,nan
2,100,0.1,0.2,nan,nan,nan
0,50,0.1,0.1,nan,nan,nan
1,50,0.1,0.1,nan,nan,nan
2,50,0.1,0.1,nan,nan,nan
0,100,0.1,0.1,nan,nan,nan
1,100,0.1,0.1,nan,nan,nan
2,100,0.1,0.1,nan,nan,nan
0,200,0.1,0.1,nan,nan,nan
1,200,0.1,0.1,nan,nan,nan
2,200,0.1,0.1,nan,nan,nan
0,100,0.0,0.1,nan,nan,nan
1,100,0.0,0.1,nan,nan,nan
2,100,0.0,0.1,nan,nan,nan
0,100,0.1,0.1,nan,nan,nan
1,100,0.1,0.1,nan,nan,nan
2,100,0.1,0.1,nan,nan,nan
0,100,0.2,0.1,nan,nan,nan
1,100,0.2,0.1,nan,nan,nan
2,100,0.2,0.1,nan,nan,nan
0,100,0.3,0.1,nan,nan,nan
1,100,0.3,0.1,nan,nan,nan
2,100,0.3,0.1,nan,nan,nan
0,100,0.1,0.0,nan,nan,nan
1,100,0.1,0.0,nan,nan,nan
2,100,0.1,0.0,-9.504608644534397,-7.921972174633078,nan
0,100,0.1,0.1,nan,nan,nan
1,100,0.1,0.1,nan,nan,nan
2,100,0.1,0.1,nan,nan,nan
0,100,0.1,0.2,nan,nan,nan
1,100,0.1,0.2,nan,nan,nan
2,100,0.1,0.2,nan,nan,nan
0,50,0.1,0.1,nan,nan,nan
1,50,0.1,0.1,nan,nan,nan
2,50,0.1,0.1,nan,nan,nan
0,100,0.1,0.1,nan,nan,nan
1,100,0.1,0.1,nan,nan,nan
2,100,0.1,0.1,nan,nan,nan
0,200,0.1,0.1,nan,nan,nan
1,200,0.1,0.1,-10.784753884525735,-10.980512274848511,nan
2,200,0.1,0.1,nan,nan,nan
0,100,0.0,0.1,nan,nan,nan
1,100,0.0,0.1,nan,nan,nan
2,100,0.0,0.1,nan,nan,nan
0,100,0.1,0.1,nan,nan,nan
1,100,0.1,0.1,11.296079623379715,0.9258020275761878,nan
2,100,0.1,0.1,nan,nan,nan
0,100,0.2,0.1,nan,nan,nan
1,100,0.2,0.1,nan,nan,nan
2,100,0.2,0.1,nan,nan,nan
0,100,0.3,0.1,nan,nan,nan
1,100,0.3,0.1,nan,nan,nan
2,100,0.3,0.1,nan,nan,nan
0,100,0.1,0.0,nan,nan,nan
1,100,0.1,0.0,nan,nan,nan
2,100,0.1,0.0,nan,nan,nan
0,100,0.1,0.1,nan,nan,nan
1,100,0.1,0.1,21.997543355979268,0.9936868564521124,nan
2,100,0.1,0.1,nan,nan,nan
0,100,0.1,0.2,nan,nan,nan
1,100,0.1,0.2,nan,nan,nan
2,100,0.1,0.2,nan,nan,nan
0,50,0.1,0.1,nan,nan,nan
1,50,0.1,0.1,nan,nan,nan
2,50,0.1,0.1,nan,nan,nan
0,100,0.1,0.1,nan,nan,nan
1,100,0.1,0.1,nan,nan,nan
2,100,0.1,0.1,nan,nan,nan
0,200,0.1,0.1,nan,nan,nan
1,200,0.1,0.1,nan,nan,nan
2,200,0.1,0.1,nan,nan,nan
0,100,0.0,0.1,nan,nan,nan
1,100,0.0,0.1,nan,nan,nan
2,100,0.0,0.1,nan,nan,nan
0,100,0.1,0.1,nan,nan,nan
1,100,0.1,0.1,nan,nan,nan
2,100,0.1,0.1,nan,nan,nan
0,100,0.2,0.1,nan,nan,nan
1,100,0.2,0.1,nan,nan,nan
2,100,0.2,0.1,nan,nan,nan
0,100,0.3,0.1,nan,nan,nan
1,100,0.3,0.1,nan,nan,nan
2,100,0.3,0.1,nan,nan,nan
0,100,0.1,0.0,nan,nan,nan
1,100,0.1,0.0,nan,nan,nan
2,100,0.1,0.0,nan,nan,nan
0,100,0.1,0.1,nan,nan,nan
1,100,0.1,0.1,nan,nan,nan
2,100,0.1,0.1,nan,nan,nan
0,100,0.1,0.2,nan,nan,nan
1,100,0.1,0.2,nan,nan,nan
2,100,0.1,0.2,nan,nan,nan
0,50,0.1,0.1,nan,nan,nan
1,50,0.1,0.1,nan,nan,nan
2,50,0.1,0.1,nan,nan,nan
0,100,0.1,0.1,nan,nan,nan
1,100,0.1,0.1,nan,nan,nan
2,100,0.1,0.1,nan,nan,nan
0,200,0.1,0.1,nan,nan,nan
1,200,0.1,0.1,nan,nan,nan
2,200,0.1,0.1,nan,nan,nan
0,100,0.0,0.1,nan,nan,nan
1,100,0.0,0.1,nan,nan,nan
2,100,0.0,0.1,nan,nan,nan
0,100,0.1,0.1,nan,nan,nan
1,100,0.1,0.1,nan,nan,nan
2,100,0.1,0.1,nan,nan,nan
0,100,0.2,0.1,nan,nan,nan
1,100,0.2,0.1,nan,nan,nan
2,100,0.2,0.1,nan,nan,nan
0,100,0.3,0.1,nan,nan,nan
1,100,0.3,0.1,nan,nan,nan
2,100,0.3,0.1,nan,nan,nan
0,100,0.1,0.0,nan,nan,nan
1,100,0.1,0.0,nan,nan,nan
2,100,0.1,0.0,nan,nan,nan
0,100,0.1,0.1,nan,nan,nan
1,100,0.1,0.1,nan,nan,nan
2,100,0.1,0.1,nan,nan,nan
0,100,0.1,0.2,nan,nan,nan
1,100,0.1,0.2,nan,nan,nan
2,100,0.1,0.2,nan,nan,nan
0,50,0.1,0.1,nan,nan,nan
1,50,0.1,0.1,nan,nan,nan
2,50,0.1,0.1,nan,nan,nan
0,100,0.1,0.1,nan,nan,nan
1,100,0.1,0.1,nan,nan,nan
2,100,0.1,0.1,nan,nan,nan
0,200,0.1,0.1,nan,nan,nan
1,200,0.1,0.1,nan,nan,nan
2,200,0.1,0.1,nan,nan,nan
0,100,0.0,0.1,4.070537549022201,0.6083066078350341,nan
1,100,0.0,0.1,nan,nan,nan
2,100,0.0,0.1,nan,nan,nan
0,100,0.1,0.1,nan,nan,nan
1,100,0.1,0.1,nan,nan,nan
2,100,0.1,0.1,nan,nan,nan
0,100,0.2,0.1,nan,nan,nan
1,100,0.2,0.1,nan,nan,nan
2,100,0.2,0.1,nan,nan,nan
0,100,0.3,0.1,nan,nan,nan
1,100,0.3,0.1,nan,nan,nan
2,100,0.3,0.1,nan,nan,nan
0,100,0.1,0.0,nan,nan,nan
1,100,0.1,0.0,nan,nan,nan
2,100,0.1,0.0,nan,nan,nan
0,100,0.1,0.1,nan,nan,nan
1,100,0.1,0.1,nan,nan,nan
2,100,0.1,0.1,nan,nan,nan
0,100,0.1,0.2,nan,nan,nan
1,100,0.1,0.2,nan,nan,nan
2,100,0.1,0.2,nan,nan,nan
0,50,0.1,0.1,nan,nan,nan
1,50,0.1,0.1,nan,nan,nan
2,50,0.1,0.1,nan,nan,nan
0,100,0.1,0.1,nan,nan,nan
1,100,0.1,0.1,nan,nan,nan
2,100,0.1,0.1,nan,nan,nan
0,200,0.1,0.1,nan,nan,nan
1,200,0.1,0.1,nan,nan,nan
2,200,0.1,0.1,nan,nan,nan
0,100,0.0,0.1,nan,nan,nan
1,100,0.0,0.1,-10.291911829774625,-9.695255968962663,nan
2,100,0.0,0.1,nan,nan,nan
0,100,0.1,0.1,nan,nan,nan
1,100,0.1,0.1,-10.578414375144046,-10.424611419414461,nan
2,100,0.1,0.1,nan,nan,nan
0,100,0.2,0.1,nan,nan,nan
1,100,0.2,0.1,nan,nan,nan
2,100,0.2,0.1,nan,nan,nan
0,100,0.3,0.1,nan,nan,nan
1,100,0.3,0.1,nan,nan,nan
2,100,0.3,0.1,nan,nan,nan
0,100,0.1,0.0,nan,nan,nan
1,100,0.1,0.0,nan,nan,nan
2,100,0.1,0.0,nan,nan,nan
0,100,0.1,0.1,nan,nan,nan
1,100,0.1,0.1,nan,nan,nan
2,100,0.1,0.1,nan,nan,nan
0,100,0.1,0.2,nan,nan,nan
1,100,0.1,0.2,nan,nan,nan
2,100,0.1,0.2,nan,nan,nan
0,50,0.1,0.1,nan,nan,nan
1,50,0.1,0.1,nan,nan,nan
2,50,0.1,0.1,nan,nan,nan
0,100,0.1,0.1,nan,nan,nan
1,100,0.1,0.1,nan,nan,nan
2,100,0.1,0.1,nan,nan,nan
0,200,0.1,0.1,nan,nan,nan
1,200,0.1,0.1,nan,nan,nan
2,200,0.1,0.1,nan,nan,nan
0,100,0.0,0.1,nan,nan,nan
1,100,0.0,0.1,nan,nan,nan
2,100,0.0,0.1,nan,nan,nan
0,100,0.1,0.1,nan,nan,nan
1,100,0.1,0.1,nan,nan,nan
2,100,0.1,0.1,nan,nan,nan
0,100,0.2,0.1,nan,nan,nan
1,100,0.2,0.1,nan,nan,nan
2,100,0.2,0.1,nan,nan,nan
0,100,0.3,0.1,nan,nan,nan
1,100,0.3,0.1,nan,nan,nan
2,100,0.3,0.1,nan,nan,nan
0,100,0.1,0.0,nan,nan,nan
1,100,0.1,0.0,nan,nan,nan
2,100,0.1,0.0,nan,nan,nan
0,100,0.1,0.1,nan,nan,nan
1,100,0.1,0.1,nan,nan,nan
2,100,0.1,0.1,nan,nan,nan
0,100,0.1,0.2,nan,nan,nan
1,100,0.1,0.2,nan,nan,nan
2,100,0.1,0.2,nan,nan,nan
0,50,0.1,0.1,nan,nan,nan
1,50,0.1,0.1,nan,nan,nan
2,50,0.1,0.1,nan,nan,nan
0,100,0.1,0.1,nan,nan,nan
1,100,0.1,0.1,nan,nan,nan
2,100,0.1,0.1,nan,nan,nan
0,200,0.1,0.1,nan,nan,nan
1,200,0.1,0.1,nan,nan,nan
2,200,0.1,0.1,51.91840317665347,0.9999935707593443,nan
0,100,0.0,0.1,nan,nan,nan
1,100,0.0,0.1,nan,nan,nan
2,100,0.0,0.1,nan,nan,nan
0,100,0.1,0.1,nan,nan,nan
1,100,0.1,0.1,3.260451140782808,0.5279859936281321,nan
2,100,0.1,0.1,nan,nan,nan
0,100,0.2,0.1,nan,nan,nan
1,100,0.2,0.1,nan,nan,nan
2,100,0.2,0.1,nan,nan,nan
0,100,0.3,0.1,nan,nan,nan
1,100,0.3,0.1,nan,nan,nan
2,100,0.3,0.1,nan,nan,nan
0,100,0.1,0.0,nan,nan,nan
1,100,0.1,0.0,nan,nan,nan
2,100,0.1,0.0,nan,nan,nan
0,100,0.1,0.1,nan,nan,nan
1,100,0.1,0.1,nan,nan,nan
2,100,0.1,0.1,nan,nan,nan
0,100,0.1,0.2,nan,nan,nan
1,100,0.1,0.2,nan,nan,nan
2,100,0.1,0.2,nan,nan,nan
0,50,0.1,0.1,nan,nan,nan
1,50,0.1,0.1,nan,nan,nan
2,50,0.1,0.1,nan,nan,nan
0,100,0.1,0.1,nan,nan,nan
1,100,0.1,0.1,nan,nan,nan
2,100,0.1,0.1,nan,nan,nan
0,200,0.1,0.1,nan,nan,nan
1,200,0.1,0.1,-10.786440672420932,-10.985166376826099,nan
2,200,0.1,0.1,nan,nan,nan
0,100,0.0,0.1,nan,nan,nan
1,100,0.0,0.1,nan,nan,nan
2,100,0.0,0.1,nan,nan,nan
0,100,0.1,0.1,nan,nan,nan
1,100,0.1,0.1,nan,nan,nan
2,100,0.1,0.1,nan,nan,nan
0,100,0.2,0.1,nan,nan,nan
1,100,0.2,0.1,nan,nan,nan
2,100,0.2,0.1,nan,nan,nan
0,100,0.3,0.1,nan,nan,nan
1,100,0.3,0.1,nan,nan,nan
2,100,0.3,0.1,nan,nan,nan
0,100,0.1,0.0,nan,nan,nan
1,100,0.1,0.0,nan,nan,nan
2,100,0.1,0.0,nan,nan,nan
0,100,0.1,0.1,nan,nan,nan
1,100,0.1,0.1,nan,nan,nan
2,100,0.1,0.1,nan,nan,nan
0,100,0.1,0.2,nan,nan,nan
1,100,0.1,0.2,32.446435596008136,0.9994306800003724,nan
2,100,0.1,0.2,nan,nan,nan
0,50,0.1,0.1,nan,nan,nan
1,50,0.1,0.1,nan,nan,nan
2,50,0.1,0.1,nan,nan,nan
0,100,0.1,0.1,nan,nan,nan
1,100,0.1,0.1,nan,nan,nan
2,100,0.1,0.1,nan,nan,nan
0,200,0.1,0.1,nan,nan,nan
1,200,0.1,0.1,nan,nan,nan
2,200,0.1,0.1,nan,nan,nan
0,100,0.0,0.1,nan,nan,nan
1,100,0.0,0.1,nan,nan,nan
2,100,0.0,0.1,nan,nan,nan
0,100,0.1,0.1,nan,nan,nan
1,100,0.1,0.1,nan,nan,nan
2,100,0.1,0.1,nan,nan,nan
0,100,0.2,0.1,nan,nan,nan
1,100,0.2,0.1,nan,nan,nan
2,100,0.2,0.1,nan,nan,nan
0,100,0.3,0.1,nan,nan,nan
1,100,0.3,0.1,nan,nan,nan
2,100,0.3,0.1,nan,nan,nan
0,100,0.1,0.0,nan,nan,nan
1,100,0.1,0.0,nan,nan,nan
2,100,0.1,0.0,nan,nan,nan
0,100,0.1,0.1,nan,nan,nan
1,100,0.1,0.1,46.33567818593928,0.9999767495061773,nan
2,100,0.1,0.1,nan,nan,nan
0,100,0.1,0.2,nan,nan,nan
1,100,0.1,0.2,nan,nan,nan
2,100,0.1,0.2,nan,nan,nan
0,50,0.1,0.1,nan,nan,nan
1,50,0.1,0.1,nan,nan,nan
2,50,0.1,0.1,nan,nan,nan
0,100,0.1,0.1,nan,nan,nan
1,100,0.1,0.1,nan,nan,nan
2,100,0.1,0.1,nan,nan,nan
0,200,0.1,0.1,-6.696258138837764,-3.673323164145148,nan
1,200,0.1,0.1,nan,nan,nan
2,200,0.1,0.1,nan,nan,nan
0,100,0.0,0.1,-6.613435401756859,-3.5850443428865733,nan
1,100,0.0,0.1,nan,nan,nan
2,100,0.0,0.1,nan,nan,nan
0,100,0.1,0.1,nan,nan,nan
1,100,0.1,0.1,nan,nan,nan
2,100,0.1,0.1,nan,nan,nan
0,100,0.2,0.1,nan,nan,nan
1,100,0.2,0.1,nan,nan,nan
2,100,0.2,0.1,nan,nan,nan
0,100,0.3,0.1,nan,nan,nan
1,100,0.3,0.1,nan,nan,nan
2,100,0.3,0.1,nan,nan,nan
0,100,0.1,0.0,nan,nan,nan
1,100,0.1,0.0,nan,nan,nan
2,100,0.1,0.0,nan,nan,nan
0,100,0.1,0.1,nan,nan,nan
1,100,0.1,0.1,nan,nan,nan
2,100,0.1,0.1,nan,nan,nan
0,100,0.1,0.2,nan,nan,nan
1,100,0.1,0.2,nan,nan,nan
2,100,0.1,0.2,nan,nan,nan
0,50,0.1,0.1,nan,nan,nan
1,50,0.1,0.1,nan,nan,nan
2,50,0.1,0.1,nan,nan,nan
0,100,0.1,0.1,nan,nan,nan
1,100,0.1,0.1,nan,nan,nan
2,100,0.1,0.1,nan,nan,nan
0,200,0.1,0.1,nan,nan,nan
1,200,0.1,0.1,nan,nan,nan
2,200,0.1,0.1,nan,nan,nan
0,100,0.0,0.1,nan,nan,nan
1,100,0.0,0.1,nan,nan,nan
2,100,0.0,0.1,nan,nan,nan
0,100,0.1,0.1,nan,nan,nan
1,100,0.1,0.1,nan,nan,nan
2,100,0.1,0.1,nan,nan,nan
0,100,0.2,0.1,nan,nan,nan
1,100,0.2,0.1,nan,nan,nan
2,100,0.2,0.1,nan,nan,nan
0,100,0.3,0.1,nan,nan,nan
1,100,0.3,0.1,nan,nan,nan
2,100,0.3,0.1,nan,nan,nan
0,100,0.1,0.0,nan,nan,nan
1,100,0.1,0.0,nan,nan,nan
2,100,0.1,0.0,nan,nan,nan
0,100,0.1,0.1,nan,nan,nan
1,100,0.1,0.1,nan,nan,nan
2,100,0.1,0.1,nan,nan,nan
0,100,0.1,0.2,nan,nan,nan
1,100,0.1,0.2,nan,nan,nan
2,100,0.1,0.2,nan,nan,nan
0,50,0.1,0.1,nan,nan,nan
1,50,0.1,0.1,nan,nan,nan
2,50,0.1,0.1,nan,nan,nan
0,100,0.1,0.1,nan,nan,nan
1,100,0.1,0.1,nan,nan,nan
2,100,0.1,0.1,nan,nan,nan
0,200,0.1,0.1,-8.341142577610839,-5.825182330286425,nan
1,200,0.1,0.1,nan,nan,nan
2,200,0.1,0.1,nan,nan,nan
0,100,0.0,0.1,nan,nan,nan
1,100,0.0,0.1,nan,nan,nan
2,100,0.0,0.1,nan,nan,nan
0,100,0.1,0.1,nan,nan,nan
1,100,0.1,0.1,-8.966466498279486,-6.88218547197986,nan
2,100,0.1,0.1,nan,nan,nan
0,100,0.2,0.1,nan,nan,nan
1,100,0.2,0.1,nan,nan,nan
2,100,0.2,0.1,nan,nan,nan
0,100,0.3,0.1,nan,nan,nan
1,100,0.3,0.1,nan,nan,nan
2,100,0.3,0.1,nan,nan,nan
0,100,0.1,0.0,nan,nan,nan
1,100,0.1,0.0,nan,nan,nan
2,100,0.1,0.0,nan,nan,nan
0,100,0.1,0.1,nan,nan,nan
1,100,0.1,0.1,-6.7868789762403186,-3.771862242121519,nan
2,100,0.1,0.1,nan,nan,nan
0,100,0.1,0.2,nan,nan,nan
1,100,0.1,0.2,nan,nan,nan
2,100,0.1,0.2,nan,nan,nan
0,50,0.1,0.1,nan,nan,nan
1,50,0.1,0.1,nan,nan,nan
2,50,0.1,0.1,nan,nan,nan
0,100,0.1,0.1,nan,nan,nan
1,100,0.1,0.1,nan,nan,nan
2,100,0.1,0.1,nan,nan,nan
0,200,0.1,0.1,nan,nan,nan
1,200,0.1,0.1,nan,nan,nan
2,200,0.1,0.1,nan,nan,nan
0,100,0.0,0.1,nan,nan,nan
1,100,0.0,0.1,-6.150051582818064,-3.121024137663804,nan
2,100,0.0,0.1,nan,nan,nan
0,100,0.1,0.1,nan,nan,nan
1,100,0.1,0.1,7.2215729507049184,0.8103980913374373,nan
2,100,0.1,0.1,nan,nan,nan
0,100,0.2,0.1,nan,nan,nan
1,100,0.2,0.1,nan,nan,nan
2,100,0.2,0.1,nan,nan,nan
0,100,0.3,0.1,nan,nan,nan
1,100,0.3,0.1,nan,nan,nan
2,100,0.3,0.1,nan,nan,nan
0,100,0.1,0.0,nan,nan,nan
1,100,0.1,0.0,nan,nan,nan
2,100,0.1,0.0,nan,nan,nan
0,100,0.1,0.1,nan,nan,nan
1,100,0.1,0.1,nan,nan,nan
2,100,0.1,0.1,15.042060402127309,0.9686820043258471,nan
0,100,0.1,0.2,nan,nan,nan
1,100,0.1,0.2,nan,nan,nan
2,100,0.1,0.2,nan,nan,nan
0,50,0.1,0.1,nan,nan,nan
1,50,0.1,0.1,nan,nan,nan
2,50,0.1,0.1,nan,nan,nan
0,100,0.1,0.1,nan,nan,nan
1,100,0.1,0.1,nan,nan,nan
2,100,0.1,0.1,nan,nan,nan
0,200,0.1,0.1,nan,nan,nan
1,200,0.1,0.1,nan,nan,nan
2,200,0.1,0.1,nan,nan,nan
0,100,0.0,0.1,nan,nan,nan
1,100,0.0,0.1,nan,nan,nan
2,100,0.0,0.1,nan,nan,nan
0,100,0.1,0.1,nan,nan,nan
1,100,0.1,0.1,nan,nan,nan
2,100,0.1,0.1,nan,nan,nan
0,100,0.2,0.1,nan,nan,nan
1,100,0.2,0.1,nan,nan,nan
2,100,0.2,0.1,nan,nan,nan
0,100,0.3,0.1,nan,nan,nan
1,100,0.3,0.1,nan,nan,nan
2,100,0.3,0.1,nan,nan,nan
0,100,0.1,0.0,nan,nan,nan
1,100,0.1,0.0,nan,nan,nan
2,100,0.1,0.0,nan,nan,nan
0,100,0.1,0.1,nan,nan,nan
1,100,0.1,0.1,nan,nan,nan
2,100,0.1,0.1,nan,nan,nan
0,100,0.1,0.2,nan,nan,nan
1,100,0.1,0.2,nan,nan,nan
2,100,0.1,0.2,nan,nan,nan
0,50,0.1,0.1,nan,nan,nan
1,50,0.1,0.1,nan,nan,nan
2,50,0.1,0.1,nan,nan,nan
0,100,0.1,0.1,nan,nan,nan
1,100,0.1,0.1,nan,nan,nan
2,100,0.1,0.1,nan,nan,nan
0,200,0.1,0.1,-10.439144641659645,-10.064058519719284,nan
1,200,0.1,0.1,nan,nan,nan
2,200,0.1,0.1,nan,nan,nan
0,100,0.0,0.1,nan,nan,nan
1,100,0.0,0.1,nan,nan,nan
2,100,0.0,0.1,nan,nan,nan
0,100,0.1,0.1,nan,nan,nan
1,100,0.1,0.1,nan,nan,nan
2,100,0.1,0.1,nan,nan,nan
0,100,0.2,0.1,nan,nan,nan
1,100,0.2,0.1,nan,nan,nan
2,100,0.2,0.1,nan,nan,nan
0,100,0.3,0.1,nan,nan,nan
1,100,0.3,0.1,nan,nan,nan
2,100,0.3,0.1,nan,nan,nan
0,100,0.1,0.0,nan,nan,nan
1,100,0.1,0.0,nan,nan,nan
2,100,0.1,0.0,nan,nan,nan
0,100,0.1,0.1,nan,nan,nan
1,100,0.1,0.1,nan,nan,nan
2,100,0.1,0.1,nan,nan,nan
0,100,0.1,0.2,nan,nan,nan
1,100,0.1,0.2,nan,nan,nan
2,100,0.1,0.2,nan,nan,nan
0,50,0.1,0.1,nan,nan,nan
1,50,0.1,0.1,nan,nan,nan
2,50,0.1,0.1,nan,nan,nan
0,100,0.1,0.1,nan,nan,nan
1,100,0.1,0.1,nan,nan,nan
2,100,0.1,0.1,nan,nan,nan
0,200,0.1,0.1,nan,nan,nan
1,200,0.1,0.1,nan,nan,nan
2,200,0.1,0.1,nan,nan,nan
0,100,0.0,0.1,nan,nan,nan
1,100,0.0,0.1,nan,nan,nan
2,100,0.0,0.1,nan,nan,nan
0,100,0.1,0.1,nan,nan,nan
1,100,0.1,0.1,-10.58227952134942,-10.434783652999167,nan
2,100,0.1,0.1,nan,nan,nan
0,100,0.2,0.1,nan,nan,nan
1,100,0.2,0.1,nan,nan,nan
2,100,0.2,0.1,nan,nan,nan
0,100,0.3,0.1,nan,nan,nan
1,100,0.3,0.1,nan,nan,nan
2,100,0.3,0.1,nan,nan,nan
0,100,0.1,0.0,nan,nan,nan
1,100,0.1,0.0,nan,nan,nan
2,100,0.1,0.0,nan,nan,nan
0,100,0.1,0.1,nan,nan,nan
1,100,0.1,0.1,nan,nan,nan
2,100,0.1,0.1,nan,nan,nan
0,100,0.1,0.2,nan,nan,nan
1,100,0.1,0.2,nan,nan,nan
2,100,0.1,0.2,nan,nan,nan
0,50,0.1,0.1,nan,nan,nan
1,50,0.1,0.1,nan,nan,nan
2,50,0.1,0.1,nan,nan,nan
0,100,0.1,0.1,nan,nan,nan
1,100,0.1,0.1,nan,nan,nan
2,100,0.1,0.1,nan,nan,nan
0,200,0.1,0.1,nan,nan,nan
1,200,0.1,0.1,7.083417790406255,0.8042696282488988,nan
2,200,0.1,0.1,nan,nan,nan
0,100,0.0,0.1,nan,nan,nan
1,100,0.0,0.1,nan,nan,nan
2,100,0.0,0.1,nan,nan,nan
0,100,0.1,0.1,nan,nan,nan
1,100,0.1,0.1,nan,nan,nan
2,100,0.1,0.1,nan,nan,nan
0,100,0.2,0.1,nan,nan,nan
1,100,0.2,0.1,nan,nan,nan
2,100,0.2,0.1,nan,nan,nan
0,100,0.3,0.1,nan,nan,nan
1,100,0.3,0.1,nan,nan,nan
2,100,0.3,0.1,nan,nan,nan
0,100,0.1,0.0,nan,nan,nan
1,100,0.1,0.0,nan,nan,nan
2,100,0.1,0.0,nan,nan,nan
0,100,0.1,0.1,nan,nan,nan
1,100,0.1,0.1,nan,nan,nan
2,100,0.1,0.1,nan,nan,nan
0,100,0.1,0.2,nan,nan,nan
1,100,0.1,0.2,nan,nan,nan
2,100,0.1,0.2,nan,nan,nan
0,50,0.1,0.1,nan,nan,nan
1,50,0.1,0.1,nan,nan,nan
2,50,0.1,0.1,nan,nan,nan
0,100,0.1,0.1,nan,nan,nan
1,100,0.1,0.1,nan,nan,nan
2,100,0.1,0.1,nan,nan,nan
0,200,0.1,0.1,-10.791684272165252,-10.999645807834478,nan
1,200,0.1,0.1,nan,nan,nan
2,200,0.1,0.1,70.36842736296342,0.9999999081334803,nan
0,100,0.0,0.1,nan,nan,nan
1,100,0.0,0.1,nan,nan,nan
2,100,0.0,0.1,nan,nan,nan
0,100,0.1,0.1,nan,nan,nan
1,100,0.1,0.1,nan,nan,nan
2,100,0.1,0.1,nan,nan,nan
0,100,0.2,0.1,nan,nan,nan
1,100,0.2,0.1,nan,nan,nan
2,100,0.2,0.1,nan,nan,nan
0,100,0.3,0.1,nan,nan,nan
1,100,0.3,0.1,nan,nan,nan
2,100,0.3,0.1,nan,nan,nan
0,100,0.1,0.0,nan,nan,nan
1,100,0.1,0.0,nan,nan,nan
2,100,0.1,0.0,nan,nan,nan
0,100,0.1,0.1,nan,nan,nan
1,100,0.1,0.1,nan,nan,nan
2,100,0.1,0.1,nan,nan,nan
0,100,0.1,0.2,nan,nan,nan
1,100,0.1,0.2,nan,nan,nan
2,100,0.1,0.2,nan,nan,nan
0,50,0.1,0.1,nan,nan,nan
1,50,0.1,0.1,nan,nan,nan
2,50,0.1,0.1,nan,nan,nan
0,100,0.1,0.1,nan,nan,nan
1,100,0.1,0.1,nan,nan,nan
2,100,0.1,0.1,nan,nan,nan
0,200,0.1,0.1,nan,nan,nan
1,200,0.1,0.1,nan,nan,nan
2,200,0.1,0.1,nan,nan,nan
0,100,0.0,0.1,nan,nan,nan
1,100,0.0,0.1,nan,nan,nan
2,100,0.0,0.1,nan,nan,nan
0,100,0.1,0.1,nan,nan,nan
1,100,0.1,0.1,nan,nan,nan
2,100,0.1,0.1,nan,nan,nan
0,100,0.2,0.1,nan,nan,nan
1,100,0.2,0.1,nan,nan,nan
2,100,0.2,0.1,nan,nan,nan
0,100,0.3,0.1,nan,nan,nan
1,100,0.3,0.1,nan,nan,nan
2,100,0.3,0.1,nan,nan,nan
0,100,0.1,0.0,nan,nan,nan
1,100,0.1,0.0,nan,nan,nan
2,100,0.1,0.0,nan,nan,nan
0,100,0.1,0.1,nan,nan,nan
1,100,0.1,0.1,nan,nan,nan
2,100,0.1,0.1,nan,nan,nan
0,100,0.1,0.2,nan,nan,nan
1,100,0.1,0.2,nan,nan,nan
2,100,0.1,0.2,nan,nan,nan
0,50,0.1,0.1,nan,nan,nan
1,50,0.1,0.1,nan,nan,nan
2,50,0.1,0.1,nan,nan,nan
0,100,0.1,0.1,nan,nan,nan
1,100,0.1,0.1,nan,nan,nan
2,100,0.1,0.1,nan,nan,nan
0,200,0.1,0.1,47.943378543899726,0.999983943083623,nan
1,200,0.1,0.1,-9.105255856799294,-7.138148038050657,nan
2,200,0.1,0.1,nan,nan,nan
0,100,0.0,0.1,nan,nan,nan
1,100,0.0,0.1,nan,nan,nan
2,100,0.0,0.1,nan,nan,nan
0,100,0.1,0.1,nan,nan,nan
1,100,0.1,0.1,nan,nan,nan
2,100,0.1,0.1,nan,nan,nan
0,100,0.2,0.1,nan,nan,nan
1,100,0.2,0.1,nan,nan,nan
2,100,0.2,0.1,nan,nan,nan
0,100,0.3,0.1,nan,nan,nan
1,100,0.3,0.1,nan,nan,nan
2,100,0.3,0.1,nan,nan,nan
0,100,0.1,0.0,nan,nan,nan
1,100,0.1,0.0,nan,nan,nan
2,100,0.1,0.0,nan,nan,nan
0,100,0.1,0.1,nan,nan,nan
1,100,0.1,0.1,nan,nan,nan
2,100,0.1,0.1,nan,nan,nan
0,100,0.1,0.2,nan,nan,nan
1,100,0.1,0.2,nan,nan,nan
2,100,0.1,0.2,nan,nan,nan
0,50,0.1,0.1,nan,nan,nan
1,50,0.1,0.1,nan,nan,nan
2,50,0.1,0.1,nan,nan,nan
0,100,0.1,0.1,nan,nan,nan
1,100,0.1,0.1,nan,nan,nan
2,100,0.1,0.1,nan,nan,nan
0,200,0.1,0.1,nan,nan,nan
1,200,0.1,0.1,nan,nan,nan
2,200,0.1,0.1,nan,nan,nan
0,100,0.0,0.1,nan,nan,nan
1,100,0.0,0.1,nan,nan,nan
2,100,0.0,0.1,nan,nan,nan
0,100,0.1,0.1,nan,nan,nan
1,100,0.1,0.1,nan,nan,nan
2,100,0.1,0.1,nan,nan,nan
0,100,0.2,0.1,nan,nan,nan
1,100,0.2,0.1,0.1858730626891597,0.04189591082853261,nan
2,100,0.2,0.1,nan,nan,nan
0,100,0.3,0.1,nan,nan,nan
1,100,0.3,0.1,nan,nan,nan
2,100,0.3,0.1,nan,nan,nan
0,100,0.1,0.0,nan,nan,nan
1,100,0.1,0.0,nan,nan,nan
2,100,0.1,0.0,nan,nan,nan
0,100,0.1,0.1,nan,nan,nan
1,100,0.1,0.1,nan,nan,nan
2,100,0.1,0.1,nan,nan,nan
0,100,0.1,0.2,nan,nan,nan
1,100,0.1,0.2,0.08294315615288407,0.018917149163733882,nan
2,100,0.1,0.2,nan,nan,nan
0,50,0.1,0.1,nan,nan,nan
1,50,0.1,0.1,nan,nan,nan
2,50,0.1,0.1,nan,nan,nan
0,100,0.1,0.1,nan,nan,nan
1,100,0.1,0.1,nan,nan,nan
2,100,0.1,0.1,nan,nan,nan
0,200,0.1,0.1,nan,nan,nan
1,200,0.1,0.1,-4.849648506850238,-2.054673875353347,nan
2,200,0.1,0.1,nan,nan,nan
0,100,0.0,0.1,nan,nan,nan
1,100,0.0,0.1,16.405760012797558,0.9771216869259691,nan
2,100,0.0,0.1,nan,nan,nan
0,100,0.1,0.1,nan,nan,nan
1,100,0.1,0.1,nan,nan,nan
2,100,0.1,0.1,nan,nan,nan
0,100,0.2,0.1,nan,nan,nan
1,100,0.2,0.1,nan,nan,nan
2,100,0.2,0.1,nan,nan,nan
0,100,0.3,0.1,nan,nan,nan
1,100,0.3,0.1,nan,nan,nan
2,100,0.3,0.1,nan,nan,nan
0,100,0.1,0.0,nan,nan,nan
1,100,0.1,0.0,nan,nan,nan
2,100,0.1,0.0,nan,nan,nan
0,100,0.1,0.1,nan,nan,nan
1,100,0.1,0.1,nan,nan,nan
2,100,0.1,0.1,nan,nan,nan
0,100,0.1,0.2,nan,nan,nan
1,100,0.1,0.2,nan,nan,nan
2,100,0.1,0.2,nan,nan,nan
0,50,0.1,0.1,nan,nan,nan
1,50,0.1,0.1,nan,nan,nan
2,50,0.1,0.1,nan,nan,nan
0,100,0.1,0.1,nan,nan,nan
1,100,0.1,0.1,nan,nan,nan
2,100,0.1,0.1,nan,nan,nan
0,200,0.1,0.1,nan,nan,nan
1,200,0.1,0.1,nan,nan,nan
2,200,0.1,0.1,nan,nan,nan
0,100,0.0,0.1,nan,nan,nan
1,100,0.0,0.1,nan,nan,nan
2,100,0.0,0.1,nan,nan,nan
0,100,0.1,0.1,nan,nan,nan
1,100,0.1,0.1,nan,nan,nan
2,100,0.1,0.1,nan,nan,nan
0,100,0.2,0.1,nan,nan,nan
1,100,0.2,0.1,nan,nan,nan
2,100,0.2,0.1,nan,nan,nan
0,100,0.3,0.1,nan,nan,nan
1,100,0.3,0.1,nan,nan,nan
2,100,0.3,0.1,nan,nan,nan
0,100,0.1,0.0,nan,nan,nan
1,100,0.1,0.0,nan,nan,nan
2,100,0.1,0.0,nan,nan,nan
0,100,0.1,0.1,nan,nan,nan
1,100,0.1,0.1,nan,nan,nan
2,100,0.1,0.1,nan,nan,nan
0,100,0.1,0.2,nan,nan,nan
1,100,0.1,0.2,nan,nan,nan
2,100,0.1,0.2,nan,nan,nan
0,50,0.1,0.1,nan,nan,nan
1,50,0.1,0.1,nan,nan,nan
2,50,0.1,0.1,nan,nan,nan
0,100,0.1,0.1,nan,nan,nan
1,100,0.1,0.1,nan,nan,nan
2,100,0.1,0.1,nan,nan,nan
0,200,0.1,0.1,nan,nan,nan
1,200,0.1,0.1,nan,nan,nan
2,200,0.1,0.1,nan,nan,nan
0,100,0.0,0.1,nan,nan,nan
1,100,0.0,0.1,nan,nan,nan
2,100,0.0,0.1,nan,nan,nan
0,100,0.1,0.1,nan,nan,nan
1,100,0.1,0.1,nan,nan,nan
2,100,0.1,0.1,nan,nan,nan
0,100,0.2,0.1,nan,nan,nan
1,100,0.2,0.1,nan,nan,nan
2,100,0.2,0.1,nan,nan,nan
0,100,0.3,0.1,nan,nan,nan
1,100,0.3,0.1,nan,nan,nan
2,100,0.3,0.1,nan,nan,nan
0,100,0.1,0.0,nan,nan,nan
1,100,0.1,0.0,nan,nan,nan
2,100,0.1,0.0,nan,nan,nan
0,100,0.1,0.1,nan,nan,nan
1,100,0.1,0.1,nan,nan,nan
2,100,0.1,0.1,nan,nan,nan
0,100,0.1,0.2,nan,nan,nan
1,100,0.1,0.2,nan,nan,nan
2,100,0.1,0.2,nan,nan,nan
0,50,0.1,0.1,nan,nan,nan
1,50,0.1,0.1,nan,nan,nan
2,50,0.1,0.1,nan,nan,nan
0,100,0.1,0.1,-9.058294673737203,-7.050622586433045,nan
1,100,0.1,0.1,nan,nan,nan
2,100,0.1,0.1,nan,nan,nan
0,200,0.1,0.1,nan,nan,nan
1,200,0.1,0.1,-10.790678365679504,-10.996866789385617,nan
2,200,0.1,0.1,nan,nan,nan
0,100,0.0,0.1,nan,nan,nan
1,100,0.0,0.1,nan,nan,nan
2,100,0.0,0.1,nan,nan,nan
0,100,0.1,0.1,nan,nan,nan
1,100,0.1,0.1,nan,nan,nan
2,100,0.1,0.1,nan,nan,nan
0,100,0.2,0.1,nan,nan,nan
1,100,0.2,0.1,nan,nan,nan
2,100,0.2,0.1,nan,nan,nan
0,100,0.3,0.1,nan,nan,nan
1,100,0.3,0.1,nan,nan,nan
2,100,0.3,0.1,nan,nan,nan
0,100,0.1,0.0,nan,nan,nan
1,100,0.1,0.0,nan,nan,nan
2,100,0.1,0.0,nan,nan,nan
0,100,0.1,0.1,nan,nan,nan
1,100,0.1,0.1,nan,nan,nan
2,100,0.1,0.1,nan,nan,nan
0,100,0.1,0.2,nan,nan,nan
1,100,0.1,0.2,nan,nan,nan
2,100,0.1,0.2,nan,nan,nan
0,50,0.1,0.1,nan,nan,nan
1,50,0.1,0.1,nan,nan,nan
2,50,0.1,0.1,nan,nan,nan
0,100,0.1,0.1,nan,nan,nan
1,100,0.1,0.1,3.889723000840167,0.5916545696490857,nan
2,100,0.1,0.1,nan,nan,nan
0,200,0.1,0.1,nan,nan,nan
1,200,0.1,0.1,nan,nan,nan
2,200,0.1,0.1,nan,nan,nan
0,100,0.0,0.1,18.573785229959004,0.9861125829786932,nan
1,100,0.0,0.1,nan,nan,nan
2,100,0.0,0.1,nan,nan,nan
0,100,0.1,0.1,nan,nan,nan
1,100,0.1,0.1,36.69321569963765,0.9997858695498242,nan
2,100,0.1,0.1,nan,nan,nan
0,100,0.2,0.1,nan,nan,nan
1,100,0.2,0.1,nan,nan,nan
2,100,0.2,0.1,nan,nan,nan
0,100,0.3,0.1,nan,nan,nan
1,100,0.3,0.1,nan,nan,nan
2,100,0.3,0.1,nan,nan,nan
0,100,0.1,0.0,nan,nan,nan
1,100,0.1,0.0,nan,nan,nan
2,100,0.1,0.0,nan,nan,nan
0,100,0.1,0.1,nan,nan,nan
1,100,0.1,0.1,nan,nan,nan
2,100,0.1,0.1,nan,nan,nan
0,100,0.1,0.2,nan,nan,nan
1,100,0.1,0.2,nan,nan,nan
2,100,0.1,0.2,nan,nan,nan
0,50,0.1,0.1,nan,nan,nan
1,50,0.1,0.1,nan,nan,nan
2,50,0.1,0.1,nan,nan,nan
0,100,0.1,0.1,nan,nan,nan
1,100,0.1,0.1,nan,nan,nan
2,100,0.1,0.1,nan,nan,nan
0,200,0.1,0.1,-8.20230429958912,-5.610440947844075,nan
1,200,0.1,0.1,4.692926839768816,0.6606035338803552,nan
2,200,0.1,0.1,8.160276355233268,0.8472531142500329,nan
0,100,0.0,0.1,nan,nan,nan
1,100,0.0,0.1,nan,nan,nan
2,100,0.0,0.1,nan,nan,nan
0,100,0.1,0.1,nan,nan,nan
1,100,0.1,0.1,nan,nan,nan
2,100,0.1,0.1,nan,nan,nan
0,100,0.2,0.1,nan,nan,nan
1,100,0.2,0.1,nan,nan,nan
2,100,0.2,0.1,nan,nan,nan
0,100,0.3,0.1,nan,nan,nan
1,100,0.3,0.1,nan,nan,nan
2,100,0.3,0.1,nan,nan,nan
0,100,0.1,0.0,nan,nan,nan
1,100,0.1,0.0,nan,nan,nan
2,100,0.1,0.0,nan,nan,nan
0,100,0.1,0.1,nan,nan,nan
1,100,0.1,0.1,-8.63452942486921,-6.302186865235393,nan
2,100,0.1,0.1,nan,nan,nan
0,100,0.1,0.2,nan,nan,nan
1,100,0.1,0.2,nan,nan,nan
2,100,0.1,0.2,nan,nan,nan
0,50,0.1,0.1,nan,nan,nan
1,50,0.1,0.1,nan,nan,nan
2,50,0.1,0.1,nan,nan,nan
0,100,0.1,0.1,nan,nan,nan
1,100,0.1,0.1,nan,nan,nan
2,100,0.1,0.1,nan,nan,nan
0,200,0.1,0.1,nan,nan,nan
1,200,0.1,0.1,-5.644334704116179,-2.6680349949500712,nan
2,200,0.1,0.1,nan,nan,nan
0,100,0.0,0.1,-10.767393238601159,-10.932716532246392,nan
1,100,0.0,0.1,nan,nan,nan
2,100,0.0,0.1,nan,nan,nan
0,100,0.1,0.1,nan,nan,nan
1,100,0.1,0.1,nan,nan,nan
2,100,0.1,0.1,nan,nan,nan
0,100,0.2,0.1,nan,nan,nan
1,100,0.2,0.1,nan,nan,nan
2,100,0.2,0.1,nan,nan,nan
0,100,0.3,0.1,nan,nan,nan
1,100,0.3,0.1,nan,nan,nan
2,100,0.3,0.1,nan,nan,nan
0,100,0.1,0.0,nan,nan,nan
1,100,0.1,0.0,nan,nan,nan
2,100,0.1,0.0,nan,nan,nan
0,100,0.1,0.1,nan,nan,nan
1,100,0.1,0.1,nan,nan,nan
2,100,0.1,0.1,nan,nan,nan
0,100,0.1,0.2,nan,nan,nan
1,100,0.1,0.2,nan,nan,nan
2,100,0.1,0.2,nan,nan,nan
0,50,0.1,0.1,nan,nan,nan
1,50,0.1,0.1,nan,nan,nan
2,50,0.1,0.1,nan,nan,nan
0,100,0.1,0.1,nan,nan,nan
1,100,0.1,0.1,nan,nan,nan
2,100,0.1,0.1,nan,nan,nan
0,200,0.1,0.1,nan,nan,nan
1,200,0.1,0.1,nan,nan,nan
2,200,0.1,0.1,nan,nan,nan
0,100,0.0,0.1,0.5860195360665674,0.12622815541852273,nan
1,100,0.0,0.1,nan,nan,nan
2,100,0.0,0.1,nan,nan,nan
0,100,0.1,0.1,nan,nan,nan
1,100,0.1,0.1,-6.150092000622317,-3.121062490332079,nan
2,100,0.1,0.1,nan,nan,nan
0,100,0.2,0.1,nan,nan,nan
1,100,0.2,0.1,nan,nan,nan
2,100,0.2,0.1,nan,nan,nan
0,100,0.3,0.1,nan,nan,nan
1,100,0.3,0.1,nan,nan,nan
2,100,0.3,0.1,nan,nan,nan
0,100,0.1,0.0,nan,nan,nan
1,100,0.1,0.0,nan,nan,nan
2,100,0.1,0.0,nan,nan,nan
0,100,0.1,0.1,nan,nan,nan
1,100,0.1,0.1,nan,nan,nan
2,100,0.1,0.1,nan,nan,nan
0,100,0.1,0.2,nan,nan,nan
1,100,0.1,0.2,nan,nan,nan
2,100,0.1,0.2,nan,nan,nan
0,50,0.1,0.1,nan,nan,nan
1,50,0.1,0.1,nan,nan,nan
2,50,0.1,0.1,nan,nan,nan
0,100,0.1,0.1,nan,nan,nan
1,100,0.1,0.1,nan,nan,nan
2,100,0.1,0.1,nan,nan,nan
0,200,0.1,0.1,nan,nan,nan
1,200,0.1,0.1,-1.390169681163163,-0.37726327825131256,nan
2,200,0.1,0.1,nan,nan,nan
0,100,0.0,0.1,2.827691468474778,0.4785281694949244,nan
1,100,0.0,0.1,nan,nan,nan
2,100,0.0,0.1,nan,nan,nan
0,100,0.1,0.1,nan,nan,nan
1,100,0.1,0.1,nan,nan,nan
2,100,0.1,0.1,nan,nan,nan
0,100,0.2,0.1,nan,nan,nan
1,100,0.2,0.1,nan,nan,nan
2,100,0.2,0.1,nan,nan,nan
0,100,0.3,0.1,nan,nan,nan
1,100,0.3,0.1,nan,nan,nan
2,100,0.3,0.1,nan,nan,nan
0,100,0.1,0.0,nan,nan,nan
1,100,0.1,0.0,nan,nan,nan
2,100,0.1,0.0,nan,nan,nan
0,100,0.1,0.1,nan,nan,nan
1,100,0.1,0.1,nan,nan,nan
2,100,0.1,0.1,nan,nan,nan
0,100,0.1,0.2,nan,nan,nan
1,100,0.1,0.2,nan,nan,nan
2,100,0.1,0.2,nan,nan,nan
0,50,0.1,0.1,nan,nan,nan
1,50,0.1,0.1,nan,nan,nan
2,50,0.1,0.1,nan,nan,nan
0,100,0.1,0.1,nan,nan,nan
1,100,0.1,0.1,nan,nan,nan
2,100,0.1,0.1,nan,nan,nan
0,200,0.1,0.1,nan,nan,nan
1,200,0.1,0.1,-9.087211426696877,-7.104405127897655,nan
2,200,0.1,0.1,nan,nan,nan
0,100,0.0,0.1,nan,nan,nan
1,100,0.0,0.1,40.67909285561523,0.9999144754664081,nan
2,100,0.0,0.1,nan,nan,nan
0,100,0.1,0.1,nan,nan,nan
1,100,0.1,0.1,nan,nan,nan
2,100,0.1,0.1,nan,nan,nan
0,100,0.2,0.1,nan,nan,nan
1,100,0.2,0.1,nan,nan,nan
2,100,0.2,0.1,nan,nan,nan
0,100,0.3,0.1,nan,nan,nan
1,100,0.3,0.1,nan,nan,nan
2,100,0.3,0.1,nan,nan,nan
0,100,0.1,0.0,nan,nan,nan
1,100,0.1,0.0,nan,nan,nan
2,100,0.1,0.0,nan,nan,nan
0,100,0.1,0.1,nan,nan,nan
1,100,0.1,0.1,nan,nan,nan
2,100,0.1,0.1,nan,nan,nan
0,100,0.1,0.2,nan,nan,nan
1,100,0.1,0.2,nan,nan,nan
2,100,0.1,0.2,nan,nan,nan
0,50,0.1,0.1,nan,nan,nan
1,50,0.1,0.1,nan,nan,nan
2,50,0.1,0.1,nan,nan,nan
0,100,0.1,0.1,nan,nan,nan
1,100,0.1,0.1,nan,nan,nan
2,100,0.1,0.1,nan,nan,nan
0,200,0.1,0.1,nan,nan,nan
1,200,0.1,0.1,nan,nan,nan
2,200,0.1,0.1,nan,nan,nan
0,100,0.0,0.1,19.770835672817192,0.9894581597003628,nan
1,100,0.0,0.1,nan,nan,nan
2,100,0.0,0.1,nan,nan,nan
0,100,0.1,0.1,nan,nan,nan
1,100,0.1,0.1,nan,nan,nan
2,100,0.1,0.1,nan,nan,nan
0,100,0.2,0.1,nan,nan,nan
1,100,0.2,0.1,nan,nan,nan
2,100,0.2,0.1,nan,nan,nan
0,100,0.3,0.1,nan,nan,nan
1,100,0.3,0.1,nan,nan,nan
2,100,0.3,0.1,nan,nan,nan
0,100,0.1,0.0,nan,nan,nan
1,100,0.1,0.0,nan,nan,nan
2,100,0.1,0.0,nan,nan,nan
0,100,0.1,0.1,nan,nan,nan
1,100,0.1,0.1,nan,nan,nan
2,100,0.1,0.1,nan,nan,nan
0,100,0.1,0.2,nan,nan,nan
1,100,0.1,0.2,nan,nan,nan
2,100,0.1,0.2,nan,nan,nan
0,50,0.1,0.1,nan,nan,nan
1,50,0.1,0.1,nan,nan,nan
2,50,0.1,0.1,nan,nan,nan
0,100,0.1,0.1,nan,nan,nan
1,100,0.1,0.1,nan,nan,nan
2,100,0.1,0.1,nan,nan,nan
0,200,0.1,0.1,nan,nan,nan
1,200,0.1,0.1,nan,nan,nan
2,200,0.1,0.1,nan,nan,nan
0,100,0.0,0.1,nan,nan,nan
1,100,0.0,0.1,nan,nan,nan
2,100,0.0,0.1,nan,nan,nan
0,100,0.1,0.1,nan,nan,nan
1,100,0.1,0.1,23.466751440189498,0.9954988358007336,nan
2,100,0.1,0.1,nan,nan,nan
0,100,0.2,0.1,nan,nan,nan
1,100,0.2,0.1,nan,nan,nan
2,100,0.2,0.1,nan,nan,nan
0,100,0.3,0.1,nan,nan,nan
1,100,0.3,0.1,nan,nan,nan
2,100,0.3,0.1,nan,nan,nan
0,100,0.1,0.0,nan,nan,nan
1,100,0.1,0.0,nan,nan,nan
2,100,0.1,0.0,nan,nan,nan
0,100,0.1,0.1,nan,nan,nan
1,100,0.1,0.1,nan,nan,nan
2,100,0.1,0.1,nan,nan,nan
0,100,0.1,0.2,nan,nan,nan
1,100,0.1,0.2,nan,nan,nan
2,100,0.1,0.2,nan,nan,nan
0,50,0.1,0.1,nan,nan,nan
1,50,0.1,0.1,nan,nan,nan
2,50,0.1,0.1,nan,nan,nan
0,100,0.1,0.1,nan,nan,nan
1,100,0.1,0.1,nan,nan,nan
2,100,0.1,0.1,nan,nan,nan
0,200,0.1,0.1,nan,nan,nan
1,200,0.1,0.1,nan,nan,nan
2,200,0.1,0.1,nan,nan,nan
0,100,0.0,0.1,-8.541494361658263,-6.1474221905254565,nan
1,100,0.0,0.1,nan,nan,nan
2,100,0.0,0.1,nan,nan,nan
0,100,0.1,0.1,nan,nan,nan
1,100,0.1,0.1,nan,nan,nan
2,100,0.1,0.1,nan,nan,nan
0,100,0.2,0.1,nan,nan,nan
1,100,0.2,0.1,nan,nan,nan
2,100,0.2,0.1,nan,nan,nan
0,100,0.3,0.1,nan,nan,nan
1,100,0.3,0.1,nan,nan,nan
2,100,0.3,0.1,nan,nan,nan
0,100,0.1,0.0,nan,nan,nan
1,100,0.1,0.0,nan,nan,nan
2,100,0.1,0.0,nan,nan,nan
0,100,0.1,0.1,nan,nan,nan
1,100,0.1,0.1,nan,nan,nan
2,100,0.1,0.1,nan,nan,nan
0,100,0.1,0.2,nan,nan,nan
1,100,0.1,0.2,27.75754127537684,0.9983241085995429,nan
2,100,0.1,0.2,nan,nan,nan
0,50,0.1,0.1,nan,nan,nan
1,50,0.1,0.1,nan,nan,nan
2,50,0.1,0.1,nan,nan,nan
0,100,0.1,0.1,nan,nan,nan
1,100,0.1,0.1,nan,nan,nan
2,100,0.1,0.1,nan,nan,nan
0,200,0.1,0.1,nan,nan,nan
1,200,0.1,0.1,nan,nan,nan
2,200,0.1,0.1,56.56813174734991,0.9999977961256759,nan
0,100,0.0,0.1,nan,nan,nan
1,100,0.0,0.1,-5.170861017419868,-2.2891683434143517,nan
2,100,0.0,0.1,nan,nan,nan
0,100,0.1,0.1,nan,nan,nan
1,100,0.1,0.1,nan,nan,nan
2,100,0.1,0.1,nan,nan,nan
0,100,0.2,0.1,nan,nan,nan
1,100,0.2,0.1,nan,nan,nan
2,100,0.2,0.1,nan,nan,nan
0,100,0.3,0.1,nan,nan,nan
1,100,0.3,0.1,nan,nan,nan
2,100,0.3,0.1,nan,nan,nan
0,100,0.1,0.0,nan,nan,nan
1,100,0.1,0.0,nan,nan,nan
2,100,0.1,0.0,nan,nan,nan
0,100,0.1,0.1,nan,nan,nan
1,100,0.1,0.1,nan,nan,nan
2,100,0.1,0.1,nan,nan,nan
0,100,0.1,0.2,nan,nan,nan
1,100,0.1,0.2,nan,nan,nan
2,100,0.1,0.2,nan,nan,nan
0,50,0.1,0.1,nan,nan,nan
1,50,0.1,0.1,nan,nan,nan
2,50,0.1,0.1,nan,nan,nan
0,100,0.1,0.1,nan,nan,nan
1,100,0.1,0.1,7.42684362884779,0.8191511976198633,nan
2,100,0.1,0.1,nan,nan,nan
0,200,0.1,0.1,nan,nan,nan
1,200,0.1,0.1,nan,nan,nan
2,200,0.1,0.1,nan,nan,nan
0,100,0.0,0.1,nan,nan,nan
1,100,0.0,0.1,-10.787332138202233,-10.987626795460317,nan
2,100,0.0,0.1,nan,nan,nan
0,100,0.1,0.1,nan,nan,nan
1,100,0.1,0.1,nan,nan,nan
2,100,0.1,0.1,nan,nan,nan
0,100,0.2,0.1,nan,nan,nan
1,100,0.2,0.1,nan,nan,nan
2,100,0.2,0.1,nan,nan,nan
0,100,0.3,0.1,nan,nan,nan
1,100,0.3,0.1,nan,nan,nan
2,100,0.3,0.1,nan,nan,nan
0,100,0.1,0.0,nan,nan,nan
1,100,0.1,0.0,nan,nan,nan
2,100,0.1,0.0,nan,nan,nan
0,100,0.1,0.1,nan,nan,nan
1,100,0.1,0.1,nan,nan,nan
2,100,0.1,0.1,nan,nan,nan
0,100,0.1,0.2,nan,nan,nan
1,100,0.1,0.2,nan,nan,nan
2,100,0.1,0.2,nan,nan,nan
0,50,0.1,0.1,nan,nan,nan
1,50,0.1,0.1,nan,nan,nan
2,50,0.1,0.1,nan,nan,nan
0,100,0.1,0.1,nan,nan,nan
1,100,0.1,0.1,nan,nan,nan
2,100,0.1,0.1,nan,nan,nan
0,200,0.1,0.1,-10.790585588895317,-10.996610507328423,nan
1,200,0.1,0.1,nan,nan,nan
2,200,0.1,0.1,81.30394680147766,0.9999999925936315,nan
0,100,0.0,0.1,nan,nan,nan
1,100,0.0,0.1,nan,nan,nan
2,100,0.0,0.1,56.82395196931486,0.9999979221949232,nan
0,100,0.1,0.1,nan,nan,nan
1,100,0.1,0.1,nan,nan,nan
2,100,0.1,0.1,nan,nan,nan
0,100,0.2,0.1,nan,nan,nan
1,100,0.2,0.1,nan,nan,nan
2,100,0.2,0.1,nan,nan,nan
0,100,0.3,0.1,nan,nan,nan
1,100,0.3,0.1,nan,nan,nan
2,100,0.3,0.1,nan,nan,nan
0,100,0.1,0.0,nan,nan,nan
1,100,0.1,0.0,nan,nan,nan
2,100,0.1,0.0,nan,nan,nan
0,100,0.1,0.1,nan,nan,nan
1,100,0.1,0.1,nan,nan,nan
2,100,0.1,0.1,nan,nan,nan
0,100,0.1,0.2,nan,nan,nan
1,100,0.1,0.2,nan,nan,nan
2,100,0.1,0.2,nan,nan,nan
0,50,0.1,0.1,nan,nan,nan
1,50,0.1,0.1,nan,nan,nan
2,50,0.1,0.1,nan,nan,nan
0,100,0.1,0.1,nan,nan,nan
1,100,0.1,0.1,nan,nan,nan
2,100,0.1,0.1,nan,nan,nan
0,200,0.1,0.1,nan,nan,nan
1,200,0.1,0.1,nan,nan,nan
2,200,0.1,0.1,nan,nan,nan
0,100,0.0,0.1,nan,nan,nan
1,100,0.0,0.1,nan,nan,nan
2,100,0.0,0.1,nan,nan,nan
0,100,0.1,0.1,nan,nan,nan
1,100,0.1,0.1,nan,nan,nan
2,100,0.1,0.1,nan,nan,nan
0,100,0.2,0.1,nan,nan,nan
1,100,0.2,0.1,nan,nan,nan
2,100,0.2,0.1,nan,nan,nan
0,100,0.3,0.1,nan,nan,nan
1,100,0.3,0.1,nan,nan,nan
2,100,0.3,0.1,nan,nan,nan
0,100,0.1,0.0,nan,nan,nan
1,100,0.1,0.0,nan,nan,nan
2,100,0.1,0.0,nan,nan,nan
0,100,0.1,0.1,nan,nan,nan
1,100,0.1,0.1,nan,nan,nan
2,100,0.1,0.1,nan,nan,nan
0,100,0.1,0.2,nan,nan,nan
1,100,0.1,0.2,nan,nan,nan
2,100,0.1,0.2,nan,nan,nan
0,50,0.1,0.1,nan,nan,nan
1,50,0.1,0.1,nan,nan,nan
2,50,0.1,0.1,nan,nan,nan
0,100,0.1,0.1,nan,nan,nan
1,100,0.1,0.1,nan,nan,nan
2,100,0.1,0.1,nan,nan,nan
0,200,0.1,0.1,nan,nan,nan
1,200,0.1,0.1,nan,nan,nan
2,200,0.1,0.1,nan,nan,nan
0,100,0.0,0.1,nan,nan,nan
1,100,0.0,0.1,31.355717927238786,0.9992681396697943,nan
2,100,0.0,0.1,nan,nan,nan
0,100,0.1,0.1,nan,nan,nan
1,100,0.1,0.1,nan,nan,nan
2,100,0.1,0.1,nan,nan,nan
0,100,0.2,0.1,nan,nan,nan
1,100,0.2,0.1,nan,nan,nan
2,100,0.2,0.1,nan,nan,nan
0,100,0.3,0.1,nan,nan,nan
1,100,0.3,0.1,nan,nan,nan
2,100,0.3,0.1,nan,nan,nan
0,100,0.1,0.0,nan,nan,nan
1,100,0.1,0.0,nan,nan,nan
2,100,0.1,0.0,nan,nan,nan
0,100,0.1,0.1,nan,nan,nan
1,100,0.1,0.1,nan,nan,nan
2,100,0.1,0.1,nan,nan,nan
0,100,0.1,0.2,nan,nan,nan
1,100,0.1,0.2,nan,nan,nan
2,100,0.1,0.2,nan,nan,nan
0,50,0.1,0.1,nan,nan,nan
1,50,0.1,0.1,nan,nan,nan
2,50,0.1,0.1,nan,nan,nan
0,100,0.1,0.1,nan,nan,nan
1,100,0.1,0.1,nan,nan,nan
2,100,0.1,0.1,nan,nan,nan
0,200,0.1,0.1,nan,nan,nan
1,200,0.1,0.1,-10.790803491004741,-10.997212438143775,nan
2,200,0.1,0.1,nan,nan,nan
0,100,0.0,0.1,nan,nan,nan
1,100,0.0,0.1,18.171501511541383,0.9847647407473784,nan
2,100,0.0,0.1,nan,nan,nan
0,100,0.1,0.1,nan,nan,nan
1,100,0.1,0.1,nan,nan,nan
2,100,0.1,0.1,nan,nan,nan
0,100,0.2,0.1,nan,nan,nan
1,100,0.2,0.1,nan,nan,nan
2,100,0.2,0.1,nan,nan,nan
0,100,0.3,0.1,nan,nan,nan
1,100,0.3,0.1,nan,nan,nan
2,100,0.3,0.1,nan,nan,nan
0,100,0.1,0.0,nan,nan,nan
1,100,0.1,0.0,nan,nan,nan
2,100,0.1,0.0,nan,nan,nan
0,100,0.1,0.1,0.30510217153450936,0.06784145975254297,nan
1,100,0.1,0.1,nan,nan,nan
2,100,0.1,0.1,nan,nan,nan
0,100,0.1,0.2,nan,nan,nan
1,100,0.1,0.2,nan,nan,nan
2,100,0.1,0.2,nan,nan,nan
0,50,0.1,0.1,nan,nan,nan
1,50,0.1,0.1,nan,nan,nan
2,50,0.1,0.1,nan,nan,nan
0,100,0.1,0.1,nan,nan,nan
1,100,0.1,0.1,nan,nan,nan
2,100,0.1,0.1,nan,nan,nan
0,200,0.1,0.1,nan,nan,nan
1,200,0.1,0.1,nan,nan,nan
2,200,0.1,0.1,nan,nan,nan
0,100,0.0,0.1,nan,nan,nan
1,100,0.0,0.1,nan,nan,nan
2,100,0.0,0.1,nan,nan,nan
0,100,0.1,0.1,nan,nan,nan
1,100,0.1,0.1,nan,nan,nan
2,100,0.1,0.1,nan,nan,nan
0,100,0.2,0.1,nan,nan,nan
1,100,0.2,0.1,nan,nan,nan
2,100,0.2,0.1,nan,nan,nan
0,100,0.3,0.1,nan,nan,nan
1,100,0.3,0.1,nan,nan,nan
2,100,0.3,0.1,nan,nan,nan
0,100,0.1,0.0,nan,nan,nan
1,100,0.1,0.0,nan,nan,nan
2,100,0.1,0.0,nan,nan,nan
0,100,0.1,0.1,nan,nan,nan
1,100,0.1,0.1,nan,nan,nan
2,100,0.1,0.1,nan,nan,nan
0,100,0.1,0.2,nan,nan,nan
1,100,0.1,0.2,35.41137927709425,0.9997123515273958,nan
2,100,0.1,0.2,nan,nan,nan
nonstationary level,time series length,observation noise,process noise,evidence,significance_level,bayes factor error
0,50,0.1,0.1,5.357786265750223,0.7087798820550291,nan
1,50,0.1,0.1,0.5014465056183766,0.10904586158855256,nan
2,50,0.1,0.1,4.791486499187724,0.6682191235399891,nan
0,100,0.1,0.1,-13.994241587760829,-24.085580695305477,nan
1,100,0.1,0.1,10.634352903839533,0.9135898598318971,nan
2,100,0.1,0.1,-0.062119819969488836,-0.014406403362691389,nan
0,200,0.1,0.1,-13.830322108512515,-23.15639991533621,nan
1,200,0.1,0.1,-13.931621933366118,-23.726474172947746,nan
2,200,0.1,0.1,130.3262975858067,0.9999999999999072,nan
0,100,0.0,0.1,-14.02092750200132,-24.240197577798096,nan
1,100,0.0,0.1,-13.28735238024545,-20.31744926392316,nan
2,100,0.0,0.1,19.649426424103588,0.9891592992150533,nan
0,100,0.1,0.1,-13.743562678453882,-22.678613453173064,nan
1,100,0.1,0.1,-13.382139441683229,-20.787828301591386,nan
2,100,0.1,0.1,28.841286074708293,0.9986942158505245,nan
0,100,0.2,0.1,-14.028916447332119,-24.286670223387016,nan
1,100,0.2,0.1,-11.626247052692145,-13.54201891728746,nan
2,100,0.2,0.1,-3.930403192651201,-1.4719536269263522,nan
0,100,0.3,0.1,15.494837637984437,0.971782649276504,nan
1,100,0.3,0.1,-13.660862205176215,-22.23197975253248,nan
2,100,0.3,0.1,30.909516986348113,0.9991889487436607,nan
0,100,0.1,0.0,-14.036732407924113,-24.33221940213837,nan
1,100,0.1,0.0,-14.036443783569766,-24.33053592403199,nan
2,100,0.1,0.0,-13.791050375937623,-22.938946689663535,nan
0,100,0.1,0.1,2.800893101478055,0.47530045227223816,nan
1,100,0.1,0.1,-11.938502822751236,-14.626088594340818,nan
2,100,0.1,0.1,7.071836953480927,0.803746999824296,nan
0,100,0.1,0.2,-4.807645581546556,-2.025272907735799,nan
1,100,0.1,0.2,-1.1625590499064729,-0.3069407670068731,nan
2,100,0.1,0.2,16.49422206361875,0.977582984420893,nan
0,50,0.1,0.1,6.982215113462789,0.7996550090347355,nan
1,50,0.1,0.1,6.522546475592743,0.7772871105498877,nan
2,50,0.1,0.1,10.254938798536717,0.9057012099899534,nan
0,100,0.1,0.1,-14.019851704471398,-24.233946064016564,nan
1,100,0.1,0.1,13.78452674051971,0.9581642724593985,nan
2,100,0.1,0.1,-13.867040848076226,-23.361503331955536,nan
0,200,0.1,0.1,-13.877709627675658,-23.421422815996863,nan
1,200,0.1,0.1,-13.897884547730166,-23.53513515960738,nan
2,200,0.1,0.1,-13.751364863158601,-22.72119077610813,nan
0,100,0.0,0.1,-14.02516726119048,-24.264850115646674,nan
1,100,0.0,0.1,-13.966762745014965,-23.927359351584506,nan
2,100,0.0,0.1,3.935865963531472,0.5959701952324328,nan
0,100,0.1,0.1,-13.130867694318047,-19.56301391626175,nan
1,100,0.1,0.1,-13.67860360708929,-22.327079029663626,nan
2,100,0.1,0.1,10.432302557172484,0.9094747476199738,nan
0,100,0.2,0.1,23.039123939997644,0.9950330749570828,nan
1,100,0.2,0.1,-13.095487796256922,-19.396177350553558,nan
2,100,0.2,0.1,10.016410763810434,0.9003771587640598,nan
0,100,0.3,0.1,-11.611443625477643,-13.492535155728921,nan
1,100,0.3,0.1,-12.847419449825193,-18.263799303579148,nan
2,100,0.3,0.1,-2.430600851185647,-0.7500887985836193,nan
0,100,0.1,0.0,-14.036590092376306,-24.331389294973143,nan
1,100,0.1,0.0,-14.035864928821894,-24.327159937351986,nan
2,100,0.1,0.0,-13.794144033998181,-22.956005460231342,nan
0,100,0.1,0.1,-13.268733674732731,-20.226254520266167,nan
1,100,0.1,0.1,3.9900376969826774,0.6009785611793433,nan
2,100,0.1,0.1,19.140631689074112,0.9878118769239366,nan
0,100,0.1,0.2,22.50354888041479,0.994381180098979,nan
1,100,0.1,0.2,2.7106909937329227,0.46428858480406154,nan
2,100,0.1,0.2,-8.392440086822127,-5.906277245611951,nan
0,50,0.1,0.1,-4.405613908716239,-1.757791259840261,nan
1,50,0.1,0.1,-6.745639797294677,-3.7267646588557364,nan
2,50,0.1,0.1,-6.132102159069662,-3.1040270624831754,nan
0,100,0.1,0.1,-10.008287856941253,-9.019101716425052,nan
1,100,0.1,0.1,-10.890113599503978,-11.274713380161472,nan
2,100,0.1,0.1,59.03233187508006,0.9999987504120963,nan
0,200,0.1,0.1,-14.004735735995856,-24.146269957124566,nan
1,200,0.1,0.1,-13.825273072715568,-23.12833240301208,nan
2,200,0.1,0.1,42.20022215776039,0.9999397471236299,nan
0,100,0.0,0.1,-3.2258820478379824,-1.101784596093561,nan
1,100,0.0,0.1,7.826397131222894,0.8350469740161197,nan
2,100,0.0,0.1,13.37985787135934,0.9540786959052014,nan
0,100,0.1,0.1,-7.8140422589032354,-5.04511025014369,nan
1,100,0.1,0.1,-13.906460361446554,-23.58363143033286,nan
2,100,0.1,0.1,-2.677781649336951,-0.8525850921281972,nan
0,100,0.2,0.1,-13.653997484582233,-22.195286890848546,nan
1,100,0.2,0.1,14.120606175804145,0.9612796403619698,nan
2,100,0.2,0.1,2.004175617095699,0.3696490113972475,nan
0,100,0.3,0.1,2.3336476202436445,0.4157008722690674,nan
1,100,0.3,0.1,-10.921252767396181,-11.363040067037804,nan
2,100,0.3,0.1,-2.726511091959341,-0.8734888346687975,nan
0,100,0.1,0.0,-14.036675078834296,-24.33188500611066,nan
1,100,0.1,0.0,-14.036598730391168,-24.331439678559377,nan
2,100,0.1,0.0,-14.036827085613012,-24.332771659242884,nan
0,100,0.1,0.1,-12.97237431478737,-18.826106350639233,nan
1,100,0.1,0.1,10.835179040461785,0.9174946528538318,nan
2,100,0.1,0.1,17.896698142548395,0.9837695640276009,nan
0,100,0.1,0.2,-8.243060302981824,-5.672768073960866,nan
1,100,0.1,0.2,-10.358401042870856,-9.860257041334279,nan
2,100,0.1,0.2,-8.458411602524468,-6.01198793641891,nan
0,50,0.1,0.1,16.0614139599208,0.975233844009936,nan
1,50,0.1,0.1,-9.944715010508261,-8.873508424190474,nan
2,50,0.1,0.1,12.893979366260771,0.9486427142124498,nan
0,100,0.1,0.1,-9.617822762420634,-8.157612787303606,nan
1,100,0.1,0.1,-13.5285580751267,-21.534908940902103,nan
2,100,0.1,0.1,0.25478123901628935,0.056977888224582496,nan
0,200,0.1,0.1,-13.728958902824646,-22.599124436550976,nan
1,200,0.1,0.1,-11.123710071071663,-11.953019135424249,nan
2,200,0.1,0.1,35.785277929004245,0.9997360800579973,nan
0,100,0.0,0.1,-13.816782467455234,-23.081206771258586,nan
1,100,0.0,0.1,-13.458883633088519,-21.176262990771114,nan
2,100,0.0,0.1,6.182210776661021,0.7591321021816431,nan
0,100,0.1,0.1,2.888056773481795,0.48572629097795805,nan
1,100,0.1,0.1,-11.94860485653768,-14.662478421033763,nan
2,100,0.1,0.1,31.369680291325544,0.9992704887882853,nan
0,100,0.2,0.1,-4.328022330695466,-1.7089577588314215,nan
1,100,0.2,0.1,5.152476466521845,0.6946820390208203,nan
2,100,0.2,0.1,6.571432742980258,0.7797800165304261,nan
0,100,0.3,0.1,-12.037629220771331,-14.986850808269631,nan
1,100,0.3,0.1,-13.564887409747683,-21.72420722309788,nan
2,100,0.3,0.1,16.143308180381236,0.9756964798448535,nan
0,100,0.1,0.0,-14.036650073451762,-24.331739153082886,nan
1,100,0.1,0.0,-14.036568265960167,-24.331261986872804,nan
2,100,0.1,0.0,-11.575403977027214,-13.372767413965569,nan
0,100,0.1,0.1,-11.88896196389746,-14.44885142141594,nan
1,100,0.1,0.1,11.66765197115952,0.9318862481373155,nan
2,100,0.1,0.1,-10.758054280681552,-10.907084291889513,nan
0,100,0.1,0.2,-13.691446669101754,-22.396164535262155,nan
1,100,0.1,0.2,-14.012334330297618,-24.190305413842083,nan
2,100,0.1,0.2,23.309352771749733,0.9953327106834348,nan
0,50,0.1,0.1,4.210669202553634,0.6207434590110377,nan
1,50,0.1,0.1,-0.047016380325010924,-0.01088473397699219,nan
2,50,0.1,0.1,-11.706412121836369,-13.812938242044764,nan
0,100,0.1,0.1,-13.737300062615645,-22.644493012198325,nan
1,100,0.1,0.1,-10.63779962074368,-10.581904033041393,nan
2,100,0.1,0.1,1.774207322701527,0.33537102962187737,nan
0,200,0.1,0.1,-13.81377849595278,-23.06455580066257,nan
1,200,0.1,0.1,-10.135058509661155,-9.315869772439793,nan
2,200,0.1,0.1,41.74341842452322,0.9999330642463589,nan
0,100,0.0,0.1,-13.805249627130014,-23.01734312654507,nan
1,100,0.0,0.1,-7.306066353376294,-4.377824623721195,nan
2,100,0.0,0.1,41.562606423153966,0.9999302186515155,nan
0,100,0.1,0.1,-2.482227167422708,-0.7710169459167815,nan
1,100,0.1,0.1,-10.910111693832445,-11.331365471883279,nan
2,100,0.1,0.1,2.364038522598225,0.4197753867238112,nan
0,100,0.2,0.1,7.019672915862113,0.8013755496443815,nan
1,100,0.2,0.1,5.056231792606455,0.6878403100154575,nan
2,100,0.2,0.1,1.9979714368199752,0.36874787033085343,nan
0,100,0.3,0.1,-0.6668036571763587,-0.16595117846662366,nan
1,100,0.3,0.1,-10.435755424870528,-10.055427540874012,nan
2,100,0.3,0.1,11.591087670658172,0.9306747837558653,nan
0,100,0.1,0.0,-14.036650408143734,-24.331741105290526,nan
1,100,0.1,0.0,-14.036370871979075,-24.33011066554011,nan
2,100,0.1,0.0,-12.090430369233209,-15.182403911357131,nan
0,100,0.1,0.1,-7.814820109382151,-5.046193066808715,nan
1,100,0.1,0.1,-14.024893888729817,-24.26325983597226,nan
2,100,0.1,0.1,5.916462639901047,0.7439329277364184,nan
0,100,0.1,0.2,-10.399232959724491,-9.962845559507345,nan
1,100,0.1,0.2,-4.432502740685136,-1.7749187667749737,nan
2,100,0.1,0.2,-3.8319814493365145,-1.4165631291907457,nan
0,50,0.1,0.1,-10.368437558813707,-9.885384044486026,nan
1,50,0.1,0.1,-10.382951236984379,-9.921822739851955,nan
2,50,0.1,0.1,2.993686239293865,0.4980836119188543,nan
0,100,0.1,0.1,11.294066526088805,0.925767626411247,nan
1,100,0.1,0.1,-13.087407097218165,-19.35826249305691,nan
2,100,0.1,0.1,2.62434524224122,0.45353106873477944,nan
0,200,0.1,0.1,-13.628142686907644,-22.057608911878862,nan
1,200,0.1,0.1,-1.0846535194663947,-0.283705352257025,nan
2,200,0.1,0.1,18.998018315662925,0.9874050000986159,nan
0,100,0.0,0.1,2.529621222865026,0.44148109523480505,nan
1,100,0.0,0.1,-13.898596972614857,-23.53916027973303,nan
2,100,0.0,0.1,34.11863350795183,0.9996126204866743,nan
0,100,0.1,0.1,-5.350051600237541,-2.4277185912968986,nan
1,100,0.1,0.1,-13.97195923997932,-23.957203715334252,nan
2,100,0.1,0.1,39.036351861132474,0.9998751568224656,nan
0,100,0.2,0.1,-14.029621727451989,-24.29077702988232,nan
1,100,0.2,0.1,-6.586132289289713,-3.5563096244148165,nan
2,100,0.2,0.1,-1.90463066029612,-0.5504689237133609,nan
0,100,0.3,0.1,-12.246371168111823,-15.774018467084066,nan
1,100,0.3,0.1,-1.9543115903426855,-0.5683072821679909,nan
2,100,0.3,0.1,-7.343013095868772,-4.42377056196513,nan
0,100,0.1,0.0,-14.036619036376024,-24.331558119169248,nan
1,100,0.1,0.0,-14.036161719404225,-24.32889081805884,nan
2,100,0.1,0.0,-8.804774691327989,-6.594120239280394,nan
0,100,0.1,0.1,-13.367347581455668,-20.713746242631032,nan
1,100,0.1,0.1,59.72784799454882,0.9999989353295495,nan
2,100,0.1,0.1,4.649381572728373,0.6571834004823638,nan
0,100,0.1,0.2,-13.958713659097445,-23.881202504588583,nan
1,100,0.1,0.2,-13.797078852700388,-22.972199608799674,nan
2,100,0.1,0.2,1.1406561919838705,0.2309857617661697,nan
0,50,0.1,0.1,0.3835667388472694,0.08453166717977567,nan
1,50,0.1,0.1,-4.127663465092406,-1.586820812885422,nan
2,50,0.1,0.1,12.293545182256931,0.9410280509327259,nan
0,100,0.1,0.1,-14.028458555258123,-24.284004300610587,nan
1,100,0.1,0.1,-8.989533906614527,-6.924162822417903,nan
2,100,0.1,0.1,3.4151280093634844,0.5445012399697751,nan
0,200,0.1,0.1,-9.381199397297777,-7.672013389274541,nan
1,200,0.1,0.1,-12.97814685121341,-18.852476249315664,nan
2,200,0.1,0.1,37.401875750087385,0.9998181084913988,nan
0,100,0.0,0.1,-13.838933150098418,-23.204343909229877,nan
1,100,0.0,0.1,-8.398866322538288,-5.91650399704585,nan
2,100,0.0,0.1,8.235974300036373,0.8498924384637844,nan
0,100,0.1,0.1,-13.820752757429293,-23.103231709135112,nan
1,100,0.1,0.1,-6.735485555111357,-3.715725917121974,nan
2,100,0.1,0.1,-0.36800022681908123,-0.08842879478898902,nan
0,100,0.2,0.1,-13.9706869867376,-23.949893644795388,nan
1,100,0.2,0.1,-6.422343857639091,-3.387674336722773,nan
2,100,0.2,0.1,-6.219091581136084,-3.1870597473749056,nan
0,100,0.3,0.1,2.798766615483585,0.4750434746928843,nan
1,100,0.3,0.1,-13.844684482005116,-23.23641878871631,nan
2,100,0.3,0.1,1.43860790478165,0.2819755887966213,nan
0,100,0.1,0.0,-14.036768426144974,-24.33242949581788,nan
1,100,0.1,0.0,-14.035814826561296,-24.326867752970028,nan
2,100,0.1,0.0,-13.873533936643184,-23.397953186129012,nan
0,100,0.1,0.1,-13.647309705408263,-22.15959553751894,nan
1,100,0.1,0.1,30.595337735389343,0.9991281009058444,nan
2,100,0.1,0.1,1.8589354022693327,0.34821185094055696,nan
0,100,0.1,0.2,-11.460543045046766,-12.997623389531178,nan
1,100,0.1,0.2,-5.897494718381379,-2.8882078419287667,nan
2,100,0.1,0.2,-6.419491666171778,-3.3847937155464454,nan
0,50,0.1,0.1,1.0391189056283259,0.2127945186685184,nan
1,50,0.1,0.1,8.897172955253138,0.8710911587833392,nan
2,50,0.1,0.1,16.355499437192705,0.9768553799164174,nan
0,100,0.1,0.1,1.836153738925577,0.3447838008487113,nan
1,100,0.1,0.1,21.776792106631202,0.9933576647815465,nan
2,100,0.1,0.1,10.418453923955669,0.909185623075385,nan
0,200,0.1,0.1,-13.910130969257565,-23.604418020457537,nan
1,200,0.1,0.1,-13.655906272211444,-22.205483798631498,nan
2,200,0.1,0.1,29.909789190423655,0.9989790109579736,nan
0,100,0.0,0.1,5.253587508290184,0.701708245098339,nan
1,100,0.0,0.1,-14.02497172704942,-24.263712631804964,nan
2,100,0.0,0.1,-1.6290270665224198,-0.45513305611751487,nan
0,100,0.1,0.1,-13.953644611373615,-23.852178321372065,nan
1,100,0.1,0.1,-7.515950137570754,-4.644104080017196,nan
2,100,0.1,0.1,8.088361494010424,0.8447027195056238,nan
0,100,0.2,0.1,-13.915495889772412,-23.634831096738587,nan
1,100,0.2,0.1,-13.985993563802786,-24.037983931488718,nan
2,100,0.2,0.1,13.833747189135405,0.9586357379224805,nan
0,100,0.3,0.1,4.57047300148554,0.6508977082361891,nan
1,100,0.3,0.1,-11.856889392388233,-14.335182163293041,nan
2,100,0.3,0.1,9.048545229494275,0.8755068439247633,nan
0,100,0.1,0.0,-14.036632140332085,-24.331634552128715,nan
1,100,0.1,0.0,-14.035878091507676,-24.327236699541487,nan
2,100,0.1,0.0,-12.561221099124607,-17.03524763864681,nan
0,100,0.1,0.1,3.465542336462995,0.5497582473256535,nan
1,100,0.1,0.1,-12.205427362445189,-15.616621836606438,nan
2,100,0.1,0.1,24.88392004312676,0.9967520600159026,nan
0,100,0.1,0.2,-6.079813494273481,-3.0549112144861006,nan
1,100,0.1,0.2,13.400744283812852,0.9542990138387157,nan
2,100,0.1,0.2,74.85904479015262,0.9999999673340328,nan
0,50,0.1,0.1,-6.461996800951823,-3.427919126144939,nan
1,50,0.1,0.1,-7.834090115646381,-5.073080132734279,nan
2,50,0.1,0.1,17.535898730870482,0.982363592418673,nan
0,100,0.1,0.1,22.676318437335574,0.9946003183442009,nan
1,100,0.1,0.1,-13.832532786279634,-23.168699314085803,nan
2,100,0.1,0.1,-4.327271033377742,-1.708489169716687,nan
0,200,0.1,0.1,5.595961610059767,0.7243209020859367,nan
1,200,0.1,0.1,2.4511255963705643,0.43129448429783357,nan
2,200,0.1,0.1,74.95532024950745,0.9999999680502124,nan
0,100,0.0,0.1,-5.017233398375154,-2.17485093970151,nan
1,100,0.0,0.1,-13.921633536412676,-23.66967077033306,nan
2,100,0.0,0.1,2.0770577473766028,0.3801391246002297,nan
0,100,0.1,0.1,-6.619626068885305,-3.5915847721298793,nan
1,100,0.1,0.1,-11.28206410730763,-12.434032998301168,nan
2,100,0.1,0.1,16.888400566030512,0.9795280155312971,nan
0,100,0.2,0.1,-13.378058884809994,-20.767366444071293,nan
1,100,0.2,0.1,-13.557186372246752,-21.683947695655096,nan
2,100,0.2,0.1,19.747462633213598,0.9894012722470009,nan
0,100,0.3,0.1,-14.01238689927231,-24.190610330574277,nan
1,100,0.3,0.1,-14.022869034156919,-24.251483839253584,nan
2,100,0.3,0.1,-1.9056239437474431,-0.5508235750653445,nan
0,100,0.1,0.0,-14.036643584761633,-24.3317013055647,nan
1,100,0.1,0.0,-14.036336012645936,-24.329907350218544,nan
2,100,0.1,0.0,-14.036474095133649,-24.33071271901082,nan
0,100,0.1,0.1,-13.536772929708867,-21.57757496592444,nan
1,100,0.1,0.1,8.529613967853768,0.8597061597732681,nan
2,100,0.1,0.1,17.039798966084636,0.9802293884430076,nan
0,100,0.1,0.2,22.446769116175723,0.9943072372011069,nan
1,100,0.1,0.2,-5.994820354542219,-2.9763264810151435,nan
2,100,0.1,0.2,7.184871621545592,0.8087890153821087,nan
0,50,0.1,0.1,-13.987262829196032,-24.04530258099346,nan
1,50,0.1,0.1,14.312649584167685,0.9629545357588449,nan
2,50,0.1,0.1,5.787356605925026,0.7362063485780486,nan
0,100,0.1,0.1,19.583694333592284,0.9889939731836677,nan
1,100,0.1,0.1,8.263561848042935,0.850842939759844,nan
2,100,0.1,0.1,1.592648751494641,0.3069969837556207,nan
0,200,0.1,0.1,-14.026303765064387,-24.271462531549016,nan
1,200,0.1,0.1,-13.603598323154444,-21.927665251616986,nan
2,200,0.1,0.1,45.58834963311363,0.9999723837289443,nan
0,100,0.0,0.1,18.086675801768163,0.9844642429945563,nan
1,100,0.0,0.1,-13.679880779889313,-22.33394006364645,nan
2,100,0.0,0.1,-3.879100572991086,-1.442924568858246,nan
0,100,0.1,0.1,-2.486043008768826,-0.7725736982343012,nan
1,100,0.1,0.1,-13.931598139758552,-23.726338704864258,nan
2,100,0.1,0.1,26.848736408902063,0.9979340188290287,nan
0,100,0.2,0.1,5.47400352153754,0.7164695887286237,nan
1,100,0.2,0.1,-12.726659930791616,-17.735530428686157,nan
2,100,0.2,0.1,-7.719537159601452,-4.914985930721,nan
0,100,0.3,0.1,2.931128008320438,0.4908014020612822,nan
1,100,0.3,0.1,-13.027354919598794,-19.078695426257433,nan
2,100,0.3,0.1,-3.767193640783504,-1.3807805401640212,nan
0,100,0.1,0.0,-14.036709915410924,-24.332088204569143,nan
1,100,0.1,0.0,-14.036304669443915,-24.329724543949652,nan
2,100,0.1,0.0,-14.036533761339403,-24.331060731238058,nan
0,100,0.1,0.1,-13.441237918634819,-21.0863419526438,nan
1,100,0.1,0.1,30.852350303861897,0.9991782022088601,nan
2,100,0.1,0.1,-2.4681905939966304,-0.7653021876094417,nan
0,100,0.1,0.2,-3.0681231358581993,-1.0268066174927495,nan
1,100,0.1,0.2,-12.76057920544623,-17.882431615971118,nan
2,100,0.1,0.2,9.564751393546182,0.8894586254398547,nan
0,50,0.1,0.1,4.699981685837744,0.6611544149547905,nan
1,50,0.1,0.1,-5.0417271142903815,-2.192807327096498,nan
2,50,0.1,0.1,8.43112713793902,0.8564883075330059,nan
0,100,0.1,0.1,-14.028427027768979,-24.283820752739057,nan
1,100,0.1,0.1,10.247434449803244,0.905538126465643,nan
2,100,0.1,0.1,4.533931742257545,0.6479479919786932,nan
0,200,0.1,0.1,19.564806043905072,0.9889460016451722,nan
1,200,0.1,0.1,-8.886339538778623,-6.738093158723501,nan
2,200,0.1,0.1,0.27994918499476656,0.06242702298377878,nan
0,100,0.0,0.1,11.842754008921172,0.9345778821385723,nan
1,100,0.0,0.1,-13.876935990138948,-23.41707285359106,nan
2,100,0.0,0.1,27.975445290014207,0.9984061205510187,nan
0,100,0.1,0.1,-8.769036853783067,-6.531885086272801,nan
1,100,0.1,0.1,-3.168395659204511,-1.0741471587389406,nan
2,100,0.1,0.1,6.941063900840635,0.7977476344127143,nan
0,100,0.2,0.1,-12.007159490329792,-14.875080968814887,nan
1,100,0.2,0.1,6.809535076332557,0.7915285954725371,nan
2,100,0.2,0.1,-2.916320201708466,-0.9571856378300152,nan
0,100,0.3,0.1,-9.332107522856752,-7.574538452608877,nan
1,100,0.3,0.1,-13.785439166775745,-22.90803685701724,nan
2,100,0.3,0.1,-7.771258383956347,-4.985850121054915,nan
0,100,0.1,0.0,-14.036539916612604,-24.331096633078005,nan
1,100,0.1,0.0,-14.036071132107645,-24.328362501004243,nan
2,100,0.1,0.0,-13.955086176019748,-23.860428936958833,nan
0,100,0.1,0.1,4.259250281348088,0.6249622609153505,nan
1,100,0.1,0.1,-13.940156415508119,-23.77511286077217,nan
2,100,0.1,0.1,32.39155536937278,0.9994234400610535,nan
0,100,0.1,0.2,-12.224374465225885,-15.689274064324568,nan
1,100,0.1,0.2,4.75391230286987,0.6653361755784457,nan
2,100,0.1,0.2,19.74379160195471,0.989392309501341,nan
0,50,0.1,0.1,8.008903393775801,0.8418352640578568,nan
1,50,0.1,0.1,-7.4193060541921945,-4.519892315705433,nan
2,50,0.1,0.1,-6.757066304584947,-3.73921739024017,nan
0,100,0.1,0.1,-13.894299086719052,-23.514887730500405,nan
1,100,0.1,0.1,18.663627189673882,0.9863969190956897,nan
2,100,0.1,0.1,3.5197143089225476,0.5553394824783672,nan
0,200,0.1,0.1,-14.033161960161276,-24.311401685017536,nan
1,200,0.1,0.1,41.85740007334133,0.9999347981388398,nan
2,200,0.1,0.1,17.772355913671912,0.9832981565499425,nan
0,100,0.0,0.1,25.902533272648153,0.9974311031113835,nan
1,100,0.0,0.1,-13.9163918359505,-23.63991376771654,nan
2,100,0.0,0.1,-5.789177447446968,-2.792431496229729,nan
0,100,0.1,0.1,-13.491117344396526,-21.34146945876631,nan
1,100,0.1,0.1,-4.58551157478999,-1.8744261651186926,nan
2,100,0.1,0.1,4.441576736386854,0.6403812506413609,nan
0,100,0.2,0.1,-7.902547545902569,-5.1695679896881925,nan
1,100,0.2,0.1,-13.61178127656165,-21.970906160246297,nan
2,100,0.2,0.1,15.420061856108937,0.9712926030591177,nan
0,100,0.3,0.1,2.341129395258589,0.41670660257256764,nan
1,100,0.3,0.1,-3.7953819967388402,-1.3962835127806428,nan
2,100,0.3,0.1,-0.9732092902330715,-0.25118327106296356,nan
0,100,0.1,0.0,-14.036736925455674,-24.332245752728806,nan
1,100,0.1,0.0,-14.036099771037707,-24.328529525828216,nan
2,100,0.1,0.0,-13.705183149278085,-22.470282387227073,nan
0,100,0.1,0.1,-12.877501560268012,-18.397696322743805,nan
1,100,0.1,0.1,30.366122262735512,0.9990808470746952,nan
2,100,0.1,0.1,-3.7089177571682885,-1.3490473755863164,nan
0,100,0.1,0.2,0.13985951843173053,0.031690822274290986,nan
1,100,0.1,0.2,-8.554046516394626,-6.1681098409093025,nan
2,100,0.1,0.2,-12.518727740103683,-16.859643023478206,nan
0,50,0.1,0.1,-8.103036669797296,-5.461058406475811,nan
1,50,0.1,0.1,-4.047826764197761,-1.539701505554282,nan
2,50,0.1,0.1,3.7224996978219274,0.5756247668562826,nan
0,100,0.1,0.1,-12.758716681769362,-17.87433539619691,nan
1,100,0.1,0.1,-14.002996019640662,-24.136198768599602,nan
2,100,0.1,0.1,14.434639066826424,0.9639806315896047,nan
0,200,0.1,0.1,-11.846608724876367,-14.298923481601983,nan
1,200,0.1,0.1,5.281717118938703,0.7036340617497867,nan
2,200,0.1,0.1,2.467714159719593,0.4334626014266999,nan
0,100,0.0,0.1,-14.004804830461751,-24.14667002711983,nan
1,100,0.0,0.1,-14.02232460332479,-24.248318515892564,nan
2,100,0.0,0.1,23.944704873508527,0.9959679165430875,nan
0,100,0.1,0.1,-6.993840458549331,-4.004769102134947,nan
1,100,0.1,0.1,-13.958287504752882,-23.878761139851186,nan
2,100,0.1,0.1,2.068126965222454,0.3788631382591173,nan
0,100,0.2,0.1,-8.58751615223748,-6.223565501633072,nan
1,100,0.2,0.1,-6.233877585714377,-3.20133931945886,nan
2,100,0.2,0.1,-8.96502857054347,-6.879576151007166,nan
0,100,0.3,0.1,-4.3509816366885055,-1.7233167903568374,nan
1,100,0.3,0.1,-14.010305704913531,-24.178541561900364,nan
2,100,0.3,0.1,5.596302020232397,0.7243425096115819,nan
0,100,0.1,0.0,-14.036710631412234,-24.332092380954208,nan
1,100,0.1,0.0,-14.036656962758041,-24.33177933739452,nan
2,100,0.1,0.0,-13.586503343540208,-21.83759328614411,nan
0,100,0.1,0.1,-13.448874375080166,-21.12521183609487,nan
1,100,0.1,0.1,-13.556238249407368,-21.678996027532772,nan
2,100,0.1,0.1,8.975943462250912,0.8734081770706497,nan
0,100,0.1,0.2,-11.876599546417857,-14.404937995855203,nan
1,100,0.1,0.2,-7.372341373613822,-4.460521700501484,nan
2,100,0.1,0.2,2.9394992814492094,0.49178196596777934,nan
0,50,0.1,0.1,8.255190552360755,0.8505551529945256,nan
1,50,0.1,0.1,3.2231300643630334,0.5239122647096658,nan
2,50,0.1,0.1,22.870785510985698,0.9948367702681404,nan
0,100,0.1,0.1,13.455877407168565,0.9548755149076559,nan
1,100,0.1,0.1,39.23395592646117,0.9998807098987078,nan
2,100,0.1,0.1,-2.971343775979729,-0.9821402365455327,nan
0,200,0.1,0.1,-9.754951895672338,-8.45137923627964,nan
1,200,0.1,0.1,5.409749473789715,0.71224355954711,nan
2,200,0.1,0.1,-12.461346904202113,-16.625225836317536,nan
0,100,0.0,0.1,-13.88125587624704,-23.441372368110443,nan
1,100,0.0,0.1,-14.011156015242907,-24.183471781118126,nan
2,100,0.0,0.1,0.9799121555534668,0.2019891715850567,nan
0,100,0.1,0.1,-14.03666528263242,-24.331827866084733,nan
1,100,0.1,0.1,-13.85133050491576,-23.27353625429871,nan
2,100,0.1,0.1,-12.29507249025032,-15.963179161091514,nan
0,100,0.2,0.1,-8.149025643520408,-5.529840367163557,nan
1,100,0.2,0.1,-2.9422588319376635,-0.9689100836473954,nan
2,100,0.2,0.1,68.74979599741498,0.9999998666415927,nan
0,100,0.3,0.1,-12.591250196321099,-17.160383674869106,nan
1,100,0.3,0.1,-13.868853935064621,-23.371675864131507,nan
2,100,0.3,0.1,41.347651473905316,0.9999266779071548,nan
0,100,0.1,0.0,-14.036704222612055,-24.332054998900055,nan
1,100,0.1,0.0,-14.036012407901467,-24.328020019580304,nan
2,100,0.1,0.0,-13.576284288693634,-21.7839190465403,nan
0,100,0.1,0.1,-3.5462489675153206,-1.262689162574242,nan
1,100,0.1,0.1,-13.972743764732874,-23.961712479197324,nan
2,100,0.1,0.1,-11.612483244793054,-13.496004811364358,nan
0,100,0.1,0.2,-9.484328024851186,-7.880405609521105,nan
1,100,0.1,0.2,22.701360445362496,0.9946313640470693,nan
2,100,0.1,0.2,7.356459924427612,0.8161964024214694,nan
0,50,0.1,0.1,-1.698241954494161,-0.47850975896184966,nan
1,50,0.1,0.1,-3.969322200268359,-1.494205428029396,nan
2,50,0.1,0.1,6.474032845232603,0.7747853095857082,nan
0,100,0.1,0.1,-12.975155081197002,-18.838804974946356,nan
1,100,0.1,0.1,-10.099311977312937,-9.231308918954872,nan
2,100,0.1,0.1,6.405816077243685,0.7712198226743104,nan
0,200,0.1,0.1,-14.020758409587637,-24.239214870666544,nan
1,200,0.1,0.1,-5.780700952133595,-2.785036703529309,nan
2,200,0.1,0.1,49.448930411055834,0.9999886470961722,nan
0,100,0.0,0.1,22.096825344319342,0.9938295410766426,nan
1,100,0.0,0.1,-12.989675497068037,-18.90524602305291,nan
2,100,0.0,0.1,2.3266297749706175,0.4147559291758893,nan
0,100,0.1,0.1,-11.432133625197832,-12.906356623564877,nan
1,100,0.1,0.1,-10.780996974762953,-10.970152889003494,nan
2,100,0.1,0.1,7.721967129310619,0.8310324577258805,nan
0,100,0.2,0.1,-14.030721096855752,-24.297179926315156,nan
1,100,0.2,0.1,14.820120633342853,0.967039944321614,nan
2,100,0.2,0.1,-7.080852388119534,-4.106052064300297,nan
0,100,0.3,0.1,-13.01724618642973,-19.032014165693514,nan
1,100,0.3,0.1,-13.400361821836276,-20.879438995566083,nan
2,100,0.3,0.1,-2.106592758920062,-0.6242739377091422,nan
0,100,0.1,0.0,-14.036606197321142,-24.33148323155319,nan
1,100,0.1,0.0,-14.0364413746374,-24.330521873765775,nan
2,100,0.1,0.0,-11.531090564532725,-13.22685995460704,nan
0,100,0.1,0.1,-13.740441771134083,-22.661603747756395,nan
1,100,0.1,0.1,9.02970699572469,0.8749656616051291,nan
2,100,0.1,0.1,11.7210889877287,0.9327192070576453,nan
0,100,0.1,0.2,-9.88479113974763,-8.73820951351004,nan
1,100,0.1,0.2,-12.776512874725372,-17.951835909033864,nan
2,100,0.1,0.2,20.51189614915569,0.9911118702659298,nan
0,50,0.1,0.1,-9.979123204132316,-8.952044755257562,nan
1,50,0.1,0.1,-6.651786275712913,-3.6257124022612777,nan
2,50,0.1,0.1,14.491571813657917,0.9644497369462776,nan
0,100,0.1,0.1,18.33059977034623,0.9853127657033748,nan
1,100,0.1,0.1,-13.840154234301526,-23.21115028108301,nan
2,100,0.1,0.1,-1.1559000823386527,-0.30493839120854416,nan
0,200,0.1,0.1,1.2955324460830189,0.2579267861934448,nan
1,200,0.1,0.1,-14.016276216456534,-24.21317984531001,nan
2,200,0.1,0.1,-6.628249868454565,-3.600711355201838,nan
0,100,0.0,0.1,-3.5832535889290105,-1.2820510680543111,nan
1,100,0.0,0.1,-13.92282365879936,-23.67643206983896,nan
2,100,0.0,0.1,19.735572296633727,0.9893722147483561,nan
0,100,0.1,0.1,-13.346470422914614,-20.609615636507506,nan
1,100,0.1,0.1,-13.666014984716872,-22.25956018904551,nan
2,100,0.1,0.1,31.54037540673366,0.9992986053331727,nan
0,100,0.2,0.1,-12.160094921132591,-15.44407663651345,nan
1,100,0.2,0.1,-13.888630765501746,-23.482912280483205,nan
2,100,0.2,0.1,-6.603269133658873,-3.5743239038108383,nan
0,100,0.3,0.1,-14.022823939505432,-24.25122164366997,nan
1,100,0.3,0.1,-11.572988757005533,-13.364776581392873,nan
2,100,0.3,0.1,-1.6821525443992185,-0.4730424227266963,nan
0,100,0.1,0.0,-14.036549034868191,-24.331149817188205,nan
1,100,0.1,0.0,-14.036332048524438,-24.329884229781,nan
2,100,0.1,0.0,-11.272672211161812,-12.405012432808393,nan
0,100,0.1,0.1,-1.8862246553052164,-0.5439117254534054,nan
1,100,0.1,0.1,-9.40930251767264,-7.728311793605926,nan
2,100,0.1,0.1,33.63680720420175,0.9995671680815539,nan
0,100,0.1,0.2,-7.213038829175442,-4.263854580332522,nan
1,100,0.1,0.2,-9.903302616953006,-8.779806491643841,nan
2,100,0.1,0.2,25.81252024295128,0.9973773038682402,nan
0,50,0.1,0.1,-11.239826787001094,-12.304013555023605,nan
1,50,0.1,0.1,-9.970571689158213,-8.932467871412085,nan
2,50,0.1,0.1,-9.17857739181308,-7.276710010658274,nan
0,100,0.1,0.1,-12.899773089442775,-18.497427267697987,nan
1,100,0.1,0.1,1.7390051658353813,0.3299619231879708,nan
2,100,0.1,0.1,113.9980737003571,0.9999999999960172,nan
0,200,0.1,0.1,-11.457056345923714,-12.986390017495546,nan
1,200,0.1,0.1,0.28875888315222953,0.06432696955565698,nan
2,200,0.1,0.1,84.65863496208834,0.9999999965791305,nan
0,100,0.0,0.1,-10.373794759930883,-9.898819898700859,nan
1,100,0.0,0.1,-13.925602182164504,-23.6922245755041,nan
2,100,0.0,0.1,3.4706960422028272,0.5502922253858551,nan
0,100,0.1,0.1,-8.176941800109805,-5.571948931461985,nan
1,100,0.1,0.1,-10.761329578650757,-10.916067587847076,nan
2,100,0.1,0.1,12.65460302793546,0.9457325147094098,nan
0,100,0.2,0.1,4.066830477910679,0.6079721216250817,nan
1,100,0.2,0.1,2.762383939694552,0.4706272204539451,nan
2,100,0.2,0.1,51.499870287841496,0.9999929203307085,nan
0,100,0.3,0.1,-14.034054998173582,-24.316606993622877,nan
1,100,0.3,0.1,-8.410131005976956,-5.934467236885893,nan
2,100,0.3,0.1,13.486260087548015,0.9551900982950534,nan
0,100,0.1,0.0,-14.036744007873486,-24.332287064258715,nan
1,100,0.1,0.0,-14.036190183818679,-24.32905682855141,nan
2,100,0.1,0.0,-14.036485168250179,-24.33077730428717,nan
0,100,0.1,0.1,13.620012447487866,0.9565491021193778,nan
1,100,0.1,0.1,3.719036530550116,0.5752862250107686,nan
2,100,0.1,0.1,-12.423632902504249,-16.4728315585891,nan
0,100,0.1,0.2,-13.237148992025174,-20.072443555031228,nan
1,100,0.1,0.2,-13.649336745321436,-22.170407644031314,nan
2,100,0.1,0.2,23.15024940116121,0.9951585543605803,nan
0,50,0.1,0.1,11.262957791254847,0.9252339871793572,nan
1,50,0.1,0.1,-13.15835872615024,-19.693591544356853,nan
2,50,0.1,0.1,-2.0256591312640984,-0.5942848278882082,nan
0,100,0.1,0.1,11.309228112852225,0.9260263260563014,nan
1,100,0.1,0.1,8.800614447044477,0.8681929757402745,nan
2,100,0.1,0.1,-6.962861972365317,-3.9691968040946586,nan
0,200,0.1,0.1,-14.025894346125053,-24.269080247607487,nan
1,200,0.1,0.1,5.795067560745714,0.7366743020738353,nan
2,200,0.1,0.1,5.1283876221465405,0.6929838383547522,nan
0,100,0.0,0.1,-7.808474803223834,-5.037365661767879,nan
1,100,0.0,0.1,-13.794404026063551,-22.9574396386593,nan
2,100,0.0,0.1,-12.657384989612444,-17.439048174048658,nan
0,100,0.1,0.1,26.068775374127004,0.9975275787786281,nan
1,100,0.1,0.1,24.623336453609795,0.9965512131442296,nan
2,100,0.1,0.1,-9.599303055290346,-8.118644939250053,nan
0,100,0.2,0.1,-11.553793130807383,-13.301425005758654,nan
1,100,0.2,0.1,-12.37237772110684,-16.267830305745647,nan
2,100,0.2,0.1,-5.908710540648871,-2.898262265818599,nan
0,100,0.3,0.1,-14.019792142636947,-24.23359999242821,nan
1,100,0.3,0.1,-13.9795756265687,-24.001010509016954,nan
2,100,0.3,0.1,-11.175224432415886,-12.10757777266204,nan
0,100,0.1,0.0,-14.036769896520374,-24.332438072529992,nan
1,100,0.1,0.0,-14.03578314684907,-24.326683006216594,nan
2,100,0.1,0.0,-13.96564679428973,-23.92095491122604,nan
0,100,0.1,0.1,-14.036355182960376,-24.33001915991924,nan
1,100,0.1,0.1,30.744335164054057,0.9991575066460675,nan
2,100,0.1,0.1,14.78464047688888,0.9667695706696287,nan
0,100,0.1,0.2,3.3785820172976564,0.540652033346893,nan
1,100,0.1,0.2,-13.94332462264082,-23.79319306440903,nan
2,100,0.1,0.2,-7.058197007682341,-4.079485217564055,nan
0,50,0.1,0.1,9.625710603780803,0.8909993871807713,nan
1,50,0.1,0.1,-5.519020700949709,-2.5637076563032437,nan
2,50,0.1,0.1,-9.217772854476422,-7.351746148091664,nan
0,100,0.1,0.1,-13.81383680882615,-23.06487891847192,nan
1,100,0.1,0.1,-9.564917854476473,-8.046733259464887,nan
2,100,0.1,0.1,12.727562997468798,0.946636574468151,nan
0,200,0.1,0.1,-13.861092529716846,-23.328159416521306,nan
1,200,0.1,0.1,-13.965125989674373,-23.91796657711336,nan
2,200,0.1,0.1,50.55049111202567,0.9999911905075276,nan
0,100,0.0,0.1,18.968413193516426,0.9873188488033439,nan
1,100,0.0,0.1,-13.87939276710176,-23.43088934793042,nan
2,100,0.0,0.1,85.96052862856149,0.99999999746518,nan
0,100,0.1,0.1,-14.03001549966479,-24.293070233490155,nan
1,100,0.1,0.1,1.2651130158710986,0.252710812668144,nan
2,100,0.1,0.1,54.6483929431234,0.999996571053527,nan
0,100,0.2,0.1,-13.899392193566413,-23.54365396820578,nan
1,100,0.2,0.1,-9.388248002591192,-7.68609950649244,nan
2,100,0.2,0.1,12.97070182449756,0.9495420249649175,nan
0,100,0.3,0.1,-13.696746796341381,-22.424734630277374,nan
1,100,0.3,0.1,-13.76397412393636,-22.79016271222094,nan
2,100,0.3,0.1,19.06022297964101,0.987584114408755,nan
0,100,0.1,0.0,-14.036539994803615,-24.33109708914275,nan
1,100,0.1,0.0,-14.036191350410034,-24.329063632382432,nan
2,100,0.1,0.0,-10.568364839048115,-10.398205532397414,nan
0,100,0.1,0.1,-13.62665134145788,-22.049692404047427,nan
1,100,0.1,0.1,-13.152611458635235,-19.666224642034923,nan
2,100,0.1,0.1,-8.079201573817592,-5.425695736251137,nan
0,100,0.1,0.2,-10.56210371913252,-10.38178485095821,nan
1,100,0.1,0.2,18.55465508018803,0.9860512756498356,nan
2,100,0.1,0.2,-2.550051709941139,-0.7988923337898097,nan
0,50,0.1,0.1,-12.630105058044169,-17.323587475251998,nan
1,50,0.1,0.1,-1.8451137722872035,-0.5293658107471078,nan
2,50,0.1,0.1,-6.307479253117817,-3.2731479064637803,nan
0,100,0.1,0.1,31.489858186829384,0.9992903990613263,nan
1,100,0.1,0.1,-13.96365036563994,-23.90950151344737,nan
2,100,0.1,0.1,-4.571406424784415,-1.8651056591541075,nan
0,200,0.1,0.1,-0.7135580404476721,-0.17857114500813043,nan
1,200,0.1,0.1,-13.992090217036758,-24.073157093081154,nan
2,200,0.1,0.1,50.54850811737681,0.9999911864841826,nan
0,100,0.0,0.1,-7.571703629861041,-4.717028575849093,nan
1,100,0.0,0.1,-13.764761092796196,-22.79447402963118,nan
2,100,0.0,0.1,11.44452883460957,0.928295383641539,nan
0,100,0.1,0.1,-2.4720383898000486,-0.76686691674301,nan
1,100,0.1,0.1,-3.4442013469172847,-1.2101417812158655,nan
2,100,0.1,0.1,5.447261685253134,0.714718354084514,nan
0,100,0.2,0.1,-13.70484540484365,-22.46845720883885,nan
1,100,0.2,0.1,-12.891172622161095,-18.458854118838524,nan
2,100,0.2,0.1,-10.096127724330115,-9.223810058916875,nan
0,100,0.3,0.1,5.6182112340966786,0.7257296399843906,nan
1,100,0.3,0.1,-2.5370257647825105,-0.7935049369075311,nan
2,100,0.3,0.1,13.789328400361999,0.9582105014429321,nan
0,100,0.1,0.0,-14.0367534378443,-24.33234206909921,nan
1,100,0.1,0.0,-14.036193908945318,-24.329078554359292,nan
2,100,0.1,0.0,-12.52787151536926,-16.897284900818743,nan
0,100,0.1,0.1,-13.174072210041148,-19.768599953925033,nan
1,100,0.1,0.1,4.859994857938452,0.6734117811463228,nan
2,100,0.1,0.1,14.474447808082648,0.964309287397105,nan
0,100,0.1,0.2,-13.494295763419768,-21.357826227193318,nan
1,100,0.1,0.2,-3.773690002774383,-1.3843444780642251,nan
2,100,0.1,0.2,-0.35147036838226564,-0.08429395568474929,nan
0,50,0.1,0.1,-8.967303034986902,-6.8837038823763494,nan
1,50,0.1,0.1,-3.1427203625729683,-1.0619210686377243,nan
2,50,0.1,0.1,-8.864677526434127,-6.699592710009172,nan
0,100,0.1,0.1,-13.89479777706496,-23.517702880193124,nan
1,100,0.1,0.1,-13.433064130033575,-21.044812686523585,nan
2,100,0.1,0.1,44.796483044290156,0.9999668600616957,nan
0,200,0.1,0.1,-14.011614324385768,-24.186129522551678,nan
1,200,0.1,0.1,1.37774553593893,0.271842299951914,nan
2,200,0.1,0.1,5.265320735886146,0.7025130449794899,nan
0,100,0.0,0.1,25.63254354454405,0.9972663327770945,nan
1,100,0.0,0.1,19.887636012485135,0.9897378963046508,nan
2,100,0.0,0.1,48.498804447791414,0.9999858707354994,nan
0,100,0.1,0.1,-3.5821029310296346,-1.281446521515233,nan
1,100,0.1,0.1,-13.675674531716005,-22.311351513097613,nan
2,100,0.1,0.1,4.61174001692572,0.6541991963048077,nan
0,100,0.2,0.1,-3.1816249636029212,-1.0804749755389076,nan
1,100,0.2,0.1,-11.359719808123465,-12.676405872782466,nan
2,100,0.2,0.1,16.52468074392916,0.977739653222359,nan
0,100,0.3,0.1,-9.525745569372141,-7.965500868028595,nan
1,100,0.3,0.1,-12.301283522420379,-15.987456288918338,nan
2,100,0.3,0.1,5.19975714417209,0.6979879400320826,nan
0,100,0.1,0.0,-14.036686673133737,-24.33195263438236,nan
1,100,0.1,0.0,-14.035458314301021,-24.324788756195822,nan
2,100,0.1,0.0,-13.969244804433513,-23.941609790669215,nan
0,100,0.1,0.1,-13.721547971212098,-22.558888520741835,nan
1,100,0.1,0.1,-13.216843799990892,-19.97415050192604,nan
2,100,0.1,0.1,-1.2921284247997558,-0.34652010561449065,nan
0,100,0.1,0.2,1.1298735519951064,0.2290740851922337,nan
1,100,0.1,0.2,-10.179986336783998,-9.423141501930443,nan
2,100,0.1,0.2,7.098961567508285,0.8049689121216879,nan
0,50,0.1,0.1,-1.7868828968249955,-0.5089966988092993,nan
1,50,0.1,0.1,13.6624317210341,0.9569714384412565,nan
2,50,0.1,0.1,14.582550430197925,0.9651867188873742,nan
0,100,0.1,0.1,-13.317736915625984,-20.46711543184137,nan
1,100,0.1,0.1,-13.719230619051917,-22.546321085373076,nan
2,100,0.1,0.1,4.843994584844566,0.6722063459788339,nan
0,200,0.1,0.1,28.120663879342747,0.9984585351993329,nan
1,200,0.1,0.1,-14.01033884789463,-24.17873371150071,nan
2,200,0.1,0.1,38.63644269183534,0.9998631150408126,nan
0,100,0.0,0.1,32.75684200933709,0.999469951269034,nan
1,100,0.0,0.1,16.381345653501857,0.9769927116966096,nan
2,100,0.0,0.1,5.871403197252398,0.7412623196461521,nan
0,100,0.1,0.1,-1.4516304938455307,-0.39689270514890795,nan
1,100,0.1,0.1,-10.416174644960366,-10.00569478268436,nan
2,100,0.1,0.1,59.37209816283761,0.9999988444461637,nan
0,100,0.2,0.1,-12.639722998789274,-17.364212092049186,nan
1,100,0.2,0.1,-13.127955223543319,-19.549228546523214,nan
2,100,0.2,0.1,-8.067531390421678,-5.408452048558325,nan
0,100,0.3,0.1,2.3070405697751717,0.4121101758235042,nan
1,100,0.3,0.1,-4.7185417629376065,-1.963836050777124,nan
2,100,0.3,0.1,9.137908869439064,0.8780423315515211,nan
0,100,0.1,0.0,-14.036723022912508,-24.33216465980889,nan
1,100,0.1,0.0,-14.0360379081621,-24.328168737336327,nan
2,100,0.1,0.0,-13.999939334643607,-24.118513439301537,nan
0,100,0.1,0.1,-13.342281431292232,-20.588782109975266,nan
1,100,0.1,0.1,-11.54799207415592,-13.282334735006517,nan
2,100,0.1,0.1,12.152439475455816,0.9390805389577404,nan
0,100,0.1,0.2,3.3876548248812637,0.5416106514495669,nan
1,100,0.1,0.2,-0.8676513191286175,-0.22113908495612877,nan
2,100,0.1,0.2,4.2605113071312894,0.6250711417840351,nan
0,50,0.1,0.1,-9.60274329072909,-8.125871076110194,nan
1,50,0.1,0.1,0.8067832124110645,0.1695343403726326,nan
2,50,0.1,0.1,-0.0039475080680188256,-0.0009093605409957739,nan
0,100,0.1,0.1,-13.476155184622876,-21.26463185405264,nan
1,100,0.1,0.1,11.077715416204509,0.9219759555938652,nan
2,100,0.1,0.1,-6.422674828072383,-3.3880087286787166,nan
0,200,0.1,0.1,-13.036963647823427,-19.1231685480183,nan
1,200,0.1,0.1,-7.665584071777404,-4.841957688365115,nan
2,200,0.1,0.1,76.89203378867393,0.9999999795451349,nan
0,100,0.0,0.1,-12.127912437099319,-15.322671625486027,nan
1,100,0.0,0.1,-13.50321902837804,-21.403811132165714,nan
2,100,0.0,0.1,-4.254756416309815,-1.6636406963825112,nan
0,100,0.1,0.1,1.531158502335201,0.29711520317495643,nan
1,100,0.1,0.1,-13.923986659466687,-23.68304107619948,nan
2,100,0.1,0.1,26.956251562537336,0.9979845369350747,nan
0,100,0.2,0.1,-13.912551534372877,-23.61813525579294,nan
1,100,0.2,0.1,-6.106489230993687,-3.079894406745283,nan
2,100,0.2,0.1,-10.929225907680129,-11.385758014393973,nan
0,100,0.3,0.1,-13.978537082988849,-23.99503264473921,nan
1,100,0.3,0.1,-13.846372900674178,-23.245843080117375,nan
2,100,0.3,0.1,14.122695402164267,0.9612982627816906,nan
0,100,0.1,0.0,-14.036725692438525,-24.332180231016043,nan
1,100,0.1,0.0,-14.036563585055461,-24.331234684393845,nan
2,100,0.1,0.0,-14.001626421928153,-24.128273028359786,nan
0,100,0.1,0.1,-13.950779602095352,-23.835788925702754,nan
1,100,0.1,0.1,-1.7593661426492009,-0.49946597090005485,nan
2,100,0.1,0.1,8.297490863959588,0.8520036810165483,nan
0,100,0.1,0.2,28.936573077953284,0.9987225535839668,nan
1,100,0.1,0.2,-5.361115684004223,-2.4364621780923894,nan
2,100,0.1,0.2,17.29255808576346,0.9813471932232167,nan
0,50,0.1,0.1,4.1329204242840465,0.6138927490653281,nan
1,50,0.1,0.1,-0.6589540477799415,-0.16384569575626995,nan
2,50,0.1,0.1,36.806946169383565,0.9997914042848979,nan
0,100,0.1,0.1,-13.159565848136713,-19.699344129814108,nan
1,100,0.1,0.1,-11.375031256523746,-12.724708387552145,nan
2,100,0.1,0.1,-1.4133403684962131,-0.38463095601553143,nan
0,200,0.1,0.1,-13.439334543492066,-21.076664329447585,nan
1,200,0.1,0.1,-9.688969249294018,-8.30886913365606,nan
2,200,0.1,0.1,32.75037240016989,0.9994691610762602,nan
0,100,0.0,0.1,0.6414447636949514,0.1373084908126857,nan
1,100,0.0,0.1,-13.930734880309839,-23.721424268894772,nan
2,100,0.0,0.1,20.04025318810543,0.9900922581765337,nan
0,100,0.1,0.1,-8.68372005344985,-6.385365704634576,nan
1,100,0.1,0.1,-13.94979416497047,-23.830154193277977,nan
2,100,0.1,0.1,8.010592192018237,0.8418967560666294,nan
0,100,0.2,0.1,29.154099338959476,0.9987849614250403,nan
1,100,0.2,0.1,12.094970788543941,0.9382690555986939,nan
2,100,0.2,0.1,34.67161259175831,0.9996589337542151,nan
0,100,0.3,0.1,-6.169109652163986,-3.1391480937732394,nan
1,100,0.3,0.1,-11.888514781650223,-14.447260773428727,nan
2,100,0.3,0.1,1.7193414634084547,0.3269212900691202,nan
0,100,0.1,0.0,-14.036728483782337,-24.332196512790322,nan
1,100,0.1,0.0,-14.036457993025145,-24.330618801831218,nan
2,100,0.1,0.0,-14.03605295811428,-24.32825650920649,nan
0,100,0.1,0.1,-13.97257082673795,-23.960718512490864,nan
1,100,0.1,0.1,13.726429417214455,0.9576008589672629,nan
2,100,0.1,0.1,11.714220192768623,0.9326127116629652,nan
0,100,0.1,0.2,9.151263184488961,0.8784167686531067,nan
1,100,0.1,0.2,4.166710674031201,0.6168851971931149,nan
2,100,0.1,0.2,-9.063935408367866,-7.061085747049482,nan
0,50,0.1,0.1,1.8346093095732863,0.3445507527385592,nan
1,50,0.1,0.1,-7.219360144406353,-4.271521892119345,nan
2,50,0.1,0.1,3.8026099162367615,0.5833810611853831,nan
0,100,0.1,0.1,-13.995190839187748,-24.091064330682393,nan
1,100,0.1,0.1,-2.821307547979882,-0.9148323445707809,nan
2,100,0.1,0.1,1.976550443658813,0.3656266125538066,nan
0,200,0.1,0.1,-14.035565372744509,-24.325413048236502,nan
1,200,0.1,0.1,-13.960897023736292,-23.893714382550716,nan
2,200,0.1,0.1,9.45552558099348,0.8866432353981168,nan
0,100,0.0,0.1,-7.446759412341496,-4.554896113058317,nan
1,100,0.0,0.1,0.24192632049215387,0.05418245065481009,nan
2,100,0.0,0.1,31.094084017531628,0.9992226947549012,nan
0,100,0.1,0.1,-1.3093020575479604,-0.35185529287280426,nan
1,100,0.1,0.1,15.772823551426217,0.9735322121550346,nan
2,100,0.1,0.1,10.404335947262066,0.9088899247622786,nan
0,100,0.2,0.1,-12.814009342111714,-18.1161722081673,nan
1,100,0.2,0.1,-7.162267212347844,-4.2026752867980015,nan
2,100,0.2,0.1,7.822105314377291,0.8348838823519845,nan
0,100,0.3,0.1,-13.61065969658102,-21.96497461309011,nan
1,100,0.3,0.1,31.39207244077468,0.9992742404555788,nan
2,100,0.3,0.1,33.25409517798818,0.9995272946885329,nan
0,100,0.1,0.0,-14.036719520111209,-24.332144228164655,nan
1,100,0.1,0.0,-14.036403489928421,-24.33030090958044,nan
2,100,0.1,0.0,-13.67499292809725,-22.307693199345337,nan
0,100,0.1,0.1,15.505948267133167,0.9718547459395004,nan
1,100,0.1,0.1,-12.680154755346324,-17.535976728469315,nan
2,100,0.1,0.1,-11.371621714443464,-12.713937675803292,nan
0,100,0.1,0.2,-13.902826390883176,-23.563069615491877,nan
1,100,0.1,0.2,-13.127488088319188,-19.547018352140437,nan
2,100,0.1,0.2,8.527432951776419,0.8596356868617565,nan
0,50,0.1,0.1,-5.029268222050397,-2.18366103569399,nan
1,50,0.1,0.1,1.3791461195297656,0.2720770902470162,nan
2,50,0.1,0.1,10.390244752456855,0.9085938273151001,nan
0,100,0.1,0.1,-3.359266260741159,-1.1673379027799875,nan
1,100,0.1,0.1,-11.77104060718081,-14.035021750725026,nan
2,100,0.1,0.1,-11.57799985295024,-13.381360908735648,nan
0,200,0.1,0.1,23.583754907824762,0.9956184829177683,nan
1,200,0.1,0.1,-13.333641516686598,-20.545875781051457,nan
2,200,0.1,0.1,54.28181884241053,0.9999962690612811,nan
0,100,0.0,0.1,-12.020202130255566,-14.922828336907576,nan
1,100,0.0,0.1,-13.909285363430605,-23.59962781134049,nan
2,100,0.0,0.1,14.296763280574389,0.9628187769104206,nan
0,100,0.1,0.1,2.0149955962408668,0.3712175082949357,nan
1,100,0.1,0.1,5.99436390938115,0.7484851632076549,nan
2,100,0.1,0.1,1.2958315136971343,0.25797788572005753,nan
0,100,0.2,0.1,-12.291869239655984,-15.950672145235334,nan
1,100,0.2,0.1,-12.750240277978435,-17.837533072348243,nan
2,100,0.2,0.1,10.186116409311927,0.9041949594417008,nan
0,100,0.3,0.1,-7.735676910961351,-4.9370087787589325,nan
1,100,0.3,0.1,-8.950006775774522,-6.852368597197563,nan
2,100,0.3,0.1,-2.2780170680433205,-0.6896692745410224,nan
0,100,0.1,0.0,-14.036557453562509,-24.331198921061866,nan
1,100,0.1,0.0,-14.035678317157597,-24.326071679931427,nan
2,100,0.1,0.0,-14.036893815407163,-24.33316090287723,nan
0,100,0.1,0.1,10.617917571072395,0.9132622318959347,nan
1,100,0.1,0.1,40.05017259725217,0.9999011486191626,nan
2,100,0.1,0.1,15.744612929677626,0.9733597247906952,nan
0,100,0.1,0.2,-13.978195135899853,-23.993064707650728,nan
1,100,0.1,0.2,-13.43309331412206,-21.04496082562103,nan
2,100,0.1,0.2,12.246745775881775,0.9403891351940823,nan
0,50,0.1,0.1,-6.282824689422605,-3.2489583007024674,nan
1,50,0.1,0.1,4.021718442917745,0.6038787364382183,nan
2,50,0.1,0.1,11.209549153542927,0.9243088533144672,nan
0,100,0.1,0.1,-0.3910961374158678,-0.0942325102006607,nan
1,100,0.1,0.1,29.451147715607124,0.9988652890954635,nan
2,100,0.1,0.1,-7.1074063343738185,-4.137367493848274,nan
0,200,0.1,0.1,-14.03547300284993,-24.32487440891369,nan
1,200,0.1,0.1,-7.969932262213739,-5.266040913257265,nan
2,200,0.1,0.1,-12.96193351862205,-18.77850000974734,nan
0,100,0.0,0.1,5.265114295895977,0.702498903730573,nan
1,100,0.0,0.1,-13.460702608397552,-21.1855531211267,nan
2,100,0.0,0.1,14.59656460320941,0.9652988762014177,nan
0,100,0.1,0.1,-13.914313261382969,-23.628123693012565,nan
1,100,0.1,0.1,-13.918703499859614,-23.653032599194727,nan
2,100,0.1,0.1,9.045868229297408,0.8754300824295275,nan
0,100,0.2,0.1,-6.646132032247381,-3.6196939317137318,nan
1,100,0.2,0.1,-11.729615295799437,-13.892291538411875,nan
2,100,0.2,0.1,-4.935827301347265,-2.115894396059459,nan
0,100,0.3,0.1,-12.56880533070733,-17.066770719143268,nan
1,100,0.3,0.1,-9.711195444707226,-8.356631905851629,nan
2,100,0.3,0.1,13.85076595393099,0.9587975155066056,nan
0,100,0.1,0.0,-14.036625568886613,-24.331596222070168,nan
1,100,0.1,0.0,-14.036480145705024,-24.33074800967152,nan
2,100,0.1,0.0,-14.035887727803916,-24.32729289666963,nan
0,100,0.1,0.1,-14.034295624556822,-24.318009731303633,nan
1,100,0.1,0.1,-3.6125558255296735,-1.2975003306094406,nan
2,100,0.1,0.1,-4.653849747425821,-1.9200142761061283,nan
0,100,0.1,0.2,-13.46751646346169,-21.22038842300228,nan
1,100,0.1,0.2,-11.713497665726003,-13.837125376495322,nan
2,100,0.1,0.2,19.128826932627273,0.9877787027648833,nan
0,50,0.1,0.1,-3.9387508898608092,-1.4767096083264168,nan
1,50,0.1,0.1,1.6599011127680954,0.31764576908416264,nan
2,50,0.1,0.1,-4.1374026350614095,-1.5926283371091725,nan
0,100,0.1,0.1,-10.127321692610714,-9.297508740603748,nan
1,100,0.1,0.1,-9.659025100324554,-8.244906219631789,nan
2,100,0.1,0.1,0.037107206304259475,0.008507851643131725,nan
0,200,0.1,0.1,-13.801461072016025,-22.996400803863857,nan
1,200,0.1,0.1,-3.6185165070751992,-1.3006558093556033,nan
2,200,0.1,0.1,-11.686369485448072,-13.744734217490283,nan
0,100,0.0,0.1,18.550025147085204,0.9860363972435476,nan
1,100,0.0,0.1,10.686558567160418,0.914622360516282,nan
2,100,0.0,0.1,-12.140378144805343,-15.369590469808443,nan
0,100,0.1,0.1,2.6965590809182,0.4625425442521297,nan
1,100,0.1,0.1,-3.86312701532795,-1.4339558798133103,nan
2,100,0.1,0.1,43.92270187838754,0.9999594743665317,nan
0,100,0.2,0.1,-8.286474047294853,-5.739806137162734,nan
1,100,0.2,0.1,-13.974800270328512,-23.973535345815705,nan
2,100,0.2,0.1,14.193632559584731,0.9619252777375528,nan
0,100,0.3,0.1,-2.562631624539603,-0.8041106176529489,nan
1,100,0.3,0.1,-13.553321421199755,-21.663769371695874,nan
2,100,0.3,0.1,17.311658076286093,0.9814290469358294,nan
0,100,0.1,0.0,-14.036628648586467,-24.331614185397836,nan
1,100,0.1,0.0,-14.036254951260092,-24.32943457003908,nan
2,100,0.1,0.0,-14.026142333446131,-24.270523183378266,nan
0,100,0.1,0.1,-13.068594311647132,-19.270265222009044,nan
1,100,0.1,0.1,-13.440715421213786,-21.083684916224996,nan
2,100,0.1,0.1,78.86867680943581,0.9999999870242545,nan
0,100,0.1,0.2,15.010348836210735,0.9684524878432546,nan
1,100,0.1,0.2,-14.026030461106803,-24.269872234252578,nan
2,100,0.1,0.2,41.217733252028054,0.9999244513558132,nan
0,50,0.1,0.1,12.928014346045352,0.9490436202636257,nan
1,50,0.1,0.1,-0.6464106669158276,-0.1604891027553017,nan
2,50,0.1,0.1,5.4221208346267105,0.7130620993344541,nan
0,100,0.1,0.1,-10.779227459061962,-10.965276690982257,nan
1,100,0.1,0.1,-13.39348579558548,-20.844825485598385,nan
2,100,0.1,0.1,9.81995373786561,0.8957671467521616,nan
0,200,0.1,0.1,-7.124435094701261,-4.157550742535164,nan
1,200,0.1,0.1,-13.484044515988515,-21.305114224155062,nan
2,200,0.1,0.1,-1.324171784121226,-0.3564918175505316,nan
0,100,0.0,0.1,-13.734864954193833,-22.631239156193754,nan
1,100,0.0,0.1,6.72149645602591,0.7872594124255916,nan
2,100,0.0,0.1,-13.706110890661513,-22.475296652672938,nan
0,100,0.1,0.1,-12.04637491165727,-15.01907708202122,nan
1,100,0.1,0.1,-12.219098508597101,-15.669011678492105,nan
2,100,0.1,0.1,22.53311471776781,0.9944193019105941,nan
0,100,0.2,0.1,-13.679514033692723,-22.33196967884864,nan
1,100,0.2,0.1,-13.84711714061395,-23.249998387581403,nan
2,100,0.2,0.1,-13.604325211921129,-21.93150302939038,nan
0,100,0.3,0.1,-13.867894113091294,-23.366290144018926,nan
1,100,0.3,0.1,-13.41412085395643,-20.94886591390809,nan
2,100,0.3,0.1,39.816101409647345,0.9998956746479247,nan
0,100,0.1,0.0,-14.036641912036634,-24.331691548829664,nan
1,100,0.1,0.0,-14.036185398026827,-24.32902891672383,nan
2,100,0.1,0.0,-14.035204780763502,-24.323310382387877,nan
0,100,0.1,0.1,-13.842302174478505,-23.223127629827033,nan
1,100,0.1,0.1,0.29218575218082027,0.06506498589100362,nan
2,100,0.1,0.1,-2.432439570067018,-0.750829909224241,nan
0,100,0.1,0.2,-7.934297201141673,-5.214836677605652,nan
1,100,0.1,0.2,-9.808149413674359,-8.567862851072341,nan
2,100,0.1,0.2,-1.1469328739622089,-0.30224676545183926,nan
0,50,0.1,0.1,2.61812518854041,0.45274784410075153,nan
1,50,0.1,0.1,-9.130123507769639,-7.184880645525489,nan
2,50,0.1,0.1,9.35643727767833,0.8840271654147973,nan
0,100,0.1,0.1,-11.056565665114714,-11.754298193628376,nan
1,100,0.1,0.1,-10.755518206286343,-10.900133147519803,nan
2,100,0.1,0.1,-13.220643945383127,-19.99251124708203,nan
0,200,0.1,0.1,53.54478337732208,0.9999955789883201,nan
1,200,0.1,0.1,-14.026836993789614,-24.274565563617767,nan
2,200,0.1,0.1,34.98217942814702,0.9996824719786068,nan
0,100,0.0,0.1,16.347909556831198,0.9768148962139405,nan
1,100,0.0,0.1,-13.738884677099144,-22.653121775366966,nan
2,100,0.0,0.1,14.726045985393363,0.9663181915666009,nan
0,100,0.1,0.1,-8.763659099998423,-6.522564324057188,nan
1,100,0.1,0.1,-12.15601332667719,-15.428629393872495,nan
2,100,0.1,0.1,-10.722046463730535,-10.808769523143097,nan
0,100,0.2,0.1,-10.183706200756955,-9.432073063324763,nan
1,100,0.2,0.1,-13.81996399186665,-23.098854478118856,nan
2,100,0.2,0.1,6.79095597435702,0.7906348452029769,nan
0,100,0.3,0.1,-13.903540052420023,-23.567106313889095,nan
1,100,0.3,0.1,7.927625054437767,0.8388473340088382,nan
2,100,0.3,0.1,26.92853365499063,0.9979716325413066,nan
0,100,0.1,0.0,-14.036593784860944,-24.331410832388308,nan
1,100,0.1,0.0,-14.036332379530961,-24.329886160350593,nan
2,100,0.1,0.0,-12.368129660273619,-16.250947998400854,nan
0,100,0.1,0.1,-13.435913749820106,-21.05928211935704,nan
1,100,0.1,0.1,-13.915882424958534,-23.637023768574405,nan
2,100,0.1,0.1,11.374260353250422,0.9271257723988537,nan
0,100,0.1,0.2,5.207634682205934,0.6985352541685621,nan
1,100,0.1,0.2,14.99932844198361,0.9683723331286904,nan
2,100,0.1,0.2,-11.080522155445344,-11.824847674724957,nan
0,50,0.1,0.1,-6.207080809882328,-3.1754960866117425,nan
1,50,0.1,0.1,0.783713846531327,0.16511123787659243,nan
2,50,0.1,0.1,-4.775548708987531,-2.0029968102660596,nan
0,100,0.1,0.1,-13.847694518932862,-23.2532225487545,nan
1,100,0.1,0.1,-0.20187815588249614,-0.04758148863386147,nan
2,100,0.1,0.1,28.50188324746948,0.9985880748465504,nan
0,200,0.1,0.1,-14.030509394495896,-24.295946813212478,nan
1,200,0.1,0.1,-13.360913418152116,-20.681600692853014,nan
2,200,0.1,0.1,36.54366082724016,0.9997783672591359,nan
0,100,0.0,0.1,-12.816464997936713,-18.126984229881195,nan
1,100,0.0,0.1,-4.078671694956795,-1.557803454017967,nan
2,100,0.0,0.1,101.8526264656762,0.9999999999347264,nan
0,100,0.1,0.1,-9.625798423485346,-8.174445863870345,nan
1,100,0.1,0.1,2.5536267828844017,0.44455978326553536,nan
2,100,0.1,0.1,-9.383436170901234,-7.676480940087966,nan
0,100,0.2,0.1,-12.93512024146802,-18.656764027649128,nan
1,100,0.2,0.1,-13.957263620576963,-23.872896463136176,nan
2,100,0.2,0.1,-2.3552580527328746,-0.719989537981023,nan
0,100,0.3,0.1,-9.477707347905183,-7.866878036200712,nan
1,100,0.3,0.1,-14.009253858983396,-24.17244414628222,nan
2,100,0.3,0.1,3.671937618624045,0.5706551695322795,nan
0,100,0.1,0.0,-14.036707704269752,-24.332075307143253,nan
1,100,0.1,0.0,-14.036132153275362,-24.328718383286592,nan
2,100,0.1,0.0,-13.773737273971165,-22.843704308301763,nan
0,100,0.1,0.1,3.7237836747700777,0.5757502134139092,nan
1,100,0.1,0.1,31.952836001619794,0.9993621531724293,nan
2,100,0.1,0.1,14.213882317960147,0.9621023947115248,nan
0,100,0.1,0.2,-13.584736859214896,-21.828306028581565,nan
1,100,0.1,0.2,-7.66844826472429,-4.845811758241127,nan
2,100,0.1,0.2,5.347550006786981,0.7080926708374642,nan
0,50,0.1,0.1,-2.10881411654735,-0.6251049444001235,nan
1,50,0.1,0.1,10.594694013613253,0.9127971661275426,nan
2,50,0.1,0.1,19.598051659914542,0.9890302978938706,nan
0,100,0.1,0.1,-12.470890655683442,-16.66400038717472,nan
1,100,0.1,0.1,-5.950097594756749,-2.9355891942157575,nan
2,100,0.1,0.1,27.70129370381507,0.9983022621557363,nan
0,200,0.1,0.1,-6.142275031910264,-3.113651564402523,nan
1,200,0.1,0.1,-13.996335179742092,-24.09767655045753,nan
2,200,0.1,0.1,29.691237601517443,0.9989263165969713,nan
0,100,0.0,0.1,-13.704937817169895,-22.46895659298692,nan
1,100,0.0,0.1,-10.807503102592763,-11.04343325921462,nan
2,100,0.0,0.1,-2.925465950374466,-0.9613115914232853,nan
0,100,0.1,0.1,-8.197352154575032,-5.6029075329107725,nan
1,100,0.1,0.1,0.5727423769906856,0.12355279116004181,nan
2,100,0.1,0.1,3.3305088946813695,0.5355391522483859,nan
0,100,0.2,0.1,-12.882679855783415,-18.420838894361726,nan
1,100,0.2,0.1,-9.591509464137033,-8.102295833905353,nan
2,100,0.2,0.1,11.307194174725153,0.9259916737363454,nan
0,100,0.3,0.1,-14.008431849879976,-24.16768009308874,nan
1,100,0.3,0.1,9.797845868846398,0.8952351939999633,nan
2,100,0.3,0.1,29.789827334820636,0.998950415843202,nan
0,100,0.1,0.0,-14.036578363097309,-24.331320880903064,nan
1,100,0.1,0.0,-14.035818786648395,-24.326890847126673,nan
2,100,0.1,0.0,-12.969759090817456,-18.814171107967397,nan
0,100,0.1,0.1,7.787305243452344,0.833555489739345,nan
1,100,0.1,0.1,3.7742457306908985,0.5806511784250228,nan
2,100,0.1,0.1,30.86506860055087,0.9991806053199661,nan
0,100,0.1,0.2,-10.706236409877528,-10.765859038318393,nan
1,100,0.1,0.2,-8.405960192303953,-5.9278108117193815,nan
2,100,0.1,0.2,3.7978310452994855,0.5829223715105192,nan
0,50,0.1,0.1,18.760122691949057,0.9866958316797952,nan
1,50,0.1,0.1,-11.742878585624485,-13.937841898163818,nan
2,50,0.1,0.1,11.694408413060092,0.9323046000090042,nan
0,100,0.1,0.1,-13.774303591723932,-22.84681371770988,nan
1,100,0.1,0.1,-12.484865073731402,-16.720929890340564,nan
2,100,0.1,0.1,14.293986604698263,0.9627949973737201,nan
0,200,0.1,0.1,53.4107719088215,0.9999954404413219,nan
1,200,0.1,0.1,-8.255964914698453,-5.69262500150249,nan
2,200,0.1,0.1,39.81282084530113,0.9998955958130926,nan
0,100,0.0,0.1,19.188757383486916,0.9879461922176791,nan
1,100,0.0,0.1,-13.996057583781148,-24.096072387551285,nan
2,100,0.0,0.1,-7.54408159456327,-4.680782469711469,nan
0,100,0.1,0.1,-13.941768472573512,-23.78431083835913,nan
1,100,0.1,0.1,-3.4907983992102825,-1.2339828765000789,nan
2,100,0.1,0.1,-3.6115043625285863,-1.296944154032964,nan
0,100,0.2,0.1,-5.3681348667560655,-2.4420207702886962,nan
1,100,0.2,0.1,-10.182644685272244,-9.429523536605092,nan
2,100,0.2,0.1,16.102234976555764,0.9754655400744282,nan
0,100,0.3,0.1,-11.05297025743565,-11.743743621336224,nan
1,100,0.3,0.1,1.7039352847975149,0.32452936810091326,nan
2,100,0.3,0.1,-7.717398574752073,-4.912073946847187,nan
0,100,0.1,0.0,-14.036739958963292,-24.332263447079175,nan
1,100,0.1,0.0,-14.036236338202716,-24.32932601300502,nan
2,100,0.1,0.0,-14.028192090046565,-24.282453025806685,nan
0,100,0.1,0.1,-14.036218142547536,-24.329219890837734,nan
1,100,0.1,0.1,-13.87719008821656,-23.41850149545444,nan
2,100,0.1,0.1,-1.5331767535821452,-0.4233695650290008,nan
0,100,0.1,0.2,4.227448340822216,0.6222059046592843,nan
1,100,0.1,0.2,-5.350668576583232,-2.4282055814857686,nan
2,100,0.1,0.2,15.972766324426736,0.9747231257684017,nan
0,50,0.1,0.1,-0.1910969707742815,-0.04498413514501287,nan
1,50,0.1,0.1,-7.592880347329634,-4.7449735659608425,nan
2,50,0.1,0.1,-2.368895765905699,-0.7253991374430377,nan
0,100,0.1,0.1,-5.287445731238446,-2.378660644961388,nan
1,100,0.1,0.1,-3.460325862300416,-1.2183628630171368,nan
2,100,0.1,0.1,5.960042166666758,0.7464895983539263,nan
0,200,0.1,0.1,-13.898777943728165,-23.540182851252535,nan
1,200,0.1,0.1,-13.986250999634002,-24.03946814681201,nan
2,200,0.1,0.1,29.103742558761105,0.9987707909640021,nan
0,100,0.0,0.1,-12.993156616291223,-18.921207614980144,nan
1,100,0.0,0.1,-12.471513780759942,-16.66653499715064,nan
2,100,0.0,0.1,5.327338528052542,0.7067310075044897,nan
0,100,0.1,0.1,-13.944057258889622,-23.79737592302993,nan
1,100,0.1,0.1,-13.885776774200266,-23.466828478462986,nan
2,100,0.1,0.1,-9.829564865298565,-8.615159359414356,nan
0,100,0.2,0.1,-13.972897541177831,-23.962596347522556,nan
1,100,0.2,0.1,-13.956537045029227,-23.868735570589546,nan
2,100,0.2,0.1,12.713841339719693,0.9464677045724037,nan
0,100,0.3,0.1,7.858139926344255,0.8362482283528655,nan
1,100,0.3,0.1,-10.52495147996188,-10.284833298704399,nan
2,100,0.3,0.1,9.29854941239369,0.8824709951819139,nan
0,100,0.1,0.0,-14.03683330587292,-24.332807942581333,nan
1,100,0.1,0.0,-14.036243003129915,-24.32936488484209,nan
2,100,0.1,0.0,-13.624664640482301,-22.039150622880083,nan
0,100,0.1,0.1,-13.985589034768696,-24.03565184573311,nan
1,100,0.1,0.1,-13.970652578588695,-23.94969597333264,nan
2,100,0.1,0.1,10.64569399096996,0.9138152153280056,nan
0,100,0.1,0.2,-11.77162412462245,-14.037041989802834,nan
1,100,0.1,0.2,0.41874166141181135,0.09191639691592157,nan
2,100,0.1,0.2,-3.538711499817762,-1.2587655218770384,nan
0,50,0.1,0.1,-7.27580135997283,-4.340478069593189,nan
1,50,0.1,0.1,-11.188300525202601,-12.14710261026943,nan
2,50,0.1,0.1,14.573483579418088,0.965113962599047,nan
0,100,0.1,0.1,7.557494054285625,0.8245107190200683,nan
1,100,0.1,0.1,-13.53352274605328,-21.56068462620866,nan
2,100,0.1,0.1,25.712795335877065,0.9973163834198205,nan
0,200,0.1,0.1,-14.005175227198748,-24.1488148026387,nan
1,200,0.1,0.1,-13.690429237736108,-22.390684105614437,nan
2,200,0.1,0.1,56.607057526713845,0.9999978157907231,nan
0,100,0.0,0.1,-11.539706368860001,-13.255112100077445,nan
1,100,0.0,0.1,3.8862097117985073,0.5913240989600201,nan
2,100,0.0,0.1,7.956155886782549,0.8399025512155615,nan
0,100,0.1,0.1,-9.254910597706207,-7.423470510077026,nan
1,100,0.1,0.1,-13.503125621472165,-21.403329282116793,nan
2,100,0.1,0.1,7.794043509297536,0.833813535326063,nan
0,100,0.2,0.1,-11.500294407961466,-13.126333037015119,nan
1,100,0.2,0.1,-13.914761918504855,-23.630668084968704,nan
2,100,0.2,0.1,33.127800874890625,0.9995133464312501,nan
0,100,0.3,0.1,-11.961751071799917,-14.709961009959825,nan
1,100,0.3,0.1,-12.257814101846073,-15.81827347887371,nan
2,100,0.3,0.1,-3.032755507735245,-1.0103679444947722,nan
0,100,0.1,0.0,-14.036422834649871,-24.330413738254776,nan
1,100,0.1,0.0,-14.036030236261137,-24.328123994647065,nan
2,100,0.1,0.0,-11.351546911927699,-12.650692735309066,nan
0,100,0.1,0.1,-12.852518082924053,-18.286428355101084,nan
1,100,0.1,0.1,5.104764370154449,0.6913092876315036,nan
2,100,0.1,0.1,3.189283847499733,0.5201874366954242,nan
0,100,0.1,0.2,-13.913623543529294,-23.624212727399545,nan
1,100,0.1,0.2,12.811988336800752,0.9476639229303154,nan
2,100,0.1,0.2,30.449098636357697,0.9990982417249067,nan
0,50,0.1,0.1,-1.5763662897510091,-0.4375952494596387,nan
1,50,0.1,0.1,14.900990539569142,0.9676480139948783,nan
2,50,0.1,0.1,-0.44375418312968046,-0.10758079924273889,nan
0,100,0.1,0.1,-1.1223309851721697,-0.29489066055916724,nan
1,100,0.1,0.1,5.324948728360446,0.7065695854642242,nan
2,100,0.1,0.1,14.640855990774762,0.9656509760410145,nan
0,200,0.1,0.1,-14.035946627659763,-24.327636392633476,nan
1,200,0.1,0.1,-13.58915697255896,-21.85155179154771,nan
2,200,0.1,0.1,19.30233860013692,0.9882573493662058,nan
0,100,0.0,0.1,10.428135548798927,0.9093878479407691,nan
1,100,0.0,0.1,-2.9002915792446164,-0.9499755139936463,nan
2,100,0.0,0.1,12.85251579672776,0.9481500406397539,nan
0,100,0.1,0.1,14.85338529725091,0.96729143656427,nan
1,100,0.1,0.1,-10.475411327044215,-10.156838144926647,nan
2,100,0.1,0.1,-13.326502749738282,-20.510488584753897,nan
0,100,0.2,0.1,-13.94661348198044,-23.81197575930624,nan
1,100,0.2,0.1,-14.019990976857288,-24.234755295625927,nan
2,100,0.2,0.1,-2.927589348078468,-0.9622707707313876,nan
0,100,0.3,0.1,-9.586842825284537,-8.09252036684731,nan
1,100,0.3,0.1,-8.994492341989965,-6.9332151796066475,nan
2,100,0.3,0.1,25.356576113661443,0.997086987228983,nan
0,100,0.1,0.0,-14.036761794263676,-24.33239081203437,nan
1,100,0.1,0.0,-14.036247448598262,-24.329390812168402,nan
2,100,0.1,0.0,-11.68710844865948,-13.747243285330402,nan
0,100,0.1,0.1,-12.573132070358517,-17.08477904499087,nan
1,100,0.1,0.1,1.9652898898081768,0.36397965068045546,nan
2,100,0.1,0.1,6.568026985728141,0.7796072512762414,nan
0,100,0.1,0.2,-7.331362368408724,-4.409239825200275,nan
1,100,0.1,0.2,24.46761370026755,0.9964253079869292,nan
2,100,0.1,0.2,26.149759600549324,0.9975732555785782,nan
0,50,0.1,0.1,10.671582565870473,0.9143274401829931,nan
1,50,0.1,0.1,-1.002149564642085,-0.2595486781457794,nan
2,50,0.1,0.1,16.013255492126596,0.9749576863447869,nan
0,100,0.1,0.1,-13.930212388999623,-23.718450260950252,nan
1,100,0.1,0.1,-12.170543350980852,-15.483686079782018,nan
2,100,0.1,0.1,-13.719526060623586,-22.547922947479098,nan
0,200,0.1,0.1,-13.71743285758194,-22.536576105781634,nan
1,200,0.1,0.1,-13.329552942030222,-20.52560141142515,nan
2,200,0.1,0.1,-0.36420695487755095,-0.08747854005863287,nan
0,100,0.0,0.1,-13.567670470745332,-21.73877409547215,nan
1,100,0.0,0.1,4.857363162863391,0.6732138184492649,nan
2,100,0.0,0.1,10.026189296507319,0.9006012162557114,nan
0,100,0.1,0.1,-13.831984952529005,-23.165650784877265,nan
1,100,0.1,0.1,-13.584162090943618,-21.825285009819655,nan
2,100,0.1,0.1,-5.643448777440882,-2.6672868208980383,nan
0,100,0.2,0.1,-7.63734218477662,-4.804091073914604,nan
1,100,0.2,0.1,-9.294285585065293,-7.5001885348432396,nan
2,100,0.2,0.1,6.9959136933561386,0.8002859445513162,nan
0,100,0.3,0.1,1.6042005274316908,0.3088378494706464,nan
1,100,0.3,0.1,-6.839834333903032,-3.8304037561637836,nan
2,100,0.3,0.1,-10.903580620709368,-11.312835067726933,nan
0,100,0.1,0.0,-14.036716707202821,-24.332127820639144,nan
1,100,0.1,0.0,-14.036204599696408,-24.32914090541801,nan
2,100,0.1,0.0,-14.03521308241899,-24.32335878862104,nan
0,100,0.1,0.1,-13.93150591254831,-23.725813619439595,nan
1,100,0.1,0.1,-13.5322082025386,-21.55385688259499,nan
2,100,0.1,0.1,9.760044623998406,0.8943193349588958,nan
0,100,0.1,0.2,-8.557096148899161,-6.173145082801206,nan
1,100,0.1,0.2,-0.6810887869901072,-0.16979262416062935,nan
2,100,0.1,0.2,61.07809085308475,0.9999992198270029,nan
0,50,0.1,0.1,-8.44551243066415,-5.991192220358609,nan
1,50,0.1,0.1,21.53140279447769,0.9929715473957499,nan
2,50,0.1,0.1,-1.4348928006526507,-0.39151944676433215,nan
0,100,0.1,0.1,1.6348403597583054,0.3136968945629586,nan
1,100,0.1,0.1,-11.26349439415938,-12.376713927725728,nan
2,100,0.1,0.1,25.263119794128677,0.997023622446755,nan
0,200,0.1,0.1,-13.980623511317704,-24.00704359015744,nan
1,200,0.1,0.1,-14.023123867789849,-24.252965579507844,nan
2,200,0.1,0.1,86.5298092567696,0.9999999977765924,nan
0,100,0.0,0.1,5.381852385251969,0.7103891945406358,nan
1,100,0.0,0.1,27.73889656401383,0.998316898358317,nan
2,100,0.0,0.1,15.037262558404617,0.968647386829057,nan
0,100,0.1,0.1,-13.925547322674552,-23.691912668642082,nan
1,100,0.1,0.1,-5.060347443964251,-2.2065258424980274,nan
2,100,0.1,0.1,-3.852792686142278,-1.4281710036359372,nan
0,100,0.2,0.1,-13.995338386803539,-24.091916791342808,nan
1,100,0.2,0.1,19.812317131053366,0.9895583703123811,nan
2,100,0.2,0.1,20.04512238529434,0.9901033602550746,nan
0,100,0.3,0.1,-11.578756818064742,-13.383867764736435,nan
1,100,0.3,0.1,-12.777265731313754,-17.955121525564568,nan
2,100,0.3,0.1,-0.08010989782848488,-0.018617163743807952,nan
0,100,0.1,0.0,-14.036720601177601,-24.332150533962754,nan
1,100,0.1,0.0,-14.035654703763436,-24.325933977770287,nan
2,100,0.1,0.0,-13.750706389612846,-22.71759446227454,nan
0,100,0.1,0.1,-13.982651409197821,-24.0187231242818,nan
1,100,0.1,0.1,21.70516789134012,0.9932472105171977,nan
2,100,0.1,0.1,0.5084454479700786,0.11048053666728164,nan
0,100,0.1,0.2,11.304417080708708,0.9259443340129487,nan
1,100,0.1,0.2,-7.4044065487676525,-4.500987459234239,nan
2,100,0.1,0.2,-6.715681803642733,-3.6942712440882906,nan
0,50,0.1,0.1,5.514852068828523,0.7191238955688336,nan
1,50,0.1,0.1,3.056632548923683,0.5053058836511313,nan
2,50,0.1,0.1,4.154453853049907,0.615802429100186,nan
0,100,0.1,0.1,11.341235810639866,0.9265695112374508,nan
1,100,0.1,0.1,-2.5020668442044265,-0.7791259096763179,nan
2,100,0.1,0.1,60.787596010875546,0.9999991658572126,nan
0,200,0.1,0.1,42.274989259754356,0.9999407755448485,nan
1,200,0.1,0.1,-6.980406374691805,-3.9893117087958547,nan
2,200,0.1,0.1,44.70403883868063,0.9999661470814644,nan
0,100,0.0,0.1,-13.982556876908308,-24.01817855106334,nan
1,100,0.0,0.1,-13.604130520620807,-21.930475048548136,nan
2,100,0.0,0.1,39.973583749964305,0.9998993898897275,nan
0,100,0.1,0.1,-7.9577207923639826,-5.248446838781116,nan
1,100,0.1,0.1,-4.520210224887825,-1.831529055673748,nan
2,100,0.1,0.1,6.422342540220921,0.7720887589634314,nan
0,100,0.2,0.1,10.323867550591203,0.9071860523381777,nan
1,100,0.2,0.1,-11.914398309712507,-14.53959983545531,nan
2,100,0.2,0.1,11.159050002507902,0.9234235904336092,nan
0,100,0.3,0.1,-11.922878526327644,-14.56997275539148,nan
1,100,0.3,0.1,-5.198247449469146,-2.3099752389598125,nan
2,100,0.3,0.1,5.234866666881648,0.7004196434563725,nan
0,100,0.1,0.0,-14.036482365268874,-24.330760955547944,nan
1,100,0.1,0.0,-14.036338486223167,-24.329921777180562,nan
2,100,0.1,0.0,-14.035360379571182,-24.32421768092679,nan
0,100,0.1,0.1,15.626530232655444,0.9726254507543488,nan
1,100,0.1,0.1,-8.350464833385283,-5.839848515225771,nan
2,100,0.1,0.1,-4.819616414305144,-2.0336232310163607,nan
0,100,0.1,0.2,-14.022391578071565,-24.248707885974046,nan
1,100,0.1,0.2,-13.381595260300184,-20.7850984055789,nan
2,100,0.1,0.2,15.318512702332015,0.9706134413960575,nan
0,50,0.1,0.1,-1.5883943167948054,-0.44158226798631306,nan
1,50,0.1,0.1,0.25090699862755844,0.056136264720554,nan
2,50,0.1,0.1,-8.460337638166145,-6.01509834523255,nan
0,100,0.1,0.1,-13.937307509177002,-23.75886608962298,nan
1,100,0.1,0.1,-13.780741204568868,-22.882188422408607,nan
2,100,0.1,0.1,1.0501119474482183,0.2147846060322247,nan
0,200,0.1,0.1,-11.537517499504002,-13.247929251221926,nan
1,200,0.1,0.1,8.491402769707408,0.8584663447108838,nan
2,200,0.1,0.1,71.83244664791667,0.9999999344224276,nan
0,100,0.0,0.1,5.1503263295671475,0.6945308425420825,nan
1,100,0.0,0.1,-13.898839099714746,-23.540528420842406,nan
2,100,0.0,0.1,40.93606535882352,0.9999193891567696,nan
0,100,0.1,0.1,-7.374398445549417,-4.46310873465909,nan
1,100,0.1,0.1,16.954034248807965,0.9798350766688936,nan
2,100,0.1,0.1,7.048368702851296,0.8026836243196606,nan
0,100,0.2,0.1,-9.338514937104668,-7.587198334491392,nan
1,100,0.2,0.1,-8.384100063044121,-5.893027423373012,nan
2,100,0.2,0.1,-8.172835590597838,-5.565738158136317,nan
0,100,0.3,0.1,-1.2938678945868594,-0.3470595322629799,nan
1,100,0.3,0.1,-13.818461252032758,-23.090517267909195,nan
2,100,0.3,0.1,-7.869051965432971,-5.1221673449343985,nan
0,100,0.1,0.0,-14.036618329889354,-24.33155399836933,nan
1,100,0.1,0.0,-14.036396928078943,-24.330262637508564,nan
2,100,0.1,0.0,-11.869893174252732,-14.381168059521828,nan
0,100,0.1,0.1,12.180067493402396,0.9394668532733281,nan
1,100,0.1,0.1,-14.030241001454444,-24.29438357752758,nan
2,100,0.1,0.1,31.42557631568362,0.999279817824423,nan
0,100,0.1,0.2,2.1117816409827017,0.3850754444594763,nan
1,100,0.1,0.2,1.125472102710421,0.2282923779660283,nan
2,100,0.1,0.2,31.13437946266361,0.9992298735247512,nan
0,50,0.1,0.1,-0.794011717824361,-0.20060783115141545,nan
1,50,0.1,0.1,1.5807051946160542,0.3050885292551402,nan
2,50,0.1,0.1,1.8556734373611061,0.3477221121080576,nan
0,100,0.1,0.1,-6.588132070122317,-3.558408135714034,nan
1,100,0.1,0.1,-11.275351818567321,-12.413285909856436,nan
2,100,0.1,0.1,-0.36663124389101476,-0.08808575436826405,nan
0,200,0.1,0.1,-14.02313231477995,-24.25301469635519,nan
1,200,0.1,0.1,-9.308895776639986,-7.528832350639993,nan
2,200,0.1,0.1,56.01413886086202,0.9999974962779513,nan
0,100,0.0,0.1,-5.912007409270391,-2.9012226851925056,nan
1,100,0.0,0.1,10.06053053844835,0.9013840991890407,nan
2,100,0.0,0.1,13.16377886983899,0.9517361332795223,nan
0,100,0.1,0.1,-13.643786632191734,-22.14081568461467,nan
1,100,0.1,0.1,-2.1693213320871236,-0.6479048548577098,nan
2,100,0.1,0.1,6.3419054696226995,0.7678282082260802,nan
0,100,0.2,0.1,-11.758987020863906,-13.993350792062254,nan
1,100,0.2,0.1,-12.133497322961942,-15.34367555289018,nan
2,100,0.2,0.1,3.8907318389569436,0.5917494146468087,nan
0,100,0.3,0.1,-4.259783548655282,-1.6667257522272827,nan
1,100,0.3,0.1,-14.017571958199568,-24.220703460057653,nan
2,100,0.3,0.1,11.68588344663731,0.9321715870844007,nan
0,100,0.1,0.0,-14.036602159189007,-24.331459677989148,nan
1,100,0.1,0.0,-14.035722135504669,-24.32632720981807,nan
2,100,0.1,0.0,-13.861331382217696,-23.329497449067105,nan
0,100,0.1,0.1,-14.026753443157551,-24.274079330035878,nan
1,100,0.1,0.1,-14.02533561326663,-24.26582951386358,nan
2,100,0.1,0.1,-6.039425704741057,-3.0173768300331893,nan
0,100,0.1,0.2,2.4830969153143974,0.43546573311781245,nan
1,100,0.1,0.2,9.028937327429528,0.8749435007216521,nan
2,100,0.1,0.2,39.72669389697881,0.9998935046585593,nan
0,50,0.1,0.1,7.19530463787577,0.8092478084711132,nan
1,50,0.1,0.1,-6.761205725911765,-3.743736667013163,nan
2,50,0.1,0.1,28.122360719537816,0.998459137350323,nan
0,100,0.1,0.1,-6.8956209802695625,-3.8928522106524026,nan
1,100,0.1,0.1,-13.989838010551574,-24.060157782813395,nan
2,100,0.1,0.1,12.291243689108729,0.9409967911513377,nan
0,200,0.1,0.1,-14.02146033526286,-24.243294472279842,nan
1,200,0.1,0.1,-13.513838526522154,-21.458660631538425,nan
2,200,0.1,0.1,68.54661457602094,0.9999998602542713,nan
0,100,0.0,0.1,7.328332551809128,0.8150021228861407,nan
1,100,0.0,0.1,-12.328883670191832,-16.095758216525695,nan
2,100,0.0,0.1,17.635806356815827,0.9827646794777258,nan
0,100,0.1,0.1,-11.485167128818045,-13.077214004267752,nan
1,100,0.1,0.1,-13.788878729554028,-22.926979249697204,nan
2,100,0.1,0.1,-2.795835127137601,-0.9036342619803275,nan
0,100,0.2,0.1,22.341863458673007,0.9941680518502684,nan
1,100,0.2,0.1,-13.862791544473689,-23.337678761068467,nan
2,100,0.2,0.1,-3.3511517473204346,-1.1632921519196708,nan
0,100,0.3,0.1,-10.345515991926888,-9.828083576047598,nan
1,100,0.3,0.1,-12.079658980053354,-15.142317979386995,nan
2,100,0.3,0.1,3.145854030026516,0.5153651990563789,nan
0,100,0.1,0.0,-14.036770965689545,-24.332444309004615,nan
1,100,0.1,0.0,-14.03640301266728,-24.330298125946715,nan
2,100,0.1,0.0,-13.880643904688387,-23.437928536429713,nan
0,100,0.1,0.1,-12.7330414132174,-17.763080477490004,nan
1,100,0.1,0.1,-6.32229643892018,-3.287751858931439,nan
2,100,0.1,0.1,-6.933853835489266,-3.9361162997328076,nan
0,100,0.1,0.2,-12.914818228209139,-18.565088775172708,nan
1,100,0.1,0.2,-13.614210859448514,-21.983760418500985,nan
2,100,0.1,0.2,-11.866933330955785,-14.370688917141402,nan
0,50,0.1,0.1,13.665553666650672,0.9570023586033646,nan
1,50,0.1,0.1,-2.6668768421584317,-0.8479392257143386,nan
2,50,0.1,0.1,12.574777033811184,0.9447258215096903,nan
0,100,0.1,0.1,-13.923684292341886,-23.681322638441223,nan
1,100,0.1,0.1,-13.409668999094947,-20.926378153916037,nan
2,100,0.1,0.1,8.848505294696798,0.8696384635252268,nan
0,200,0.1,0.1,-13.977584134533927,-23.989548724107124,nan
1,200,0.1,0.1,-13.42659761929681,-21.01201306599041,nan
2,200,0.1,0.1,52.852258553782136,0.9999948146969353,nan
0,100,0.0,0.1,-14.012115431456891,-24.18903577079582,nan
1,100,0.0,0.1,-13.01409053505482,-19.01746387894549,nan
2,100,0.0,0.1,26.596128792145322,0.9978102873828593,nan
0,100,0.1,0.1,-12.088172313251206,-15.173992274166089,nan
1,100,0.1,0.1,10.945444656348968,0.9195630611754297,nan
2,100,0.1,0.1,30.449175542568476,0.9990982576933799,nan
0,100,0.2,0.1,-14.01033592467533,-24.178716763798484,nan
1,100,0.2,0.1,-13.319303701385525,-20.474861429074362,nan
2,100,0.2,0.1,21.439248931304032,0.9928208156267923,nan
0,100,0.3,0.1,-13.788495104077136,-22.9248658004559,nan
1,100,0.3,0.1,-13.714827878450649,-22.522462662557867,nan
2,100,0.3,0.1,5.835577166607192,0.7391191004277394,nan
0,100,0.1,0.0,-14.036476906565527,-24.33072911700786,nan
1,100,0.1,0.0,-14.03629574807361,-24.329672511140178,nan
2,100,0.1,0.0,-12.872299325443837,-18.37447453180295,nan
0,100,0.1,0.1,-14.03610873968958,-24.328581832041575,nan
1,100,0.1,0.1,3.3706335916474384,0.5398105682917435,nan
2,100,0.1,0.1,27.803048844831512,0.9983415777509997,nan
0,100,0.1,0.2,-12.425625129713662,-16.480848661555434,nan
1,100,0.1,0.2,-13.412571096599553,-20.941034972127422,nan
2,100,0.1,0.2,9.129562534696214,0.8778077261623789,nan
0,50,0.1,0.1,-6.727233143397884,-3.706773659412195,nan
1,50,0.1,0.1,40.22174945479003,0.9999049778058363,nan
2,50,0.1,0.1,8.445745153927763,0.8569705447359762,nan
0,100,0.1,0.1,22.1562742138823,0.9939134305952615,nan
1,100,0.1,0.1,-10.689615247337645,-10.72091522342836,nan
2,100,0.1,0.1,20.815665051580154,0.9917123100597801,nan
0,200,0.1,0.1,19.23479216963197,0.9880732866056786,nan
1,200,0.1,0.1,-13.870026162418727,-23.37825504076762,nan
2,200,0.1,0.1,49.1155633316713,0.999987741321173,nan
0,100,0.0,0.1,-9.862392703069974,-8.688114664779599,nan
1,100,0.0,0.1,-13.922821747827761,-23.6764212117801,nan
2,100,0.0,0.1,7.506581747602091,0.8224413537337064,nan
0,100,0.1,0.1,-3.7951746624837006,-1.3961691157945824,nan
1,100,0.1,0.1,-13.598142957364505,-21.89888287462818,nan
2,100,0.1,0.1,-7.81397379935199,-5.045014959438785,nan
0,100,0.2,0.1,-8.543651976038321,-6.150973976909305,nan
1,100,0.2,0.1,-12.341640428069061,-16.146048300690946,nan
2,100,0.2,0.1,-3.5074295349010804,-1.2425542270599026,nan
0,100,0.3,0.1,-13.629924837909043,-22.06707266858537,nan
1,100,0.3,0.1,-13.92344367817174,-23.679955245645875,nan
2,100,0.3,0.1,31.450229428038107,0.9992838944210386,nan
0,100,0.1,0.0,-14.036780247264753,-24.332498448591487,nan
1,100,0.1,0.0,-14.035819974543195,-24.326897774611897,nan
2,100,0.1,0.0,-12.542743412926967,-16.9586770776146,nan
0,100,0.1,0.1,-13.857587930203083,-23.308535390103383,nan
1,100,0.1,0.1,-5.953331154772705,-2.938520546823792,nan
2,100,0.1,0.1,12.986739303166102,0.9497280108435732,nan
0,100,0.1,0.2,0.40855541237706067,0.08978401385368129,nan
1,100,0.1,0.2,-13.086897596489766,-19.355874265347936,nan
2,100,0.1,0.2,-13.267333675286,-20.21941308972402,nan
0,50,0.1,0.1,-6.088264534231903,-3.062809445165608,nan
1,50,0.1,0.1,-13.42655755566958,-21.011810006302774,nan
2,50,0.1,0.1,0.9648539973894109,0.19921745096303667,nan
0,100,0.1,0.1,-12.834054507675454,-18.204608172194483,nan
1,100,0.1,0.1,-10.968984890990699,-11.499668319637484,nan
2,100,0.1,0.1,-9.37001628814976,-7.649711628310532,nan
0,200,0.1,0.1,-5.826939723809348,-2.8255507910877298,nan
1,200,0.1,0.1,9.554549229644966,0.8891986435755346,nan
2,200,0.1,0.1,35.77303189832253,0.9997353348188086,nan
0,100,0.0,0.1,3.303694122585403,0.5326625465406364,nan
1,100,0.0,0.1,-13.802097743088162,-22.999918908462053,nan
2,100,0.0,0.1,-5.5738591066030505,-2.6089919276529043,nan
0,100,0.1,0.1,-7.7077842722369745,-4.899000421812397,nan
1,100,0.1,0.1,-13.337510300712381,-20.56507783917359,nan
2,100,0.1,0.1,46.00780989982922,0.9999749262662442,nan
0,100,0.2,0.1,-11.00394675608876,-11.600700107070434,nan
1,100,0.2,0.1,-9.426927160391116,-7.763805209053103,nan
2,100,0.2,0.1,3.23618191577288,0.5253409032898307,nan
0,100,0.3,0.1,-1.852327810949529,-0.5319083419022894,nan
1,100,0.3,0.1,-14.022876739157617,-24.25152863901073,nan
2,100,0.3,0.1,-9.738913186479529,-8.41653919967562,nan
0,100,0.1,0.0,-14.036763033822108,-24.332398042377942,nan
1,100,0.1,0.0,-14.03617171523254,-24.328949115722274,nan
2,100,0.1,0.0,-14.019129545688049,-24.22975043143326,nan
0,100,0.1,0.1,7.461291485746893,0.8205800003777544,nan
1,100,0.1,0.1,-11.292958183491342,-12.467773949764865,nan
2,100,0.1,0.1,2.0314825987216545,0.37360001286862676,nan
0,100,0.1,0.2,-9.29043689802182,-7.492659064537662,nan
1,100,0.1,0.2,-13.636918265117195,-22.10424740942954,nan
2,100,0.1,0.2,20.51256287157014,0.9911132346536247,nan
0,50,0.1,0.1,-5.9265908910647,-2.9143448966400554,nan
1,50,0.1,0.1,3.088668003805086,0.5089415376126278,nan
2,50,0.1,0.1,-12.452855303024627,-16.590797545974283,nan
0,100,0.1,0.1,0.03535438229539212,0.008107602025729466,nan
1,100,0.1,0.1,-7.645052032988048,-4.814403985263778,nan
2,100,0.1,0.1,5.618649747127101,0.7257573320366666,nan
0,200,0.1,0.1,-13.867662161622087,-23.36498880446515,nan
1,200,0.1,0.1,21.0885704286086,0.9922170729975202,nan
2,200,0.1,0.1,86.05867270219414,0.9999999975218207,nan
0,100,0.0,0.1,-1.8943706982072235,-0.5468103516512732,nan
1,100,0.0,0.1,-13.60950201199836,-21.95885373083728,nan
2,100,0.0,0.1,-12.769436969434292,-17.92098306240183,nan
0,100,0.1,0.1,-11.356418175693175,-12.666012624071554,nan
1,100,0.1,0.1,-12.491301785110135,-16.747213687518798,nan
2,100,0.1,0.1,1.8516987406124668,0.3471248690720017,nan
0,100,0.2,0.1,-11.232999404341584,-12.283115239217631,nan
1,100,0.2,0.1,-4.116173265354911,-1.5799858646448306,nan
2,100,0.2,0.1,6.9876778136524464,0.7999068511953902,nan
0,100,0.3,0.1,-10.458919421301696,-10.114551490071051,nan
1,100,0.3,0.1,-13.734748422743088,-22.630605082828424,nan
2,100,0.3,0.1,8.598853345310332,0.8619251228563836,nan
0,100,0.1,0.0,-14.036722120988562,-24.332159398935346,nan
1,100,0.1,0.0,-14.036156566670495,-24.328860766340917,nan
2,100,0.1,0.0,-14.033904386340657,-24.315729037621598,nan
0,100,0.1,0.1,-12.424525699744752,-16.47642389052203,nan
1,100,0.1,0.1,-12.90044108964686,-18.500426450887854,nan
2,100,0.1,0.1,-3.171467070236508,-1.0756145528575654,nan
0,100,0.1,0.2,5.004171528526956,0.6840758343883357,nan
1,100,0.1,0.2,-13.663075001858196,-22.243819816951923,nan
2,100,0.1,0.2,12.565165835165931,0.9446033609648681,nan
0,50,0.1,0.1,2.826338971942151,0.4783657454473499,nan
1,50,0.1,0.1,15.479700878978743,0.9716841298490668,nan
2,50,0.1,0.1,5.491970722781721,0.717640159614908,nan
0,100,0.1,0.1,-13.96184826175473,-23.899167466120318,nan
1,100,0.1,0.1,-6.685023674070287,-3.6612496891494493,nan
2,100,0.1,0.1,-5.947118607205491,-2.932890552709696,nan
0,200,0.1,0.1,-14.014860523021056,-24.20496230684061,nan
1,200,0.1,0.1,-13.636524520972221,-22.102152805388904,nan
2,200,0.1,0.1,-9.505603351130336,-7.9240158941258585,nan
0,100,0.0,0.1,34.08048393677018,0.9996092026534008,nan
1,100,0.0,0.1,-2.860041171816183,-0.9319866324744703,nan
2,100,0.0,0.1,16.504010936975256,0.9776334548317871,nan
0,100,0.1,0.1,-5.772880919332407,-2.7782273886785176,nan
1,100,0.1,0.1,-13.305459061869762,-20.40651187855506,nan
2,100,0.1,0.1,-13.775751278584805,-22.854764192539946,nan
0,100,0.2,0.1,0.621269330574943,0.13329147777481987,nan
1,100,0.2,0.1,10.690548287955723,0.914700758133945,nan
2,100,0.2,0.1,8.34894519536192,0.8537467652120341,nan
0,100,0.3,0.1,-13.93584171439871,-23.75051109216336,nan
1,100,0.3,0.1,-9.066355320913301,-7.0655786796307805,nan
2,100,0.3,0.1,-4.031337909572475,-1.5300773048273055,nan
0,100,0.1,0.0,-14.03678875974715,-24.332548102148564,nan
1,100,0.1,0.0,-14.036444623792548,-24.330540824691873,nan
2,100,0.1,0.0,-14.021510754871612,-24.24358753711764,nan
0,100,0.1,0.1,-13.938853236496557,-23.76767975607959,nan
1,100,0.1,0.1,-14.029067400642823,-24.28754915993463,nan
2,100,0.1,0.1,48.56760353633034,0.9999860928017272,nan
0,100,0.1,0.2,-8.36987205543161,-5.870481990524407,nan
1,100,0.1,0.2,28.86251646243529,0.9987005835699603,nan
2,100,0.1,0.2,18.664540984362286,0.9863997810052809,nan
0,50,0.1,0.1,-6.6045413915255775,-3.575664140064222,nan
1,50,0.1,0.1,-11.02301065444874,-11.65613403103423,nan
2,50,0.1,0.1,-1.4063609806043476,-0.38240755326505593,nan
0,100,0.1,0.1,-5.44588802410431,-2.5041993312966895,nan
1,100,0.1,0.1,-13.879374148965539,-23.43078461331605,nan
2,100,0.1,0.1,-4.659387120367913,-1.9237397483812764,nan
0,200,0.1,0.1,-14.02478996006572,-24.262655281795425,nan
1,200,0.1,0.1,-13.790596145789205,-22.93644303761777,nan
2,200,0.1,0.1,12.832340979966855,0.9479086153066609,nan
0,100,0.0,0.1,-6.144928674344685,-3.1161658712847675,nan
1,100,0.0,0.1,-13.72342443273352,-22.569069838114352,nan
2,100,0.0,0.1,20.85297347761919,0.9917832012103669,nan
0,100,0.1,0.1,9.095095275122723,0.8768341034580769,nan
1,100,0.1,0.1,-11.476464699167114,-13.049034206377474,nan
2,100,0.1,0.1,40.35896614461226,0.9999079331285461,nan
0,100,0.2,0.1,-11.244343268933443,-12.317856372363691,nan
1,100,0.2,0.1,-1.3610692750222462,-0.3680656151209958,nan
2,100,0.2,0.1,20.025555941735746,0.9900586719344668,nan
0,100,0.3,0.1,-9.90361678397014,-8.780513984807081,nan
1,100,0.3,0.1,-11.08965073380234,-11.851832994007323,nan
2,100,0.3,0.1,3.2734902366228606,0.5294010256254919,nan
0,100,0.1,0.0,-14.036618448798578,-24.331554691943747,nan
1,100,0.1,0.0,-14.036688456159263,-24.331963034589904,nan
2,100,0.1,0.0,-11.34631730902008,-12.634265002166893,nan
0,100,0.1,0.1,-6.1911935380133665,-3.1602492770557298,nan
1,100,0.1,0.1,-13.992452156145603,-24.075246766027583,nan
2,100,0.1,0.1,53.4094821691242,0.9999954390870526,nan
0,100,0.1,0.2,-13.793135012199826,-22.950440267738916,nan
1,100,0.1,0.2,-10.756673677638917,-10.903299683788779,nan
2,100,0.1,0.2,18.491600667951445,0.9858472793934825,nan
0,50,0.1,0.1,-5.929156925793854,-2.916658375928218,nan
1,50,0.1,0.1,-1.4493383234503128,-0.3961556312477583,nan
2,50,0.1,0.1,10.583451839274698,0.9125711399017699,nan
0,100,0.1,0.1,-12.511531406046256,-16.830073793777167,nan
1,100,0.1,0.1,-5.691812037485132,-2.7083541578325945,nan
2,100,0.1,0.1,9.390214796696542,0.8849256526816531,nan
0,200,0.1,0.1,-13.851259891094854,-23.273141583567533,nan
1,200,0.1,0.1,0.3514130636527419,0.07772870101712925,nan
2,200,0.1,0.1,45.11565549991036,0.9999692082444719,nan
0,100,0.0,0.1,-11.32421008901578,-12.565037818989971,nan
1,100,0.0,0.1,-9.336677912089542,-7.583566798066061,nan
2,100,0.0,0.1,0.049959964211309486,0.011437792244258116,nan
0,100,0.1,0.1,-14.002443264737497,-24.132999724279973,nan
1,100,0.1,0.1,-10.42782560402384,-10.035259757113911,nan
2,100,0.1,0.1,9.16089545435346,0.8786861307519405,nan
0,100,0.2,0.1,-13.966737190917911,-23.927212678229754,nan
1,100,0.2,0.1,20.77012354820689,0.9916249454358896,nan
2,100,0.2,0.1,-3.749761550921514,-1.3712435091301178,nan
0,100,0.3,0.1,-2.9692318696063187,-0.9811765869663585,nan
1,100,0.3,0.1,-12.535030841074644,-16.92681282902813,nan
2,100,0.3,0.1,13.03481718835531,0.9502814698228567,nan
0,100,0.1,0.0,-14.036711213840272,-24.332095778216306,nan
1,100,0.1,0.0,-14.033417497930527,-24.312891045275325,nan
2,100,0.1,0.0,-12.634570991030937,-17.34243966109314,nan
0,100,0.1,0.1,15.021019550827868,0.9685299056535858,nan
1,100,0.1,0.1,-11.063577339022652,-11.774906608860501,nan
2,100,0.1,0.1,17.090961947713012,0.9804609337592287,nan
0,100,0.1,0.2,-12.658269194684483,-17.4428026679263,nan
1,100,0.1,0.2,-8.252154388601653,-5.686755427154196,nan
2,100,0.1,0.2,11.928560155081056,0.9358577803763771,nan
0,50,0.1,0.1,-12.754299968276108,-17.855150221067976,nan
1,50,0.1,0.1,-8.910255698543185,-6.780823606638278,nan
2,50,0.1,0.1,8.205323732409603,0.8488292990717831,nan
0,100,0.1,0.1,-5.8406518846823285,-2.8376484503819053,nan
1,100,0.1,0.1,-9.77749481515627,-8.500566047896452,nan
2,100,0.1,0.1,0.2008537970519037,0.045195141372149306,nan
0,200,0.1,0.1,-14.007893162584537,-24.16455855475408,nan
1,200,0.1,0.1,-13.916916890430722,-23.642892870545378,nan
2,200,0.1,0.1,18.527708769837314,0.9859644601039791,nan
0,100,0.0,0.1,-13.881310279601104,-23.441678543072047,nan
1,100,0.0,0.1,-6.1585875115936615,-3.1291318530721597,nan
2,100,0.0,0.1,-12.862779451813196,-18.332051578592587,nan
0,100,0.1,0.1,-11.31609495038745,-12.539714131408267,nan
1,100,0.1,0.1,0.8890658467514361,0.1851204568999555,nan
2,100,0.1,0.1,16.869488479407416,0.9794386724291233,nan
0,100,0.2,0.1,-8.634550920974585,-6.302223008675692,nan
1,100,0.2,0.1,15.09035736087789,0.96902835562631,nan
2,100,0.2,0.1,28.708277175562568,0.9986536056439778,nan
0,100,0.3,0.1,-2.0878238949448953,-0.6172694746984619,nan
1,100,0.3,0.1,21.457952480722724,0.9928516673897011,nan
2,100,0.3,0.1,1.156573867115187,0.2337991784960115,nan
0,100,0.1,0.0,-14.03673880611397,-24.33225672254547,nan
1,100,0.1,0.0,-14.036422551941271,-24.330412089344684,nan
2,100,0.1,0.0,-13.082924409889067,-19.337260005751432,nan
0,100,0.1,0.1,-9.269851272450039,-7.452498984192392,nan
1,100,0.1,0.1,-13.88670693713086,-23.47206929434888,nan
2,100,0.1,0.1,16.79186349832419,0.9790678590646006,nan
0,100,0.1,0.2,23.42009243099779,0.995450216232686,nan
1,100,0.1,0.2,-3.877562865051361,-1.4420597548421212,nan
2,100,0.1,0.2,10.080876450143554,0.9018450163643401,nan
nonstationary level,time series length,observation noise,process noise,evidence,significance_level,bayes factor error
0,50,0.1,0.1,5.357786265750223,0.7087798820550291,nan
1,50,0.1,0.1,0.5014465056183766,0.10904586158855256,nan
2,50,0.1,0.1,4.791486499187724,0.6682191235399891,nan
0,100,0.1,0.1,-13.994241587760829,-24.085580695305477,nan
1,100,0.1,0.1,10.634352903839533,0.9135898598318971,nan
2,100,0.1,0.1,-0.062119819969488836,-0.014406403362691389,nan
0,200,0.1,0.1,-13.830322108512515,-23.15639991533621,nan
1,200,0.1,0.1,-13.931621933366118,-23.726474172947746,nan
2,200,0.1,0.1,130.3262975858067,0.9999999999999072,nan
0,100,0.0,0.1,-14.02092750200132,-24.240197577798096,nan
1,100,0.0,0.1,-13.28735238024545,-20.31744926392316,nan
2,100,0.0,0.1,19.649426424103588,0.9891592992150533,nan
0,100,0.1,0.1,-13.743562678453882,-22.678613453173064,nan
1,100,0.1,0.1,-13.382139441683229,-20.787828301591386,nan
2,100,0.1,0.1,28.841286074708293,0.9986942158505245,nan
0,100,0.2,0.1,-14.028916447332119,-24.286670223387016,nan
1,100,0.2,0.1,-11.626247052692145,-13.54201891728746,nan
2,100,0.2,0.1,-3.930403192651201,-1.4719536269263522,nan
0,100,0.3,0.1,15.494837637984437,0.971782649276504,nan
1,100,0.3,0.1,-13.660862205176215,-22.23197975253248,nan
2,100,0.3,0.1,30.909516986348113,0.9991889487436607,nan
0,100,0.1,0.0,-14.036732407924113,-24.33221940213837,nan
1,100,0.1,0.0,-14.036443783569766,-24.33053592403199,nan
2,100,0.1,0.0,-13.791050375937623,-22.938946689663535,nan
0,100,0.1,0.1,2.800893101478055,0.47530045227223816,nan
1,100,0.1,0.1,-11.938502822751236,-14.626088594340818,nan
2,100,0.1,0.1,7.071836953480927,0.803746999824296,nan
0,100,0.1,0.2,-4.807645581546556,-2.025272907735799,nan
1,100,0.1,0.2,-1.1625590499064729,-0.3069407670068731,nan
2,100,0.1,0.2,16.49422206361875,0.977582984420893,nan
0,50,0.1,0.1,6.982215113462789,0.7996550090347355,nan
1,50,0.1,0.1,6.522546475592743,0.7772871105498877,nan
2,50,0.1,0.1,10.254938798536717,0.9057012099899534,nan
0,100,0.1,0.1,-14.019851704471398,-24.233946064016564,nan
1,100,0.1,0.1,13.78452674051971,0.9581642724593985,nan
2,100,0.1,0.1,-13.867040848076226,-23.361503331955536,nan
0,200,0.1,0.1,-13.877709627675658,-23.421422815996863,nan
1,200,0.1,0.1,-13.897884547730166,-23.53513515960738,nan
2,200,0.1,0.1,-13.751364863158601,-22.72119077610813,nan
0,100,0.0,0.1,-14.02516726119048,-24.264850115646674,nan
1,100,0.0,0.1,-13.966762745014965,-23.927359351584506,nan
2,100,0.0,0.1,3.935865963531472,0.5959701952324328,nan
0,100,0.1,0.1,-13.130867694318047,-19.56301391626175,nan
1,100,0.1,0.1,-13.67860360708929,-22.327079029663626,nan
2,100,0.1,0.1,10.432302557172484,0.9094747476199738,nan
0,100,0.2,0.1,23.039123939997644,0.9950330749570828,nan
1,100,0.2,0.1,-13.095487796256922,-19.396177350553558,nan
2,100,0.2,0.1,10.016410763810434,0.9003771587640598,nan
0,100,0.3,0.1,-11.611443625477643,-13.492535155728921,nan
1,100,0.3,0.1,-12.847419449825193,-18.263799303579148,nan
2,100,0.3,0.1,-2.430600851185647,-0.7500887985836193,nan
0,100,0.1,0.0,-14.036590092376306,-24.331389294973143,nan
1,100,0.1,0.0,-14.035864928821894,-24.327159937351986,nan
2,100,0.1,0.0,-13.794144033998181,-22.956005460231342,nan
0,100,0.1,0.1,-13.268733674732731,-20.226254520266167,nan
1,100,0.1,0.1,3.9900376969826774,0.6009785611793433,nan
2,100,0.1,0.1,19.140631689074112,0.9878118769239366,nan
0,100,0.1,0.2,22.50354888041479,0.994381180098979,nan
1,100,0.1,0.2,2.7106909937329227,0.46428858480406154,nan
2,100,0.1,0.2,-8.392440086822127,-5.906277245611951,nan
0,50,0.1,0.1,-4.405613908716239,-1.757791259840261,nan
1,50,0.1,0.1,-6.745639797294677,-3.7267646588557364,nan
2,50,0.1,0.1,-6.132102159069662,-3.1040270624831754,nan
0,100,0.1,0.1,-10.008287856941253,-9.019101716425052,nan
1,100,0.1,0.1,-10.890113599503978,-11.274713380161472,nan
2,100,0.1,0.1,59.03233187508006,0.9999987504120963,nan
0,200,0.1,0.1,-14.004735735995856,-24.146269957124566,nan
1,200,0.1,0.1,-13.825273072715568,-23.12833240301208,nan
2,200,0.1,0.1,42.20022215776039,0.9999397471236299,nan
0,100,0.0,0.1,-3.2258820478379824,-1.101784596093561,nan
1,100,0.0,0.1,7.826397131222894,0.8350469740161197,nan
2,100,0.0,0.1,13.37985787135934,0.9540786959052014,nan
0,100,0.1,0.1,-7.8140422589032354,-5.04511025014369,nan
1,100,0.1,0.1,-13.906460361446554,-23.58363143033286,nan
2,100,0.1,0.1,-2.677781649336951,-0.8525850921281972,nan
0,100,0.2,0.1,-13.653997484582233,-22.195286890848546,nan
1,100,0.2,0.1,14.120606175804145,0.9612796403619698,nan
2,100,0.2,0.1,2.004175617095699,0.3696490113972475,nan
0,100,0.3,0.1,2.3336476202436445,0.4157008722690674,nan
1,100,0.3,0.1,-10.921252767396181,-11.363040067037804,nan
2,100,0.3,0.1,-2.726511091959341,-0.8734888346687975,nan
0,100,0.1,0.0,-14.036675078834296,-24.33188500611066,nan
1,100,0.1,0.0,-14.036598730391168,-24.331439678559377,nan
2,100,0.1,0.0,-14.036827085613012,-24.332771659242884,nan
0,100,0.1,0.1,-12.97237431478737,-18.826106350639233,nan
1,100,0.1,0.1,10.835179040461785,0.9174946528538318,nan
2,100,0.1,0.1,17.896698142548395,0.9837695640276009,nan
0,100,0.1,0.2,-8.243060302981824,-5.672768073960866,nan
1,100,0.1,0.2,-10.358401042870856,-9.860257041334279,nan
2,100,0.1,0.2,-8.458411602524468,-6.01198793641891,nan
0,50,0.1,0.1,16.0614139599208,0.975233844009936,nan
1,50,0.1,0.1,-9.944715010508261,-8.873508424190474,nan
2,50,0.1,0.1,12.893979366260771,0.9486427142124498,nan
0,100,0.1,0.1,-9.617822762420634,-8.157612787303606,nan
1,100,0.1,0.1,-13.5285580751267,-21.534908940902103,nan
2,100,0.1,0.1,0.25478123901628935,0.056977888224582496,nan
0,200,0.1,0.1,-13.728958902824646,-22.599124436550976,nan
1,200,0.1,0.1,-11.123710071071663,-11.953019135424249,nan
2,200,0.1,0.1,35.785277929004245,0.9997360800579973,nan
0,100,0.0,0.1,-13.816782467455234,-23.081206771258586,nan
1,100,0.0,0.1,-13.458883633088519,-21.176262990771114,nan
2,100,0.0,0.1,6.182210776661021,0.7591321021816431,nan
0,100,0.1,0.1,2.888056773481795,0.48572629097795805,nan
1,100,0.1,0.1,-11.94860485653768,-14.662478421033763,nan
2,100,0.1,0.1,31.369680291325544,0.9992704887882853,nan
0,100,0.2,0.1,-4.328022330695466,-1.7089577588314215,nan
1,100,0.2,0.1,5.152476466521845,0.6946820390208203,nan
2,100,0.2,0.1,6.571432742980258,0.7797800165304261,nan
0,100,0.3,0.1,-12.037629220771331,-14.986850808269631,nan
1,100,0.3,0.1,-13.564887409747683,-21.72420722309788,nan
2,100,0.3,0.1,16.143308180381236,0.9756964798448535,nan
0,100,0.1,0.0,-14.036650073451762,-24.331739153082886,nan
1,100,0.1,0.0,-14.036568265960167,-24.331261986872804,nan
2,100,0.1,0.0,-11.575403977027214,-13.372767413965569,nan
0,100,0.1,0.1,-11.88896196389746,-14.44885142141594,nan
1,100,0.1,0.1,11.66765197115952,0.9318862481373155,nan
2,100,0.1,0.1,-10.758054280681552,-10.907084291889513,nan
0,100,0.1,0.2,-13.691446669101754,-22.396164535262155,nan
1,100,0.1,0.2,-14.012334330297618,-24.190305413842083,nan
2,100,0.1,0.2,23.309352771749733,0.9953327106834348,nan
0,50,0.1,0.1,4.210669202553634,0.6207434590110377,nan
1,50,0.1,0.1,-0.047016380325010924,-0.01088473397699219,nan
2,50,0.1,0.1,-11.706412121836369,-13.812938242044764,nan
0,100,0.1,0.1,-13.737300062615645,-22.644493012198325,nan
1,100,0.1,0.1,-10.63779962074368,-10.581904033041393,nan
2,100,0.1,0.1,1.774207322701527,0.33537102962187737,nan
0,200,0.1,0.1,-13.81377849595278,-23.06455580066257,nan
1,200,0.1,0.1,-10.135058509661155,-9.315869772439793,nan
2,200,0.1,0.1,41.74341842452322,0.9999330642463589,nan
0,100,0.0,0.1,-13.805249627130014,-23.01734312654507,nan
1,100,0.0,0.1,-7.306066353376294,-4.377824623721195,nan
2,100,0.0,0.1,41.562606423153966,0.9999302186515155,nan
0,100,0.1,0.1,-2.482227167422708,-0.7710169459167815,nan
1,100,0.1,0.1,-10.910111693832445,-11.331365471883279,nan
2,100,0.1,0.1,2.364038522598225,0.4197753867238112,nan
0,100,0.2,0.1,7.019672915862113,0.8013755496443815,nan
1,100,0.2,0.1,5.056231792606455,0.6878403100154575,nan
2,100,0.2,0.1,1.9979714368199752,0.36874787033085343,nan
0,100,0.3,0.1,-0.6668036571763587,-0.16595117846662366,nan
1,100,0.3,0.1,-10.435755424870528,-10.055427540874012,nan
2,100,0.3,0.1,11.591087670658172,0.9306747837558653,nan
0,100,0.1,0.0,-14.036650408143734,-24.331741105290526,nan
1,100,0.1,0.0,-14.036370871979075,-24.33011066554011,nan
2,100,0.1,0.0,-12.090430369233209,-15.182403911357131,nan
0,100,0.1,0.1,-7.814820109382151,-5.046193066808715,nan
1,100,0.1,0.1,-14.024893888729817,-24.26325983597226,nan
2,100,0.1,0.1,5.916462639901047,0.7439329277364184,nan
0,100,0.1,0.2,-10.399232959724491,-9.962845559507345,nan
1,100,0.1,0.2,-4.432502740685136,-1.7749187667749737,nan
2,100,0.1,0.2,-3.8319814493365145,-1.4165631291907457,nan
0,50,0.1,0.1,-10.368437558813707,-9.885384044486026,nan
1,50,0.1,0.1,-10.382951236984379,-9.921822739851955,nan
2,50,0.1,0.1,2.993686239293865,0.4980836119188543,nan
0,100,0.1,0.1,11.294066526088805,0.925767626411247,nan
1,100,0.1,0.1,-13.087407097218165,-19.35826249305691,nan
2,100,0.1,0.1,2.62434524224122,0.45353106873477944,nan
0,200,0.1,0.1,-13.628142686907644,-22.057608911878862,nan
1,200,0.1,0.1,-1.0846535194663947,-0.283705352257025,nan
2,200,0.1,0.1,18.998018315662925,0.9874050000986159,nan
0,100,0.0,0.1,2.529621222865026,0.44148109523480505,nan
1,100,0.0,0.1,-13.898596972614857,-23.53916027973303,nan
2,100,0.0,0.1,34.11863350795183,0.9996126204866743,nan
0,100,0.1,0.1,-5.350051600237541,-2.4277185912968986,nan
1,100,0.1,0.1,-13.97195923997932,-23.957203715334252,nan
2,100,0.1,0.1,39.036351861132474,0.9998751568224656,nan
0,100,0.2,0.1,-14.029621727451989,-24.29077702988232,nan
1,100,0.2,0.1,-6.586132289289713,-3.5563096244148165,nan
2,100,0.2,0.1,-1.90463066029612,-0.5504689237133609,nan
0,100,0.3,0.1,-12.246371168111823,-15.774018467084066,nan
1,100,0.3,0.1,-1.9543115903426855,-0.5683072821679909,nan
2,100,0.3,0.1,-7.343013095868772,-4.42377056196513,nan
0,100,0.1,0.0,-14.036619036376024,-24.331558119169248,nan
1,100,0.1,0.0,-14.036161719404225,-24.32889081805884,nan
2,100,0.1,0.0,-8.804774691327989,-6.594120239280394,nan
0,100,0.1,0.1,-13.367347581455668,-20.713746242631032,nan
1,100,0.1,0.1,59.72784799454882,0.9999989353295495,nan
2,100,0.1,0.1,4.649381572728373,0.6571834004823638,nan
0,100,0.1,0.2,-13.958713659097445,-23.881202504588583,nan
1,100,0.1,0.2,-13.797078852700388,-22.972199608799674,nan
2,100,0.1,0.2,1.1406561919838705,0.2309857617661697,nan
0,50,0.1,0.1,0.3835667388472694,0.08453166717977567,nan
1,50,0.1,0.1,-4.127663465092406,-1.586820812885422,nan
2,50,0.1,0.1,12.293545182256931,0.9410280509327259,nan
0,100,0.1,0.1,-14.028458555258123,-24.284004300610587,nan
1,100,0.1,0.1,-8.989533906614527,-6.924162822417903,nan
2,100,0.1,0.1,3.4151280093634844,0.5445012399697751,nan
0,200,0.1,0.1,-9.381199397297777,-7.672013389274541,nan
1,200,0.1,0.1,-12.97814685121341,-18.852476249315664,nan
2,200,0.1,0.1,37.401875750087385,0.9998181084913988,nan
0,100,0.0,0.1,-13.838933150098418,-23.204343909229877,nan
1,100,0.0,0.1,-8.398866322538288,-5.91650399704585,nan
2,100,0.0,0.1,8.235974300036373,0.8498924384637844,nan
0,100,0.1,0.1,-13.820752757429293,-23.103231709135112,nan
1,100,0.1,0.1,-6.735485555111357,-3.715725917121974,nan
2,100,0.1,0.1,-0.36800022681908123,-0.08842879478898902,nan
0,100,0.2,0.1,-13.9706869867376,-23.949893644795388,nan
1,100,0.2,0.1,-6.422343857639091,-3.387674336722773,nan
2,100,0.2,0.1,-6.219091581136084,-3.1870597473749056,nan
0,100,0.3,0.1,2.798766615483585,0.4750434746928843,nan
1,100,0.3,0.1,-13.844684482005116,-23.23641878871631,nan
2,100,0.3,0.1,1.43860790478165,0.2819755887966213,nan
0,100,0.1,0.0,-14.036768426144974,-24.33242949581788,nan
1,100,0.1,0.0,-14.035814826561296,-24.326867752970028,nan
2,100,0.1,0.0,-13.873533936643184,-23.397953186129012,nan
0,100,0.1,0.1,-13.647309705408263,-22.15959553751894,nan
1,100,0.1,0.1,30.595337735389343,0.9991281009058444,nan
2,100,0.1,0.1,1.8589354022693327,0.34821185094055696,nan
0,100,0.1,0.2,-11.460543045046766,-12.997623389531178,nan
1,100,0.1,0.2,-5.897494718381379,-2.8882078419287667,nan
2,100,0.1,0.2,-6.419491666171778,-3.3847937155464454,nan
0,50,0.1,0.1,1.0391189056283259,0.2127945186685184,nan
1,50,0.1,0.1,8.897172955253138,0.8710911587833392,nan
2,50,0.1,0.1,16.355499437192705,0.9768553799164174,nan
0,100,0.1,0.1,1.836153738925577,0.3447838008487113,nan
1,100,0.1,0.1,21.776792106631202,0.9933576647815465,nan
2,100,0.1,0.1,10.418453923955669,0.909185623075385,nan
0,200,0.1,0.1,-13.910130969257565,-23.604418020457537,nan
1,200,0.1,0.1,-13.655906272211444,-22.205483798631498,nan
2,200,0.1,0.1,29.909789190423655,0.9989790109579736,nan
0,100,0.0,0.1,5.253587508290184,0.701708245098339,nan
1,100,0.0,0.1,-14.02497172704942,-24.263712631804964,nan
2,100,0.0,0.1,-1.6290270665224198,-0.45513305611751487,nan
0,100,0.1,0.1,-13.953644611373615,-23.852178321372065,nan
1,100,0.1,0.1,-7.515950137570754,-4.644104080017196,nan
2,100,0.1,0.1,8.088361494010424,0.8447027195056238,nan
0,100,0.2,0.1,-13.915495889772412,-23.634831096738587,nan
1,100,0.2,0.1,-13.985993563802786,-24.037983931488718,nan
2,100,0.2,0.1,13.833747189135405,0.9586357379224805,nan
0,100,0.3,0.1,4.57047300148554,0.6508977082361891,nan
1,100,0.3,0.1,-11.856889392388233,-14.335182163293041,nan
2,100,0.3,0.1,9.048545229494275,0.8755068439247633,nan
0,100,0.1,0.0,-14.036632140332085,-24.331634552128715,nan
1,100,0.1,0.0,-14.035878091507676,-24.327236699541487,nan
2,100,0.1,0.0,-12.561221099124607,-17.03524763864681,nan
0,100,0.1,0.1,3.465542336462995,0.5497582473256535,nan
1,100,0.1,0.1,-12.205427362445189,-15.616621836606438,nan
2,100,0.1,0.1,24.88392004312676,0.9967520600159026,nan
0,100,0.1,0.2,-6.079813494273481,-3.0549112144861006,nan
1,100,0.1,0.2,13.400744283812852,0.9542990138387157,nan
2,100,0.1,0.2,74.85904479015262,0.9999999673340328,nan
0,50,0.1,0.1,-6.461996800951823,-3.427919126144939,nan
1,50,0.1,0.1,-7.834090115646381,-5.073080132734279,nan
2,50,0.1,0.1,17.535898730870482,0.982363592418673,nan
0,100,0.1,0.1,22.676318437335574,0.9946003183442009,nan
1,100,0.1,0.1,-13.832532786279634,-23.168699314085803,nan
2,100,0.1,0.1,-4.327271033377742,-1.708489169716687,nan
0,200,0.1,0.1,5.595961610059767,0.7243209020859367,nan
1,200,0.1,0.1,2.4511255963705643,0.43129448429783357,nan
2,200,0.1,0.1,74.95532024950745,0.9999999680502124,nan
0,100,0.0,0.1,-5.017233398375154,-2.17485093970151,nan
1,100,0.0,0.1,-13.921633536412676,-23.66967077033306,nan
2,100,0.0,0.1,2.0770577473766028,0.3801391246002297,nan
0,100,0.1,0.1,-6.619626068885305,-3.5915847721298793,nan
1,100,0.1,0.1,-11.28206410730763,-12.434032998301168,nan
2,100,0.1,0.1,16.888400566030512,0.9795280155312971,nan
0,100,0.2,0.1,-13.378058884809994,-20.767366444071293,nan
1,100,0.2,0.1,-13.557186372246752,-21.683947695655096,nan
2,100,0.2,0.1,19.747462633213598,0.9894012722470009,nan
0,100,0.3,0.1,-14.01238689927231,-24.190610330574277,nan
1,100,0.3,0.1,-14.022869034156919,-24.251483839253584,nan
2,100,0.3,0.1,-1.9056239437474431,-0.5508235750653445,nan
0,100,0.1,0.0,-14.036643584761633,-24.3317013055647,nan
1,100,0.1,0.0,-14.036336012645936,-24.329907350218544,nan
2,100,0.1,0.0,-14.036474095133649,-24.33071271901082,nan
0,100,0.1,0.1,-13.536772929708867,-21.57757496592444,nan
1,100,0.1,0.1,8.529613967853768,0.8597061597732681,nan
2,100,0.1,0.1,17.039798966084636,0.9802293884430076,nan
0,100,0.1,0.2,22.446769116175723,0.9943072372011069,nan
1,100,0.1,0.2,-5.994820354542219,-2.9763264810151435,nan
2,100,0.1,0.2,7.184871621545592,0.8087890153821087,nan
0,50,0.1,0.1,-13.987262829196032,-24.04530258099346,nan
1,50,0.1,0.1,14.312649584167685,0.9629545357588449,nan
2,50,0.1,0.1,5.787356605925026,0.7362063485780486,nan
0,100,0.1,0.1,19.583694333592284,0.9889939731836677,nan
1,100,0.1,0.1,8.263561848042935,0.850842939759844,nan
2,100,0.1,0.1,1.592648751494641,0.3069969837556207,nan
0,200,0.1,0.1,-14.026303765064387,-24.271462531549016,nan
1,200,0.1,0.1,-13.603598323154444,-21.927665251616986,nan
2,200,0.1,0.1,45.58834963311363,0.9999723837289443,nan
0,100,0.0,0.1,18.086675801768163,0.9844642429945563,nan
1,100,0.0,0.1,-13.679880779889313,-22.33394006364645,nan
2,100,0.0,0.1,-3.879100572991086,-1.442924568858246,nan
0,100,0.1,0.1,-2.486043008768826,-0.7725736982343012,nan
1,100,0.1,0.1,-13.931598139758552,-23.726338704864258,nan
2,100,0.1,0.1,26.848736408902063,0.9979340188290287,nan
0,100,0.2,0.1,5.47400352153754,0.7164695887286237,nan
1,100,0.2,0.1,-12.726659930791616,-17.735530428686157,nan
2,100,0.2,0.1,-7.719537159601452,-4.914985930721,nan
0,100,0.3,0.1,2.931128008320438,0.4908014020612822,nan
1,100,0.3,0.1,-13.027354919598794,-19.078695426257433,nan
2,100,0.3,0.1,-3.767193640783504,-1.3807805401640212,nan
0,100,0.1,0.0,-14.036709915410924,-24.332088204569143,nan
1,100,0.1,0.0,-14.036304669443915,-24.329724543949652,nan
2,100,0.1,0.0,-14.036533761339403,-24.331060731238058,nan
0,100,0.1,0.1,-13.441237918634819,-21.0863419526438,nan
1,100,0.1,0.1,30.852350303861897,0.9991782022088601,nan
2,100,0.1,0.1,-2.4681905939966304,-0.7653021876094417,nan
0,100,0.1,0.2,-3.0681231358581993,-1.0268066174927495,nan
1,100,0.1,0.2,-12.76057920544623,-17.882431615971118,nan
2,100,0.1,0.2,9.564751393546182,0.8894586254398547,nan
0,50,0.1,0.1,4.699981685837744,0.6611544149547905,nan
1,50,0.1,0.1,-5.0417271142903815,-2.192807327096498,nan
2,50,0.1,0.1,8.43112713793902,0.8564883075330059,nan
0,100,0.1,0.1,-14.028427027768979,-24.283820752739057,nan
1,100,0.1,0.1,10.247434449803244,0.905538126465643,nan
2,100,0.1,0.1,4.533931742257545,0.6479479919786932,nan
0,200,0.1,0.1,19.564806043905072,0.9889460016451722,nan
1,200,0.1,0.1,-8.886339538778623,-6.738093158723501,nan
2,200,0.1,0.1,0.27994918499476656,0.06242702298377878,nan
0,100,0.0,0.1,11.842754008921172,0.9345778821385723,nan
1,100,0.0,0.1,-13.876935990138948,-23.41707285359106,nan
2,100,0.0,0.1,27.975445290014207,0.9984061205510187,nan
0,100,0.1,0.1,-8.769036853783067,-6.531885086272801,nan
1,100,0.1,0.1,-3.168395659204511,-1.0741471587389406,nan
2,100,0.1,0.1,6.941063900840635,0.7977476344127143,nan
0,100,0.2,0.1,-12.007159490329792,-14.875080968814887,nan
1,100,0.2,0.1,6.809535076332557,0.7915285954725371,nan
2,100,0.2,0.1,-2.916320201708466,-0.9571856378300152,nan
0,100,0.3,0.1,-9.332107522856752,-7.574538452608877,nan
1,100,0.3,0.1,-13.785439166775745,-22.90803685701724,nan
2,100,0.3,0.1,-7.771258383956347,-4.985850121054915,nan
0,100,0.1,0.0,-14.036539916612604,-24.331096633078005,nan
1,100,0.1,0.0,-14.036071132107645,-24.328362501004243,nan
2,100,0.1,0.0,-13.955086176019748,-23.860428936958833,nan
0,100,0.1,0.1,4.259250281348088,0.6249622609153505,nan
1,100,0.1,0.1,-13.940156415508119,-23.77511286077217,nan
2,100,0.1,0.1,32.39155536937278,0.9994234400610535,nan
0,100,0.1,0.2,-12.224374465225885,-15.689274064324568,nan
1,100,0.1,0.2,4.75391230286987,0.6653361755784457,nan
2,100,0.1,0.2,19.74379160195471,0.989392309501341,nan
0,50,0.1,0.1,8.008903393775801,0.8418352640578568,nan
1,50,0.1,0.1,-7.4193060541921945,-4.519892315705433,nan
2,50,0.1,0.1,-6.757066304584947,-3.73921739024017,nan
0,100,0.1,0.1,-13.894299086719052,-23.514887730500405,nan
1,100,0.1,0.1,18.663627189673882,0.9863969190956897,nan
2,100,0.1,0.1,3.5197143089225476,0.5553394824783672,nan
0,200,0.1,0.1,-14.033161960161276,-24.311401685017536,nan
1,200,0.1,0.1,41.85740007334133,0.9999347981388398,nan
2,200,0.1,0.1,17.772355913671912,0.9832981565499425,nan
0,100,0.0,0.1,25.902533272648153,0.9974311031113835,nan
1,100,0.0,0.1,-13.9163918359505,-23.63991376771654,nan
2,100,0.0,0.1,-5.789177447446968,-2.792431496229729,nan
0,100,0.1,0.1,-13.491117344396526,-21.34146945876631,nan
1,100,0.1,0.1,-4.58551157478999,-1.8744261651186926,nan
2,100,0.1,0.1,4.441576736386854,0.6403812506413609,nan
0,100,0.2,0.1,-7.902547545902569,-5.1695679896881925,nan
1,100,0.2,0.1,-13.61178127656165,-21.970906160246297,nan
2,100,0.2,0.1,15.420061856108937,0.9712926030591177,nan
0,100,0.3,0.1,2.341129395258589,0.41670660257256764,nan
1,100,0.3,0.1,-3.7953819967388402,-1.3962835127806428,nan
2,100,0.3,0.1,-0.9732092902330715,-0.25118327106296356,nan
0,100,0.1,0.0,-14.036736925455674,-24.332245752728806,nan
1,100,0.1,0.0,-14.036099771037707,-24.328529525828216,nan
2,100,0.1,0.0,-13.705183149278085,-22.470282387227073,nan
0,100,0.1,0.1,-12.877501560268012,-18.397696322743805,nan
1,100,0.1,0.1,30.366122262735512,0.9990808470746952,nan
2,100,0.1,0.1,-3.7089177571682885,-1.3490473755863164,nan
0,100,0.1,0.2,0.13985951843173053,0.031690822274290986,nan
1,100,0.1,0.2,-8.554046516394626,-6.1681098409093025,nan
2,100,0.1,0.2,-12.518727740103683,-16.859643023478206,nan
0,50,0.1,0.1,-8.103036669797296,-5.461058406475811,nan
1,50,0.1,0.1,-4.047826764197761,-1.539701505554282,nan
2,50,0.1,0.1,3.7224996978219274,0.5756247668562826,nan
0,100,0.1,0.1,-12.758716681769362,-17.87433539619691,nan
1,100,0.1,0.1,-14.002996019640662,-24.136198768599602,nan
2,100,0.1,0.1,14.434639066826424,0.9639806315896047,nan
0,200,0.1,0.1,-11.846608724876367,-14.298923481601983,nan
1,200,0.1,0.1,5.281717118938703,0.7036340617497867,nan
2,200,0.1,0.1,2.467714159719593,0.4334626014266999,nan
0,100,0.0,0.1,-14.004804830461751,-24.14667002711983,nan
1,100,0.0,0.1,-14.02232460332479,-24.248318515892564,nan
2,100,0.0,0.1,23.944704873508527,0.9959679165430875,nan
0,100,0.1,0.1,-6.993840458549331,-4.004769102134947,nan
1,100,0.1,0.1,-13.958287504752882,-23.878761139851186,nan
2,100,0.1,0.1,2.068126965222454,0.3788631382591173,nan
0,100,0.2,0.1,-8.58751615223748,-6.223565501633072,nan
1,100,0.2,0.1,-6.233877585714377,-3.20133931945886,nan
2,100,0.2,0.1,-8.96502857054347,-6.879576151007166,nan
0,100,0.3,0.1,-4.3509816366885055,-1.7233167903568374,nan
1,100,0.3,0.1,-14.010305704913531,-24.178541561900364,nan
2,100,0.3,0.1,5.596302020232397,0.7243425096115819,nan
0,100,0.1,0.0,-14.036710631412234,-24.332092380954208,nan
1,100,0.1,0.0,-14.036656962758041,-24.33177933739452,nan
2,100,0.1,0.0,-13.586503343540208,-21.83759328614411,nan
0,100,0.1,0.1,-13.448874375080166,-21.12521183609487,nan
1,100,0.1,0.1,-13.556238249407368,-21.678996027532772,nan
2,100,0.1,0.1,8.975943462250912,0.8734081770706497,nan
0,100,0.1,0.2,-11.876599546417857,-14.404937995855203,nan
1,100,0.1,0.2,-7.372341373613822,-4.460521700501484,nan
2,100,0.1,0.2,2.9394992814492094,0.49178196596777934,nan
0,50,0.1,0.1,8.255190552360755,0.8505551529945256,nan
1,50,0.1,0.1,3.2231300643630334,0.5239122647096658,nan
2,50,0.1,0.1,22.870785510985698,0.9948367702681404,nan
0,100,0.1,0.1,13.455877407168565,0.9548755149076559,nan
1,100,0.1,0.1,39.23395592646117,0.9998807098987078,nan
2,100,0.1,0.1,-2.971343775979729,-0.9821402365455327,nan
0,200,0.1,0.1,-9.754951895672338,-8.45137923627964,nan
1,200,0.1,0.1,5.409749473789715,0.71224355954711,nan
2,200,0.1,0.1,-12.461346904202113,-16.625225836317536,nan
0,100,0.0,0.1,-13.88125587624704,-23.441372368110443,nan
1,100,0.0,0.1,-14.011156015242907,-24.183471781118126,nan
2,100,0.0,0.1,0.9799121555534668,0.2019891715850567,nan
0,100,0.1,0.1,-14.03666528263242,-24.331827866084733,nan
1,100,0.1,0.1,-13.85133050491576,-23.27353625429871,nan
2,100,0.1,0.1,-12.29507249025032,-15.963179161091514,nan
0,100,0.2,0.1,-8.149025643520408,-5.529840367163557,nan
1,100,0.2,0.1,-2.9422588319376635,-0.9689100836473954,nan
2,100,0.2,0.1,68.74979599741498,0.9999998666415927,nan
0,100,0.3,0.1,-12.591250196321099,-17.160383674869106,nan
1,100,0.3,0.1,-13.868853935064621,-23.371675864131507,nan
2,100,0.3,0.1,41.347651473905316,0.9999266779071548,nan
0,100,0.1,0.0,-14.036704222612055,-24.332054998900055,nan
1,100,0.1,0.0,-14.036012407901467,-24.328020019580304,nan
2,100,0.1,0.0,-13.576284288693634,-21.7839190465403,nan
0,100,0.1,0.1,-3.5462489675153206,-1.262689162574242,nan
1,100,0.1,0.1,-13.972743764732874,-23.961712479197324,nan
2,100,0.1,0.1,-11.612483244793054,-13.496004811364358,nan
0,100,0.1,0.2,-9.484328024851186,-7.880405609521105,nan
1,100,0.1,0.2,22.701360445362496,0.9946313640470693,nan
2,100,0.1,0.2,7.356459924427612,0.8161964024214694,nan
0,50,0.1,0.1,-1.698241954494161,-0.47850975896184966,nan
1,50,0.1,0.1,-3.969322200268359,-1.494205428029396,nan
2,50,0.1,0.1,6.474032845232603,0.7747853095857082,nan
0,100,0.1,0.1,-12.975155081197002,-18.838804974946356,nan
1,100,0.1,0.1,-10.099311977312937,-9.231308918954872,nan
2,100,0.1,0.1,6.405816077243685,0.7712198226743104,nan
0,200,0.1,0.1,-14.020758409587637,-24.239214870666544,nan
1,200,0.1,0.1,-5.780700952133595,-2.785036703529309,nan
2,200,0.1,0.1,49.448930411055834,0.9999886470961722,nan
0,100,0.0,0.1,22.096825344319342,0.9938295410766426,nan
1,100,0.0,0.1,-12.989675497068037,-18.90524602305291,nan
2,100,0.0,0.1,2.3266297749706175,0.4147559291758893,nan
0,100,0.1,0.1,-11.432133625197832,-12.906356623564877,nan
1,100,0.1,0.1,-10.780996974762953,-10.970152889003494,nan
2,100,0.1,0.1,7.721967129310619,0.8310324577258805,nan
0,100,0.2,0.1,-14.030721096855752,-24.297179926315156,nan
1,100,0.2,0.1,14.820120633342853,0.967039944321614,nan
2,100,0.2,0.1,-7.080852388119534,-4.106052064300297,nan
0,100,0.3,0.1,-13.01724618642973,-19.032014165693514,nan
1,100,0.3,0.1,-13.400361821836276,-20.879438995566083,nan
2,100,0.3,0.1,-2.106592758920062,-0.6242739377091422,nan
0,100,0.1,0.0,-14.036606197321142,-24.33148323155319,nan
1,100,0.1,0.0,-14.0364413746374,-24.330521873765775,nan
2,100,0.1,0.0,-11.531090564532725,-13.22685995460704,nan
0,100,0.1,0.1,-13.740441771134083,-22.661603747756395,nan
1,100,0.1,0.1,9.02970699572469,0.8749656616051291,nan
2,100,0.1,0.1,11.7210889877287,0.9327192070576453,nan
0,100,0.1,0.2,-9.88479113974763,-8.73820951351004,nan
1,100,0.1,0.2,-12.776512874725372,-17.951835909033864,nan
2,100,0.1,0.2,20.51189614915569,0.9911118702659298,nan
0,50,0.1,0.1,-9.979123204132316,-8.952044755257562,nan
1,50,0.1,0.1,-6.651786275712913,-3.6257124022612777,nan
2,50,0.1,0.1,14.491571813657917,0.9644497369462776,nan
0,100,0.1,0.1,18.33059977034623,0.9853127657033748,nan
1,100,0.1,0.1,-13.840154234301526,-23.21115028108301,nan
2,100,0.1,0.1,-1.1559000823386527,-0.30493839120854416,nan
0,200,0.1,0.1,1.2955324460830189,0.2579267861934448,nan
1,200,0.1,0.1,-14.016276216456534,-24.21317984531001,nan
2,200,0.1,0.1,-6.628249868454565,-3.600711355201838,nan
0,100,0.0,0.1,-3.5832535889290105,-1.2820510680543111,nan
1,100,0.0,0.1,-13.92282365879936,-23.67643206983896,nan
2,100,0.0,0.1,19.735572296633727,0.9893722147483561,nan
0,100,0.1,0.1,-13.346470422914614,-20.609615636507506,nan
1,100,0.1,0.1,-13.666014984716872,-22.25956018904551,nan
2,100,0.1,0.1,31.54037540673366,0.9992986053331727,nan
0,100,0.2,0.1,-12.160094921132591,-15.44407663651345,nan
1,100,0.2,0.1,-13.888630765501746,-23.482912280483205,nan
2,100,0.2,0.1,-6.603269133658873,-3.5743239038108383,nan
0,100,0.3,0.1,-14.022823939505432,-24.25122164366997,nan
1,100,0.3,0.1,-11.572988757005533,-13.364776581392873,nan
2,100,0.3,0.1,-1.6821525443992185,-0.4730424227266963,nan
0,100,0.1,0.0,-14.036549034868191,-24.331149817188205,nan
1,100,0.1,0.0,-14.036332048524438,-24.329884229781,nan
2,100,0.1,0.0,-11.272672211161812,-12.405012432808393,nan
0,100,0.1,0.1,-1.8862246553052164,-0.5439117254534054,nan
1,100,0.1,0.1,-9.40930251767264,-7.728311793605926,nan
2,100,0.1,0.1,33.63680720420175,0.9995671680815539,nan
0,100,0.1,0.2,-7.213038829175442,-4.263854580332522,nan
1,100,0.1,0.2,-9.903302616953006,-8.779806491643841,nan
2,100,0.1,0.2,25.81252024295128,0.9973773038682402,nan
0,50,0.1,0.1,-11.239826787001094,-12.304013555023605,nan
1,50,0.1,0.1,-9.970571689158213,-8.932467871412085,nan
2,50,0.1,0.1,-9.17857739181308,-7.276710010658274,nan
0,100,0.1,0.1,-12.899773089442775,-18.497427267697987,nan
1,100,0.1,0.1,1.7390051658353813,0.3299619231879708,nan
2,100,0.1,0.1,113.9980737003571,0.9999999999960172,nan
0,200,0.1,0.1,-11.457056345923714,-12.986390017495546,nan
1,200,0.1,0.1,0.28875888315222953,0.06432696955565698,nan
2,200,0.1,0.1,84.65863496208834,0.9999999965791305,nan
0,100,0.0,0.1,-10.373794759930883,-9.898819898700859,nan
1,100,0.0,0.1,-13.925602182164504,-23.6922245755041,nan
2,100,0.0,0.1,3.4706960422028272,0.5502922253858551,nan
0,100,0.1,0.1,-8.176941800109805,-5.571948931461985,nan
1,100,0.1,0.1,-10.761329578650757,-10.916067587847076,nan
2,100,0.1,0.1,12.65460302793546,0.9457325147094098,nan
0,100,0.2,0.1,4.066830477910679,0.6079721216250817,nan
1,100,0.2,0.1,2.762383939694552,0.4706272204539451,nan
2,100,0.2,0.1,51.499870287841496,0.9999929203307085,nan
0,100,0.3,0.1,-14.034054998173582,-24.316606993622877,nan
1,100,0.3,0.1,-8.410131005976956,-5.934467236885893,nan
2,100,0.3,0.1,13.486260087548015,0.9551900982950534,nan
0,100,0.1,0.0,-14.036744007873486,-24.332287064258715,nan
1,100,0.1,0.0,-14.036190183818679,-24.32905682855141,nan
2,100,0.1,0.0,-14.036485168250179,-24.33077730428717,nan
0,100,0.1,0.1,13.620012447487866,0.9565491021193778,nan
1,100,0.1,0.1,3.719036530550116,0.5752862250107686,nan
2,100,0.1,0.1,-12.423632902504249,-16.4728315585891,nan
0,100,0.1,0.2,-13.237148992025174,-20.072443555031228,nan
1,100,0.1,0.2,-13.649336745321436,-22.170407644031314,nan
2,100,0.1,0.2,23.15024940116121,0.9951585543605803,nan
0,50,0.1,0.1,11.262957791254847,0.9252339871793572,nan
1,50,0.1,0.1,-13.15835872615024,-19.693591544356853,nan
2,50,0.1,0.1,-2.0256591312640984,-0.5942848278882082,nan
0,100,0.1,0.1,11.309228112852225,0.9260263260563014,nan
1,100,0.1,0.1,8.800614447044477,0.8681929757402745,nan
2,100,0.1,0.1,-6.962861972365317,-3.9691968040946586,nan
0,200,0.1,0.1,-14.025894346125053,-24.269080247607487,nan
1,200,0.1,0.1,5.795067560745714,0.7366743020738353,nan
2,200,0.1,0.1,5.1283876221465405,0.6929838383547522,nan
0,100,0.0,0.1,-7.808474803223834,-5.037365661767879,nan
1,100,0.0,0.1,-13.794404026063551,-22.9574396386593,nan
2,100,0.0,0.1,-12.657384989612444,-17.439048174048658,nan
0,100,0.1,0.1,26.068775374127004,0.9975275787786281,nan
1,100,0.1,0.1,24.623336453609795,0.9965512131442296,nan
2,100,0.1,0.1,-9.599303055290346,-8.118644939250053,nan
0,100,0.2,0.1,-11.553793130807383,-13.301425005758654,nan
1,100,0.2,0.1,-12.37237772110684,-16.267830305745647,nan
2,100,0.2,0.1,-5.908710540648871,-2.898262265818599,nan
0,100,0.3,0.1,-14.019792142636947,-24.23359999242821,nan
1,100,0.3,0.1,-13.9795756265687,-24.001010509016954,nan
2,100,0.3,0.1,-11.175224432415886,-12.10757777266204,nan
0,100,0.1,0.0,-14.036769896520374,-24.332438072529992,nan
1,100,0.1,0.0,-14.03578314684907,-24.326683006216594,nan
2,100,0.1,0.0,-13.96564679428973,-23.92095491122604,nan
0,100,0.1,0.1,-14.036355182960376,-24.33001915991924,nan
1,100,0.1,0.1,30.744335164054057,0.9991575066460675,nan
2,100,0.1,0.1,14.78464047688888,0.9667695706696287,nan
0,100,0.1,0.2,3.3785820172976564,0.540652033346893,nan
1,100,0.1,0.2,-13.94332462264082,-23.79319306440903,nan
2,100,0.1,0.2,-7.058197007682341,-4.079485217564055,nan
0,50,0.1,0.1,9.625710603780803,0.8909993871807713,nan
1,50,0.1,0.1,-5.519020700949709,-2.5637076563032437,nan
2,50,0.1,0.1,-9.217772854476422,-7.351746148091664,nan
0,100,0.1,0.1,-13.81383680882615,-23.06487891847192,nan
1,100,0.1,0.1,-9.564917854476473,-8.046733259464887,nan
2,100,0.1,0.1,12.727562997468798,0.946636574468151,nan
0,200,0.1,0.1,-13.861092529716846,-23.328159416521306,nan
1,200,0.1,0.1,-13.965125989674373,-23.91796657711336,nan
2,200,0.1,0.1,50.55049111202567,0.9999911905075276,nan
0,100,0.0,0.1,18.968413193516426,0.9873188488033439,nan
1,100,0.0,0.1,-13.87939276710176,-23.43088934793042,nan
2,100,0.0,0.1,85.96052862856149,0.99999999746518,nan
0,100,0.1,0.1,-14.03001549966479,-24.293070233490155,nan
1,100,0.1,0.1,1.2651130158710986,0.252710812668144,nan
2,100,0.1,0.1,54.6483929431234,0.999996571053527,nan
0,100,0.2,0.1,-13.899392193566413,-23.54365396820578,nan
1,100,0.2,0.1,-9.388248002591192,-7.68609950649244,nan
2,100,0.2,0.1,12.97070182449756,0.9495420249649175,nan
0,100,0.3,0.1,-13.696746796341381,-22.424734630277374,nan
1,100,0.3,0.1,-13.76397412393636,-22.79016271222094,nan
2,100,0.3,0.1,19.06022297964101,0.987584114408755,nan
0,100,0.1,0.0,-14.036539994803615,-24.33109708914275,nan
1,100,0.1,0.0,-14.036191350410034,-24.329063632382432,nan
2,100,0.1,0.0,-10.568364839048115,-10.398205532397414,nan
0,100,0.1,0.1,-13.62665134145788,-22.049692404047427,nan
1,100,0.1,0.1,-13.152611458635235,-19.666224642034923,nan
2,100,0.1,0.1,-8.079201573817592,-5.425695736251137,nan
0,100,0.1,0.2,-10.56210371913252,-10.38178485095821,nan
1,100,0.1,0.2,18.55465508018803,0.9860512756498356,nan
2,100,0.1,0.2,-2.550051709941139,-0.7988923337898097,nan
0,50,0.1,0.1,-12.630105058044169,-17.323587475251998,nan
1,50,0.1,0.1,-1.8451137722872035,-0.5293658107471078,nan
2,50,0.1,0.1,-6.307479253117817,-3.2731479064637803,nan
0,100,0.1,0.1,31.489858186829384,0.9992903990613263,nan
1,100,0.1,0.1,-13.96365036563994,-23.90950151344737,nan
2,100,0.1,0.1,-4.571406424784415,-1.8651056591541075,nan
0,200,0.1,0.1,-0.7135580404476721,-0.17857114500813043,nan
1,200,0.1,0.1,-13.992090217036758,-24.073157093081154,nan
2,200,0.1,0.1,50.54850811737681,0.9999911864841826,nan
0,100,0.0,0.1,-7.571703629861041,-4.717028575849093,nan
1,100,0.0,0.1,-13.764761092796196,-22.79447402963118,nan
2,100,0.0,0.1,11.44452883460957,0.928295383641539,nan
0,100,0.1,0.1,-2.4720383898000486,-0.76686691674301,nan
1,100,0.1,0.1,-3.4442013469172847,-1.2101417812158655,nan
2,100,0.1,0.1,5.447261685253134,0.714718354084514,nan
0,100,0.2,0.1,-13.70484540484365,-22.46845720883885,nan
1,100,0.2,0.1,-12.891172622161095,-18.458854118838524,nan
2,100,0.2,0.1,-10.096127724330115,-9.223810058916875,nan
0,100,0.3,0.1,5.6182112340966786,0.7257296399843906,nan
1,100,0.3,0.1,-2.5370257647825105,-0.7935049369075311,nan
2,100,0.3,0.1,13.789328400361999,0.9582105014429321,nan
0,100,0.1,0.0,-14.0367534378443,-24.33234206909921,nan
1,100,0.1,0.0,-14.036193908945318,-24.329078554359292,nan
2,100,0.1,0.0,-12.52787151536926,-16.897284900818743,nan
0,100,0.1,0.1,-13.174072210041148,-19.768599953925033,nan
1,100,0.1,0.1,4.859994857938452,0.6734117811463228,nan
2,100,0.1,0.1,14.474447808082648,0.964309287397105,nan
0,100,0.1,0.2,-13.494295763419768,-21.357826227193318,nan
1,100,0.1,0.2,-3.773690002774383,-1.3843444780642251,nan
2,100,0.1,0.2,-0.35147036838226564,-0.08429395568474929,nan
0,50,0.1,0.1,-8.967303034986902,-6.8837038823763494,nan
1,50,0.1,0.1,-3.1427203625729683,-1.0619210686377243,nan
2,50,0.1,0.1,-8.864677526434127,-6.699592710009172,nan
0,100,0.1,0.1,-13.89479777706496,-23.517702880193124,nan
1,100,0.1,0.1,-13.433064130033575,-21.044812686523585,nan
2,100,0.1,0.1,44.796483044290156,0.9999668600616957,nan
0,200,0.1,0.1,-14.011614324385768,-24.186129522551678,nan
1,200,0.1,0.1,1.37774553593893,0.271842299951914,nan
2,200,0.1,0.1,5.265320735886146,0.7025130449794899,nan
0,100,0.0,0.1,25.63254354454405,0.9972663327770945,nan
1,100,0.0,0.1,19.887636012485135,0.9897378963046508,nan
2,100,0.0,0.1,48.498804447791414,0.9999858707354994,nan
0,100,0.1,0.1,-3.5821029310296346,-1.281446521515233,nan
1,100,0.1,0.1,-13.675674531716005,-22.311351513097613,nan
2,100,0.1,0.1,4.61174001692572,0.6541991963048077,nan
0,100,0.2,0.1,-3.1816249636029212,-1.0804749755389076,nan
1,100,0.2,0.1,-11.359719808123465,-12.676405872782466,nan
2,100,0.2,0.1,16.52468074392916,0.977739653222359,nan
0,100,0.3,0.1,-9.525745569372141,-7.965500868028595,nan
1,100,0.3,0.1,-12.301283522420379,-15.987456288918338,nan
2,100,0.3,0.1,5.19975714417209,0.6979879400320826,nan
0,100,0.1,0.0,-14.036686673133737,-24.33195263438236,nan
1,100,0.1,0.0,-14.035458314301021,-24.324788756195822,nan
2,100,0.1,0.0,-13.969244804433513,-23.941609790669215,nan
0,100,0.1,0.1,-13.721547971212098,-22.558888520741835,nan
1,100,0.1,0.1,-13.216843799990892,-19.97415050192604,nan
2,100,0.1,0.1,-1.2921284247997558,-0.34652010561449065,nan
0,100,0.1,0.2,1.1298735519951064,0.2290740851922337,nan
1,100,0.1,0.2,-10.179986336783998,-9.423141501930443,nan
2,100,0.1,0.2,7.098961567508285,0.8049689121216879,nan
0,50,0.1,0.1,-1.7868828968249955,-0.5089966988092993,nan
1,50,0.1,0.1,13.6624317210341,0.9569714384412565,nan
2,50,0.1,0.1,14.582550430197925,0.9651867188873742,nan
0,100,0.1,0.1,-13.317736915625984,-20.46711543184137,nan
1,100,0.1,0.1,-13.719230619051917,-22.546321085373076,nan
2,100,0.1,0.1,4.843994584844566,0.6722063459788339,nan
0,200,0.1,0.1,28.120663879342747,0.9984585351993329,nan
1,200,0.1,0.1,-14.01033884789463,-24.17873371150071,nan
2,200,0.1,0.1,38.63644269183534,0.9998631150408126,nan
0,100,0.0,0.1,32.75684200933709,0.999469951269034,nan
1,100,0.0,0.1,16.381345653501857,0.9769927116966096,nan
2,100,0.0,0.1,5.871403197252398,0.7412623196461521,nan
0,100,0.1,0.1,-1.4516304938455307,-0.39689270514890795,nan
1,100,0.1,0.1,-10.416174644960366,-10.00569478268436,nan
2,100,0.1,0.1,59.37209816283761,0.9999988444461637,nan
0,100,0.2,0.1,-12.639722998789274,-17.364212092049186,nan
1,100,0.2,0.1,-13.127955223543319,-19.549228546523214,nan
2,100,0.2,0.1,-8.067531390421678,-5.408452048558325,nan
0,100,0.3,0.1,2.3070405697751717,0.4121101758235042,nan
1,100,0.3,0.1,-4.7185417629376065,-1.963836050777124,nan
2,100,0.3,0.1,9.137908869439064,0.8780423315515211,nan
0,100,0.1,0.0,-14.036723022912508,-24.33216465980889,nan
1,100,0.1,0.0,-14.0360379081621,-24.328168737336327,nan
2,100,0.1,0.0,-13.999939334643607,-24.118513439301537,nan
0,100,0.1,0.1,-13.342281431292232,-20.588782109975266,nan
1,100,0.1,0.1,-11.54799207415592,-13.282334735006517,nan
2,100,0.1,0.1,12.152439475455816,0.9390805389577404,nan
0,100,0.1,0.2,3.3876548248812637,0.5416106514495669,nan
1,100,0.1,0.2,-0.8676513191286175,-0.22113908495612877,nan
2,100,0.1,0.2,4.2605113071312894,0.6250711417840351,nan
0,50,0.1,0.1,-9.60274329072909,-8.125871076110194,nan
1,50,0.1,0.1,0.8067832124110645,0.1695343403726326,nan
2,50,0.1,0.1,-0.0039475080680188256,-0.0009093605409957739,nan
0,100,0.1,0.1,-13.476155184622876,-21.26463185405264,nan
1,100,0.1,0.1,11.077715416204509,0.9219759555938652,nan
2,100,0.1,0.1,-6.422674828072383,-3.3880087286787166,nan
0,200,0.1,0.1,-13.036963647823427,-19.1231685480183,nan
1,200,0.1,0.1,-7.665584071777404,-4.841957688365115,nan
2,200,0.1,0.1,76.89203378867393,0.9999999795451349,nan
0,100,0.0,0.1,-12.127912437099319,-15.322671625486027,nan
1,100,0.0,0.1,-13.50321902837804,-21.403811132165714,nan
2,100,0.0,0.1,-4.254756416309815,-1.6636406963825112,nan
0,100,0.1,0.1,1.531158502335201,0.29711520317495643,nan
1,100,0.1,0.1,-13.923986659466687,-23.68304107619948,nan
2,100,0.1,0.1,26.956251562537336,0.9979845369350747,nan
0,100,0.2,0.1,-13.912551534372877,-23.61813525579294,nan
1,100,0.2,0.1,-6.106489230993687,-3.079894406745283,nan
2,100,0.2,0.1,-10.929225907680129,-11.385758014393973,nan
0,100,0.3,0.1,-13.978537082988849,-23.99503264473921,nan
1,100,0.3,0.1,-13.846372900674178,-23.245843080117375,nan
2,100,0.3,0.1,14.122695402164267,0.9612982627816906,nan
0,100,0.1,0.0,-14.036725692438525,-24.332180231016043,nan
1,100,0.1,0.0,-14.036563585055461,-24.331234684393845,nan
2,100,0.1,0.0,-14.001626421928153,-24.128273028359786,nan
0,100,0.1,0.1,-13.950779602095352,-23.835788925702754,nan
1,100,0.1,0.1,-1.7593661426492009,-0.49946597090005485,nan
2,100,0.1,0.1,8.297490863959588,0.8520036810165483,nan
0,100,0.1,0.2,28.936573077953284,0.9987225535839668,nan
1,100,0.1,0.2,-5.361115684004223,-2.4364621780923894,nan
2,100,0.1,0.2,17.29255808576346,0.9813471932232167,nan
0,50,0.1,0.1,4.1329204242840465,0.6138927490653281,nan
1,50,0.1,0.1,-0.6589540477799415,-0.16384569575626995,nan
2,50,0.1,0.1,36.806946169383565,0.9997914042848979,nan
0,100,0.1,0.1,-13.159565848136713,-19.699344129814108,nan
1,100,0.1,0.1,-11.375031256523746,-12.724708387552145,nan
2,100,0.1,0.1,-1.4133403684962131,-0.38463095601553143,nan
0,200,0.1,0.1,-13.439334543492066,-21.076664329447585,nan
1,200,0.1,0.1,-9.688969249294018,-8.30886913365606,nan
2,200,0.1,0.1,32.75037240016989,0.9994691610762602,nan
0,100,0.0,0.1,0.6414447636949514,0.1373084908126857,nan
1,100,0.0,0.1,-13.930734880309839,-23.721424268894772,nan
2,100,0.0,0.1,20.04025318810543,0.9900922581765337,nan
0,100,0.1,0.1,-8.68372005344985,-6.385365704634576,nan
1,100,0.1,0.1,-13.94979416497047,-23.830154193277977,nan
2,100,0.1,0.1,8.010592192018237,0.8418967560666294,nan
0,100,0.2,0.1,29.154099338959476,0.9987849614250403,nan
1,100,0.2,0.1,12.094970788543941,0.9382690555986939,nan
2,100,0.2,0.1,34.67161259175831,0.9996589337542151,nan
0,100,0.3,0.1,-6.169109652163986,-3.1391480937732394,nan
1,100,0.3,0.1,-11.888514781650223,-14.447260773428727,nan
2,100,0.3,0.1,1.7193414634084547,0.3269212900691202,nan
0,100,0.1,0.0,-14.036728483782337,-24.332196512790322,nan
1,100,0.1,0.0,-14.036457993025145,-24.330618801831218,nan
2,100,0.1,0.0,-14.03605295811428,-24.32825650920649,nan
0,100,0.1,0.1,-13.97257082673795,-23.960718512490864,nan
1,100,0.1,0.1,13.726429417214455,0.9576008589672629,nan
2,100,0.1,0.1,11.714220192768623,0.9326127116629652,nan
0,100,0.1,0.2,9.151263184488961,0.8784167686531067,nan
1,100,0.1,0.2,4.166710674031201,0.6168851971931149,nan
2,100,0.1,0.2,-9.063935408367866,-7.061085747049482,nan
0,50,0.1,0.1,1.8346093095732863,0.3445507527385592,nan
1,50,0.1,0.1,-7.219360144406353,-4.271521892119345,nan
2,50,0.1,0.1,3.8026099162367615,0.5833810611853831,nan
0,100,0.1,0.1,-13.995190839187748,-24.091064330682393,nan
1,100,0.1,0.1,-2.821307547979882,-0.9148323445707809,nan
2,100,0.1,0.1,1.976550443658813,0.3656266125538066,nan
0,200,0.1,0.1,-14.035565372744509,-24.325413048236502,nan
1,200,0.1,0.1,-13.960897023736292,-23.893714382550716,nan
2,200,0.1,0.1,9.45552558099348,0.8866432353981168,nan
0,100,0.0,0.1,-7.446759412341496,-4.554896113058317,nan
1,100,0.0,0.1,0.24192632049215387,0.05418245065481009,nan
2,100,0.0,0.1,31.094084017531628,0.9992226947549012,nan
0,100,0.1,0.1,-1.3093020575479604,-0.35185529287280426,nan
1,100,0.1,0.1,15.772823551426217,0.9735322121550346,nan
2,100,0.1,0.1,10.404335947262066,0.9088899247622786,nan
0,100,0.2,0.1,-12.814009342111714,-18.1161722081673,nan
1,100,0.2,0.1,-7.162267212347844,-4.2026752867980015,nan
2,100,0.2,0.1,7.822105314377291,0.8348838823519845,nan
0,100,0.3,0.1,-13.61065969658102,-21.96497461309011,nan
1,100,0.3,0.1,31.39207244077468,0.9992742404555788,nan
2,100,0.3,0.1,33.25409517798818,0.9995272946885329,nan
0,100,0.1,0.0,-14.036719520111209,-24.332144228164655,nan
1,100,0.1,0.0,-14.036403489928421,-24.33030090958044,nan
2,100,0.1,0.0,-13.67499292809725,-22.307693199345337,nan
0,100,0.1,0.1,15.505948267133167,0.9718547459395004,nan
1,100,0.1,0.1,-12.680154755346324,-17.535976728469315,nan
2,100,0.1,0.1,-11.371621714443464,-12.713937675803292,nan
0,100,0.1,0.2,-13.902826390883176,-23.563069615491877,nan
1,100,0.1,0.2,-13.127488088319188,-19.547018352140437,nan
2,100,0.1,0.2,8.527432951776419,0.8596356868617565,nan
0,50,0.1,0.1,-5.029268222050397,-2.18366103569399,nan
1,50,0.1,0.1,1.3791461195297656,0.2720770902470162,nan
2,50,0.1,0.1,10.390244752456855,0.9085938273151001,nan
0,100,0.1,0.1,-3.359266260741159,-1.1673379027799875,nan
1,100,0.1,0.1,-11.77104060718081,-14.035021750725026,nan
2,100,0.1,0.1,-11.57799985295024,-13.381360908735648,nan
0,200,0.1,0.1,23.583754907824762,0.9956184829177683,nan
1,200,0.1,0.1,-13.333641516686598,-20.545875781051457,nan
2,200,0.1,0.1,54.28181884241053,0.9999962690612811,nan
0,100,0.0,0.1,-12.020202130255566,-14.922828336907576,nan
1,100,0.0,0.1,-13.909285363430605,-23.59962781134049,nan
2,100,0.0,0.1,14.296763280574389,0.9628187769104206,nan
0,100,0.1,0.1,2.0149955962408668,0.3712175082949357,nan
1,100,0.1,0.1,5.99436390938115,0.7484851632076549,nan
2,100,0.1,0.1,1.2958315136971343,0.25797788572005753,nan
0,100,0.2,0.1,-12.291869239655984,-15.950672145235334,nan
1,100,0.2,0.1,-12.750240277978435,-17.837533072348243,nan
2,100,0.2,0.1,10.186116409311927,0.9041949594417008,nan
0,100,0.3,0.1,-7.735676910961351,-4.9370087787589325,nan
1,100,0.3,0.1,-8.950006775774522,-6.852368597197563,nan
2,100,0.3,0.1,-2.2780170680433205,-0.6896692745410224,nan
0,100,0.1,0.0,-14.036557453562509,-24.331198921061866,nan
1,100,0.1,0.0,-14.035678317157597,-24.326071679931427,nan
2,100,0.1,0.0,-14.036893815407163,-24.33316090287723,nan
0,100,0.1,0.1,10.617917571072395,0.9132622318959347,nan
1,100,0.1,0.1,40.05017259725217,0.9999011486191626,nan
2,100,0.1,0.1,15.744612929677626,0.9733597247906952,nan
0,100,0.1,0.2,-13.978195135899853,-23.993064707650728,nan
1,100,0.1,0.2,-13.43309331412206,-21.04496082562103,nan
2,100,0.1,0.2,12.246745775881775,0.9403891351940823,nan
0,50,0.1,0.1,-6.282824689422605,-3.2489583007024674,nan
1,50,0.1,0.1,4.021718442917745,0.6038787364382183,nan
2,50,0.1,0.1,11.209549153542927,0.9243088533144672,nan
0,100,0.1,0.1,-0.3910961374158678,-0.0942325102006607,nan
1,100,0.1,0.1,29.451147715607124,0.9988652890954635,nan
2,100,0.1,0.1,-7.1074063343738185,-4.137367493848274,nan
0,200,0.1,0.1,-14.03547300284993,-24.32487440891369,nan
1,200,0.1,0.1,-7.969932262213739,-5.266040913257265,nan
2,200,0.1,0.1,-12.96193351862205,-18.77850000974734,nan
0,100,0.0,0.1,5.265114295895977,0.702498903730573,nan
1,100,0.0,0.1,-13.460702608397552,-21.1855531211267,nan
2,100,0.0,0.1,14.59656460320941,0.9652988762014177,nan
0,100,0.1,0.1,-13.914313261382969,-23.628123693012565,nan
1,100,0.1,0.1,-13.918703499859614,-23.653032599194727,nan
2,100,0.1,0.1,9.045868229297408,0.8754300824295275,nan
0,100,0.2,0.1,-6.646132032247381,-3.6196939317137318,nan
1,100,0.2,0.1,-11.729615295799437,-13.892291538411875,nan
2,100,0.2,0.1,-4.935827301347265,-2.115894396059459,nan
0,100,0.3,0.1,-12.56880533070733,-17.066770719143268,nan
1,100,0.3,0.1,-9.711195444707226,-8.356631905851629,nan
2,100,0.3,0.1,13.85076595393099,0.9587975155066056,nan
0,100,0.1,0.0,-14.036625568886613,-24.331596222070168,nan
1,100,0.1,0.0,-14.036480145705024,-24.33074800967152,nan
2,100,0.1,0.0,-14.035887727803916,-24.32729289666963,nan
0,100,0.1,0.1,-14.034295624556822,-24.318009731303633,nan
1,100,0.1,0.1,-3.6125558255296735,-1.2975003306094406,nan
2,100,0.1,0.1,-4.653849747425821,-1.9200142761061283,nan
0,100,0.1,0.2,-13.46751646346169,-21.22038842300228,nan
1,100,0.1,0.2,-11.713497665726003,-13.837125376495322,nan
2,100,0.1,0.2,19.128826932627273,0.9877787027648833,nan
0,50,0.1,0.1,-3.9387508898608092,-1.4767096083264168,nan
1,50,0.1,0.1,1.6599011127680954,0.31764576908416264,nan
2,50,0.1,0.1,-4.1374026350614095,-1.5926283371091725,nan
0,100,0.1,0.1,-10.127321692610714,-9.297508740603748,nan
1,100,0.1,0.1,-9.659025100324554,-8.244906219631789,nan
2,100,0.1,0.1,0.037107206304259475,0.008507851643131725,nan
0,200,0.1,0.1,-13.801461072016025,-22.996400803863857,nan
1,200,0.1,0.1,-3.6185165070751992,-1.3006558093556033,nan
2,200,0.1,0.1,-11.686369485448072,-13.744734217490283,nan
0,100,0.0,0.1,18.550025147085204,0.9860363972435476,nan
1,100,0.0,0.1,10.686558567160418,0.914622360516282,nan
2,100,0.0,0.1,-12.140378144805343,-15.369590469808443,nan
0,100,0.1,0.1,2.6965590809182,0.4625425442521297,nan
1,100,0.1,0.1,-3.86312701532795,-1.4339558798133103,nan
2,100,0.1,0.1,43.92270187838754,0.9999594743665317,nan
0,100,0.2,0.1,-8.286474047294853,-5.739806137162734,nan
1,100,0.2,0.1,-13.974800270328512,-23.973535345815705,nan
2,100,0.2,0.1,14.193632559584731,0.9619252777375528,nan
0,100,0.3,0.1,-2.562631624539603,-0.8041106176529489,nan
1,100,0.3,0.1,-13.553321421199755,-21.663769371695874,nan
2,100,0.3,0.1,17.311658076286093,0.9814290469358294,nan
0,100,0.1,0.0,-14.036628648586467,-24.331614185397836,nan
1,100,0.1,0.0,-14.036254951260092,-24.32943457003908,nan
2,100,0.1,0.0,-14.026142333446131,-24.270523183378266,nan
0,100,0.1,0.1,-13.068594311647132,-19.270265222009044,nan
1,100,0.1,0.1,-13.440715421213786,-21.083684916224996,nan
2,100,0.1,0.1,78.86867680943581,0.9999999870242545,nan
0,100,0.1,0.2,15.010348836210735,0.9684524878432546,nan
1,100,0.1,0.2,-14.026030461106803,-24.269872234252578,nan
2,100,0.1,0.2,41.217733252028054,0.9999244513558132,nan
0,50,0.1,0.1,12.928014346045352,0.9490436202636257,nan
1,50,0.1,0.1,-0.6464106669158276,-0.1604891027553017,nan
2,50,0.1,0.1,5.4221208346267105,0.7130620993344541,nan
0,100,0.1,0.1,-10.779227459061962,-10.965276690982257,nan
1,100,0.1,0.1,-13.39348579558548,-20.844825485598385,nan
2,100,0.1,0.1,9.81995373786561,0.8957671467521616,nan
0,200,0.1,0.1,-7.124435094701261,-4.157550742535164,nan
1,200,0.1,0.1,-13.484044515988515,-21.305114224155062,nan
2,200,0.1,0.1,-1.324171784121226,-0.3564918175505316,nan
0,100,0.0,0.1,-13.734864954193833,-22.631239156193754,nan
1,100,0.0,0.1,6.72149645602591,0.7872594124255916,nan
2,100,0.0,0.1,-13.706110890661513,-22.475296652672938,nan
0,100,0.1,0.1,-12.04637491165727,-15.01907708202122,nan
1,100,0.1,0.1,-12.219098508597101,-15.669011678492105,nan
2,100,0.1,0.1,22.53311471776781,0.9944193019105941,nan
0,100,0.2,0.1,-13.679514033692723,-22.33196967884864,nan
1,100,0.2,0.1,-13.84711714061395,-23.249998387581403,nan
2,100,0.2,0.1,-13.604325211921129,-21.93150302939038,nan
0,100,0.3,0.1,-13.867894113091294,-23.366290144018926,nan
1,100,0.3,0.1,-13.41412085395643,-20.94886591390809,nan
2,100,0.3,0.1,39.816101409647345,0.9998956746479247,nan
0,100,0.1,0.0,-14.036641912036634,-24.331691548829664,nan
1,100,0.1,0.0,-14.036185398026827,-24.32902891672383,nan
2,100,0.1,0.0,-14.035204780763502,-24.323310382387877,nan
0,100,0.1,0.1,-13.842302174478505,-23.223127629827033,nan
1,100,0.1,0.1,0.29218575218082027,0.06506498589100362,nan
2,100,0.1,0.1,-2.432439570067018,-0.750829909224241,nan
0,100,0.1,0.2,-7.934297201141673,-5.214836677605652,nan
1,100,0.1,0.2,-9.808149413674359,-8.567862851072341,nan
2,100,0.1,0.2,-1.1469328739622089,-0.30224676545183926,nan
0,50,0.1,0.1,2.61812518854041,0.45274784410075153,nan
1,50,0.1,0.1,-9.130123507769639,-7.184880645525489,nan
2,50,0.1,0.1,9.35643727767833,0.8840271654147973,nan
0,100,0.1,0.1,-11.056565665114714,-11.754298193628376,nan
1,100,0.1,0.1,-10.755518206286343,-10.900133147519803,nan
2,100,0.1,0.1,-13.220643945383127,-19.99251124708203,nan
0,200,0.1,0.1,53.54478337732208,0.9999955789883201,nan
1,200,0.1,0.1,-14.026836993789614,-24.274565563617767,nan
2,200,0.1,0.1,34.98217942814702,0.9996824719786068,nan
0,100,0.0,0.1,16.347909556831198,0.9768148962139405,nan
1,100,0.0,0.1,-13.738884677099144,-22.653121775366966,nan
2,100,0.0,0.1,14.726045985393363,0.9663181915666009,nan
0,100,0.1,0.1,-8.763659099998423,-6.522564324057188,nan
1,100,0.1,0.1,-12.15601332667719,-15.428629393872495,nan
2,100,0.1,0.1,-10.722046463730535,-10.808769523143097,nan
0,100,0.2,0.1,-10.183706200756955,-9.432073063324763,nan
1,100,0.2,0.1,-13.81996399186665,-23.098854478118856,nan
2,100,0.2,0.1,6.79095597435702,0.7906348452029769,nan
0,100,0.3,0.1,-13.903540052420023,-23.567106313889095,nan
1,100,0.3,0.1,7.927625054437767,0.8388473340088382,nan
2,100,0.3,0.1,26.92853365499063,0.9979716325413066,nan
0,100,0.1,0.0,-14.036593784860944,-24.331410832388308,nan
1,100,0.1,0.0,-14.036332379530961,-24.329886160350593,nan
2,100,0.1,0.0,-12.368129660273619,-16.250947998400854,nan
0,100,0.1,0.1,-13.435913749820106,-21.05928211935704,nan
1,100,0.1,0.1,-13.915882424958534,-23.637023768574405,nan
2,100,0.1,0.1,11.374260353250422,0.9271257723988537,nan
0,100,0.1,0.2,5.207634682205934,0.6985352541685621,nan
1,100,0.1,0.2,14.99932844198361,0.9683723331286904,nan
2,100,0.1,0.2,-11.080522155445344,-11.824847674724957,nan
0,50,0.1,0.1,-6.207080809882328,-3.1754960866117425,nan
1,50,0.1,0.1,0.783713846531327,0.16511123787659243,nan
2,50,0.1,0.1,-4.775548708987531,-2.0029968102660596,nan
0,100,0.1,0.1,-13.847694518932862,-23.2532225487545,nan
1,100,0.1,0.1,-0.20187815588249614,-0.04758148863386147,nan
2,100,0.1,0.1,28.50188324746948,0.9985880748465504,nan
0,200,0.1,0.1,-14.030509394495896,-24.295946813212478,nan
1,200,0.1,0.1,-13.360913418152116,-20.681600692853014,nan
2,200,0.1,0.1,36.54366082724016,0.9997783672591359,nan
0,100,0.0,0.1,-12.816464997936713,-18.126984229881195,nan
1,100,0.0,0.1,-4.078671694956795,-1.557803454017967,nan
2,100,0.0,0.1,101.8526264656762,0.9999999999347264,nan
0,100,0.1,0.1,-9.625798423485346,-8.174445863870345,nan
1,100,0.1,0.1,2.5536267828844017,0.44455978326553536,nan
2,100,0.1,0.1,-9.383436170901234,-7.676480940087966,nan
0,100,0.2,0.1,-12.93512024146802,-18.656764027649128,nan
1,100,0.2,0.1,-13.957263620576963,-23.872896463136176,nan
2,100,0.2,0.1,-2.3552580527328746,-0.719989537981023,nan
0,100,0.3,0.1,-9.477707347905183,-7.866878036200712,nan
1,100,0.3,0.1,-14.009253858983396,-24.17244414628222,nan
2,100,0.3,0.1,3.671937618624045,0.5706551695322795,nan
0,100,0.1,0.0,-14.036707704269752,-24.332075307143253,nan
1,100,0.1,0.0,-14.036132153275362,-24.328718383286592,nan
2,100,0.1,0.0,-13.773737273971165,-22.843704308301763,nan
0,100,0.1,0.1,3.7237836747700777,0.5757502134139092,nan
1,100,0.1,0.1,31.952836001619794,0.9993621531724293,nan
2,100,0.1,0.1,14.213882317960147,0.9621023947115248,nan
0,100,0.1,0.2,-13.584736859214896,-21.828306028581565,nan
1,100,0.1,0.2,-7.66844826472429,-4.845811758241127,nan
2,100,0.1,0.2,5.347550006786981,0.7080926708374642,nan
0,50,0.1,0.1,-2.10881411654735,-0.6251049444001235,nan
1,50,0.1,0.1,10.594694013613253,0.9127971661275426,nan
2,50,0.1,0.1,19.598051659914542,0.9890302978938706,nan
0,100,0.1,0.1,-12.470890655683442,-16.66400038717472,nan
1,100,0.1,0.1,-5.950097594756749,-2.9355891942157575,nan
2,100,0.1,0.1,27.70129370381507,0.9983022621557363,nan
0,200,0.1,0.1,-6.142275031910264,-3.113651564402523,nan
1,200,0.1,0.1,-13.996335179742092,-24.09767655045753,nan
2,200,0.1,0.1,29.691237601517443,0.9989263165969713,nan
0,100,0.0,0.1,-13.704937817169895,-22.46895659298692,nan
1,100,0.0,0.1,-10.807503102592763,-11.04343325921462,nan
2,100,0.0,0.1,-2.925465950374466,-0.9613115914232853,nan
0,100,0.1,0.1,-8.197352154575032,-5.6029075329107725,nan
1,100,0.1,0.1,0.5727423769906856,0.12355279116004181,nan
2,100,0.1,0.1,3.3305088946813695,0.5355391522483859,nan
0,100,0.2,0.1,-12.882679855783415,-18.420838894361726,nan
1,100,0.2,0.1,-9.591509464137033,-8.102295833905353,nan
2,100,0.2,0.1,11.307194174725153,0.9259916737363454,nan
0,100,0.3,0.1,-14.008431849879976,-24.16768009308874,nan
1,100,0.3,0.1,9.797845868846398,0.8952351939999633,nan
2,100,0.3,0.1,29.789827334820636,0.998950415843202,nan
0,100,0.1,0.0,-14.036578363097309,-24.331320880903064,nan
1,100,0.1,0.0,-14.035818786648395,-24.326890847126673,nan
2,100,0.1,0.0,-12.969759090817456,-18.814171107967397,nan
0,100,0.1,0.1,7.787305243452344,0.833555489739345,nan
1,100,0.1,0.1,3.7742457306908985,0.5806511784250228,nan
2,100,0.1,0.1,30.86506860055087,0.9991806053199661,nan
0,100,0.1,0.2,-10.706236409877528,-10.765859038318393,nan
1,100,0.1,0.2,-8.405960192303953,-5.9278108117193815,nan
2,100,0.1,0.2,3.7978310452994855,0.5829223715105192,nan
0,50,0.1,0.1,18.760122691949057,0.9866958316797952,nan
1,50,0.1,0.1,-11.742878585624485,-13.937841898163818,nan
2,50,0.1,0.1,11.694408413060092,0.9323046000090042,nan
0,100,0.1,0.1,-13.774303591723932,-22.84681371770988,nan
1,100,0.1,0.1,-12.484865073731402,-16.720929890340564,nan
2,100,0.1,0.1,14.293986604698263,0.9627949973737201,nan
0,200,0.1,0.1,53.4107719088215,0.9999954404413219,nan
1,200,0.1,0.1,-8.255964914698453,-5.69262500150249,nan
2,200,0.1,0.1,39.81282084530113,0.9998955958130926,nan
0,100,0.0,0.1,19.188757383486916,0.9879461922176791,nan
1,100,0.0,0.1,-13.996057583781148,-24.096072387551285,nan
2,100,0.0,0.1,-7.54408159456327,-4.680782469711469,nan
0,100,0.1,0.1,-13.941768472573512,-23.78431083835913,nan
1,100,0.1,0.1,-3.4907983992102825,-1.2339828765000789,nan
2,100,0.1,0.1,-3.6115043625285863,-1.296944154032964,nan
0,100,0.2,0.1,-5.3681348667560655,-2.4420207702886962,nan
1,100,0.2,0.1,-10.182644685272244,-9.429523536605092,nan
2,100,0.2,0.1,16.102234976555764,0.9754655400744282,nan
0,100,0.3,0.1,-11.05297025743565,-11.743743621336224,nan
1,100,0.3,0.1,1.7039352847975149,0.32452936810091326,nan
2,100,0.3,0.1,-7.717398574752073,-4.912073946847187,nan
0,100,0.1,0.0,-14.036739958963292,-24.332263447079175,nan
1,100,0.1,0.0,-14.036236338202716,-24.32932601300502,nan
2,100,0.1,0.0,-14.028192090046565,-24.282453025806685,nan
0,100,0.1,0.1,-14.036218142547536,-24.329219890837734,nan
1,100,0.1,0.1,-13.87719008821656,-23.41850149545444,nan
2,100,0.1,0.1,-1.5331767535821452,-0.4233695650290008,nan
0,100,0.1,0.2,4.227448340822216,0.6222059046592843,nan
1,100,0.1,0.2,-5.350668576583232,-2.4282055814857686,nan
2,100,0.1,0.2,15.972766324426736,0.9747231257684017,nan
0,50,0.1,0.1,-0.1910969707742815,-0.04498413514501287,nan
1,50,0.1,0.1,-7.592880347329634,-4.7449735659608425,nan
2,50,0.1,0.1,-2.368895765905699,-0.7253991374430377,nan
0,100,0.1,0.1,-5.287445731238446,-2.378660644961388,nan
1,100,0.1,0.1,-3.460325862300416,-1.2183628630171368,nan
2,100,0.1,0.1,5.960042166666758,0.7464895983539263,nan
0,200,0.1,0.1,-13.898777943728165,-23.540182851252535,nan
1,200,0.1,0.1,-13.986250999634002,-24.03946814681201,nan
2,200,0.1,0.1,29.103742558761105,0.9987707909640021,nan
0,100,0.0,0.1,-12.993156616291223,-18.921207614980144,nan
1,100,0.0,0.1,-12.471513780759942,-16.66653499715064,nan
2,100,0.0,0.1,5.327338528052542,0.7067310075044897,nan
0,100,0.1,0.1,-13.944057258889622,-23.79737592302993,nan
1,100,0.1,0.1,-13.885776774200266,-23.466828478462986,nan
2,100,0.1,0.1,-9.829564865298565,-8.615159359414356,nan
0,100,0.2,0.1,-13.972897541177831,-23.962596347522556,nan
1,100,0.2,0.1,-13.956537045029227,-23.868735570589546,nan
2,100,0.2,0.1,12.713841339719693,0.9464677045724037,nan
0,100,0.3,0.1,7.858139926344255,0.8362482283528655,nan
1,100,0.3,0.1,-10.52495147996188,-10.284833298704399,nan
2,100,0.3,0.1,9.29854941239369,0.8824709951819139,nan
0,100,0.1,0.0,-14.03683330587292,-24.332807942581333,nan
1,100,0.1,0.0,-14.036243003129915,-24.32936488484209,nan
2,100,0.1,0.0,-13.624664640482301,-22.039150622880083,nan
0,100,0.1,0.1,-13.985589034768696,-24.03565184573311,nan
1,100,0.1,0.1,-13.970652578588695,-23.94969597333264,nan
2,100,0.1,0.1,10.64569399096996,0.9138152153280056,nan
0,100,0.1,0.2,-11.77162412462245,-14.037041989802834,nan
1,100,0.1,0.2,0.41874166141181135,0.09191639691592157,nan
2,100,0.1,0.2,-3.538711499817762,-1.2587655218770384,nan
0,50,0.1,0.1,-7.27580135997283,-4.340478069593189,nan
1,50,0.1,0.1,-11.188300525202601,-12.14710261026943,nan
2,50,0.1,0.1,14.573483579418088,0.965113962599047,nan
0,100,0.1,0.1,7.557494054285625,0.8245107190200683,nan
1,100,0.1,0.1,-13.53352274605328,-21.56068462620866,nan
2,100,0.1,0.1,25.712795335877065,0.9973163834198205,nan
0,200,0.1,0.1,-14.005175227198748,-24.1488148026387,nan
1,200,0.1,0.1,-13.690429237736108,-22.390684105614437,nan
2,200,0.1,0.1,56.607057526713845,0.9999978157907231,nan
0,100,0.0,0.1,-11.539706368860001,-13.255112100077445,nan
1,100,0.0,0.1,3.8862097117985073,0.5913240989600201,nan
2,100,0.0,0.1,7.956155886782549,0.8399025512155615,nan
0,100,0.1,0.1,-9.254910597706207,-7.423470510077026,nan
1,100,0.1,0.1,-13.503125621472165,-21.403329282116793,nan
2,100,0.1,0.1,7.794043509297536,0.833813535326063,nan
0,100,0.2,0.1,-11.500294407961466,-13.126333037015119,nan
1,100,0.2,0.1,-13.914761918504855,-23.630668084968704,nan
2,100,0.2,0.1,33.127800874890625,0.9995133464312501,nan
0,100,0.3,0.1,-11.961751071799917,-14.709961009959825,nan
1,100,0.3,0.1,-12.257814101846073,-15.81827347887371,nan
2,100,0.3,0.1,-3.032755507735245,-1.0103679444947722,nan
0,100,0.1,0.0,-14.036422834649871,-24.330413738254776,nan
1,100,0.1,0.0,-14.036030236261137,-24.328123994647065,nan
2,100,0.1,0.0,-11.351546911927699,-12.650692735309066,nan
0,100,0.1,0.1,-12.852518082924053,-18.286428355101084,nan
1,100,0.1,0.1,5.104764370154449,0.6913092876315036,nan
2,100,0.1,0.1,3.189283847499733,0.5201874366954242,nan
0,100,0.1,0.2,-13.913623543529294,-23.624212727399545,nan
1,100,0.1,0.2,12.811988336800752,0.9476639229303154,nan
2,100,0.1,0.2,30.449098636357697,0.9990982417249067,nan
0,50,0.1,0.1,-1.5763662897510091,-0.4375952494596387,nan
1,50,0.1,0.1,14.900990539569142,0.9676480139948783,nan
2,50,0.1,0.1,-0.44375418312968046,-0.10758079924273889,nan
0,100,0.1,0.1,-1.1223309851721697,-0.29489066055916724,nan
1,100,0.1,0.1,5.324948728360446,0.7065695854642242,nan
2,100,0.1,0.1,14.640855990774762,0.9656509760410145,nan
0,200,0.1,0.1,-14.035946627659763,-24.327636392633476,nan
1,200,0.1,0.1,-13.58915697255896,-21.85155179154771,nan
2,200,0.1,0.1,19.30233860013692,0.9882573493662058,nan
0,100,0.0,0.1,10.428135548798927,0.9093878479407691,nan
1,100,0.0,0.1,-2.9002915792446164,-0.9499755139936463,nan
2,100,0.0,0.1,12.85251579672776,0.9481500406397539,nan
0,100,0.1,0.1,14.85338529725091,0.96729143656427,nan
1,100,0.1,0.1,-10.475411327044215,-10.156838144926647,nan
2,100,0.1,0.1,-13.326502749738282,-20.510488584753897,nan
0,100,0.2,0.1,-13.94661348198044,-23.81197575930624,nan
1,100,0.2,0.1,-14.019990976857288,-24.234755295625927,nan
2,100,0.2,0.1,-2.927589348078468,-0.9622707707313876,nan
0,100,0.3,0.1,-9.586842825284537,-8.09252036684731,nan
1,100,0.3,0.1,-8.994492341989965,-6.9332151796066475,nan
2,100,0.3,0.1,25.356576113661443,0.997086987228983,nan
0,100,0.1,0.0,-14.036761794263676,-24.33239081203437,nan
1,100,0.1,0.0,-14.036247448598262,-24.329390812168402,nan
2,100,0.1,0.0,-11.68710844865948,-13.747243285330402,nan
0,100,0.1,0.1,-12.573132070358517,-17.08477904499087,nan
1,100,0.1,0.1,1.9652898898081768,0.36397965068045546,nan
2,100,0.1,0.1,6.568026985728141,0.7796072512762414,nan
0,100,0.1,0.2,-7.331362368408724,-4.409239825200275,nan
1,100,0.1,0.2,24.46761370026755,0.9964253079869292,nan
2,100,0.1,0.2,26.149759600549324,0.9975732555785782,nan
0,50,0.1,0.1,10.671582565870473,0.9143274401829931,nan
1,50,0.1,0.1,-1.002149564642085,-0.2595486781457794,nan
2,50,0.1,0.1,16.013255492126596,0.9749576863447869,nan
0,100,0.1,0.1,-13.930212388999623,-23.718450260950252,nan
1,100,0.1,0.1,-12.170543350980852,-15.483686079782018,nan
2,100,0.1,0.1,-13.719526060623586,-22.547922947479098,nan
0,200,0.1,0.1,-13.71743285758194,-22.536576105781634,nan
1,200,0.1,0.1,-13.329552942030222,-20.52560141142515,nan
2,200,0.1,0.1,-0.36420695487755095,-0.08747854005863287,nan
0,100,0.0,0.1,-13.567670470745332,-21.73877409547215,nan
1,100,0.0,0.1,4.857363162863391,0.6732138184492649,nan
2,100,0.0,0.1,10.026189296507319,0.9006012162557114,nan
0,100,0.1,0.1,-13.831984952529005,-23.165650784877265,nan
1,100,0.1,0.1,-13.584162090943618,-21.825285009819655,nan
2,100,0.1,0.1,-5.643448777440882,-2.6672868208980383,nan
0,100,0.2,0.1,-7.63734218477662,-4.804091073914604,nan
1,100,0.2,0.1,-9.294285585065293,-7.5001885348432396,nan
2,100,0.2,0.1,6.9959136933561386,0.8002859445513162,nan
0,100,0.3,0.1,1.6042005274316908,0.3088378494706464,nan
1,100,0.3,0.1,-6.839834333903032,-3.8304037561637836,nan
2,100,0.3,0.1,-10.903580620709368,-11.312835067726933,nan
0,100,0.1,0.0,-14.036716707202821,-24.332127820639144,nan
1,100,0.1,0.0,-14.036204599696408,-24.32914090541801,nan
2,100,0.1,0.0,-14.03521308241899,-24.32335878862104,nan
0,100,0.1,0.1,-13.93150591254831,-23.725813619439595,nan
1,100,0.1,0.1,-13.5322082025386,-21.55385688259499,nan
2,100,0.1,0.1,9.760044623998406,0.8943193349588958,nan
0,100,0.1,0.2,-8.557096148899161,-6.173145082801206,nan
1,100,0.1,0.2,-0.6810887869901072,-0.16979262416062935,nan
2,100,0.1,0.2,61.07809085308475,0.9999992198270029,nan
0,50,0.1,0.1,-8.44551243066415,-5.991192220358609,nan
1,50,0.1,0.1,21.53140279447769,0.9929715473957499,nan
2,50,0.1,0.1,-1.4348928006526507,-0.39151944676433215,nan
0,100,0.1,0.1,1.6348403597583054,0.3136968945629586,nan
1,100,0.1,0.1,-11.26349439415938,-12.376713927725728,nan
2,100,0.1,0.1,25.263119794128677,0.997023622446755,nan
0,200,0.1,0.1,-13.980623511317704,-24.00704359015744,nan
1,200,0.1,0.1,-14.023123867789849,-24.252965579507844,nan
2,200,0.1,0.1,86.5298092567696,0.9999999977765924,nan
0,100,0.0,0.1,5.381852385251969,0.7103891945406358,nan
1,100,0.0,0.1,27.73889656401383,0.998316898358317,nan
2,100,0.0,0.1,15.037262558404617,0.968647386829057,nan
0,100,0.1,0.1,-13.925547322674552,-23.691912668642082,nan
1,100,0.1,0.1,-5.060347443964251,-2.2065258424980274,nan
2,100,0.1,0.1,-3.852792686142278,-1.4281710036359372,nan
0,100,0.2,0.1,-13.995338386803539,-24.091916791342808,nan
1,100,0.2,0.1,19.812317131053366,0.9895583703123811,nan
2,100,0.2,0.1,20.04512238529434,0.9901033602550746,nan
0,100,0.3,0.1,-11.578756818064742,-13.383867764736435,nan
1,100,0.3,0.1,-12.777265731313754,-17.955121525564568,nan
2,100,0.3,0.1,-0.08010989782848488,-0.018617163743807952,nan
0,100,0.1,0.0,-14.036720601177601,-24.332150533962754,nan
1,100,0.1,0.0,-14.035654703763436,-24.325933977770287,nan
2,100,0.1,0.0,-13.750706389612846,-22.71759446227454,nan
0,100,0.1,0.1,-13.982651409197821,-24.0187231242818,nan
1,100,0.1,0.1,21.70516789134012,0.9932472105171977,nan
2,100,0.1,0.1,0.5084454479700786,0.11048053666728164,nan
0,100,0.1,0.2,11.304417080708708,0.9259443340129487,nan
1,100,0.1,0.2,-7.4044065487676525,-4.500987459234239,nan
2,100,0.1,0.2,-6.715681803642733,-3.6942712440882906,nan
0,50,0.1,0.1,5.514852068828523,0.7191238955688336,nan
1,50,0.1,0.1,3.056632548923683,0.5053058836511313,nan
2,50,0.1,0.1,4.154453853049907,0.615802429100186,nan
0,100,0.1,0.1,11.341235810639866,0.9265695112374508,nan
1,100,0.1,0.1,-2.5020668442044265,-0.7791259096763179,nan
2,100,0.1,0.1,60.787596010875546,0.9999991658572126,nan
0,200,0.1,0.1,42.274989259754356,0.9999407755448485,nan
1,200,0.1,0.1,-6.980406374691805,-3.9893117087958547,nan
2,200,0.1,0.1,44.70403883868063,0.9999661470814644,nan
0,100,0.0,0.1,-13.982556876908308,-24.01817855106334,nan
1,100,0.0,0.1,-13.604130520620807,-21.930475048548136,nan
2,100,0.0,0.1,39.973583749964305,0.9998993898897275,nan
0,100,0.1,0.1,-7.9577207923639826,-5.248446838781116,nan
1,100,0.1,0.1,-4.520210224887825,-1.831529055673748,nan
2,100,0.1,0.1,6.422342540220921,0.7720887589634314,nan
0,100,0.2,0.1,10.323867550591203,0.9071860523381777,nan
1,100,0.2,0.1,-11.914398309712507,-14.53959983545531,nan
2,100,0.2,0.1,11.159050002507902,0.9234235904336092,nan
0,100,0.3,0.1,-11.922878526327644,-14.56997275539148,nan
1,100,0.3,0.1,-5.198247449469146,-2.3099752389598125,nan
2,100,0.3,0.1,5.234866666881648,0.7004196434563725,nan
0,100,0.1,0.0,-14.036482365268874,-24.330760955547944,nan
1,100,0.1,0.0,-14.036338486223167,-24.329921777180562,nan
2,100,0.1,0.0,-14.035360379571182,-24.32421768092679,nan
0,100,0.1,0.1,15.626530232655444,0.9726254507543488,nan
1,100,0.1,0.1,-8.350464833385283,-5.839848515225771,nan
2,100,0.1,0.1,-4.819616414305144,-2.0336232310163607,nan
0,100,0.1,0.2,-14.022391578071565,-24.248707885974046,nan
1,100,0.1,0.2,-13.381595260300184,-20.7850984055789,nan
2,100,0.1,0.2,15.318512702332015,0.9706134413960575,nan
0,50,0.1,0.1,-1.5883943167948054,-0.44158226798631306,nan
1,50,0.1,0.1,0.25090699862755844,0.056136264720554,nan
2,50,0.1,0.1,-8.460337638166145,-6.01509834523255,nan
0,100,0.1,0.1,-13.937307509177002,-23.75886608962298,nan
1,100,0.1,0.1,-13.780741204568868,-22.882188422408607,nan
2,100,0.1,0.1,1.0501119474482183,0.2147846060322247,nan
0,200,0.1,0.1,-11.537517499504002,-13.247929251221926,nan
1,200,0.1,0.1,8.491402769707408,0.8584663447108838,nan
2,200,0.1,0.1,71.83244664791667,0.9999999344224276,nan
0,100,0.0,0.1,5.1503263295671475,0.6945308425420825,nan
1,100,0.0,0.1,-13.898839099714746,-23.540528420842406,nan
2,100,0.0,0.1,40.93606535882352,0.9999193891567696,nan
0,100,0.1,0.1,-7.374398445549417,-4.46310873465909,nan
1,100,0.1,0.1,16.954034248807965,0.9798350766688936,nan
2,100,0.1,0.1,7.048368702851296,0.8026836243196606,nan
0,100,0.2,0.1,-9.338514937104668,-7.587198334491392,nan
1,100,0.2,0.1,-8.384100063044121,-5.893027423373012,nan
2,100,0.2,0.1,-8.172835590597838,-5.565738158136317,nan
0,100,0.3,0.1,-1.2938678945868594,-0.3470595322629799,nan
1,100,0.3,0.1,-13.818461252032758,-23.090517267909195,nan
2,100,0.3,0.1,-7.869051965432971,-5.1221673449343985,nan
0,100,0.1,0.0,-14.036618329889354,-24.33155399836933,nan
1,100,0.1,0.0,-14.036396928078943,-24.330262637508564,nan
2,100,0.1,0.0,-11.869893174252732,-14.381168059521828,nan
0,100,0.1,0.1,12.180067493402396,0.9394668532733281,nan
1,100,0.1,0.1,-14.030241001454444,-24.29438357752758,nan
2,100,0.1,0.1,31.42557631568362,0.999279817824423,nan
0,100,0.1,0.2,2.1117816409827017,0.3850754444594763,nan
1,100,0.1,0.2,1.125472102710421,0.2282923779660283,nan
2,100,0.1,0.2,31.13437946266361,0.9992298735247512,nan
0,50,0.1,0.1,-0.794011717824361,-0.20060783115141545,nan
1,50,0.1,0.1,1.5807051946160542,0.3050885292551402,nan
2,50,0.1,0.1,1.8556734373611061,0.3477221121080576,nan
0,100,0.1,0.1,-6.588132070122317,-3.558408135714034,nan
1,100,0.1,0.1,-11.275351818567321,-12.413285909856436,nan
2,100,0.1,0.1,-0.36663124389101476,-0.08808575436826405,nan
0,200,0.1,0.1,-14.02313231477995,-24.25301469635519,nan
1,200,0.1,0.1,-9.308895776639986,-7.528832350639993,nan
2,200,0.1,0.1,56.01413886086202,0.9999974962779513,nan
0,100,0.0,0.1,-5.912007409270391,-2.9012226851925056,nan
1,100,0.0,0.1,10.06053053844835,0.9013840991890407,nan
2,100,0.0,0.1,13.16377886983899,0.9517361332795223,nan
0,100,0.1,0.1,-13.643786632191734,-22.14081568461467,nan
1,100,0.1,0.1,-2.1693213320871236,-0.6479048548577098,nan
2,100,0.1,0.1,6.3419054696226995,0.7678282082260802,nan
0,100,0.2,0.1,-11.758987020863906,-13.993350792062254,nan
1,100,0.2,0.1,-12.133497322961942,-15.34367555289018,nan
2,100,0.2,0.1,3.8907318389569436,0.5917494146468087,nan
0,100,0.3,0.1,-4.259783548655282,-1.6667257522272827,nan
1,100,0.3,0.1,-14.017571958199568,-24.220703460057653,nan
2,100,0.3,0.1,11.68588344663731,0.9321715870844007,nan
0,100,0.1,0.0,-14.036602159189007,-24.331459677989148,nan
1,100,0.1,0.0,-14.035722135504669,-24.32632720981807,nan
2,100,0.1,0.0,-13.861331382217696,-23.329497449067105,nan
0,100,0.1,0.1,-14.026753443157551,-24.274079330035878,nan
1,100,0.1,0.1,-14.02533561326663,-24.26582951386358,nan
2,100,0.1,0.1,-6.039425704741057,-3.0173768300331893,nan
0,100,0.1,0.2,2.4830969153143974,0.43546573311781245,nan
1,100,0.1,0.2,9.028937327429528,0.8749435007216521,nan
2,100,0.1,0.2,39.72669389697881,0.9998935046585593,nan
0,50,0.1,0.1,7.19530463787577,0.8092478084711132,nan
1,50,0.1,0.1,-6.761205725911765,-3.743736667013163,nan
2,50,0.1,0.1,28.122360719537816,0.998459137350323,nan
0,100,0.1,0.1,-6.8956209802695625,-3.8928522106524026,nan
1,100,0.1,0.1,-13.989838010551574,-24.060157782813395,nan
2,100,0.1,0.1,12.291243689108729,0.9409967911513377,nan
0,200,0.1,0.1,-14.02146033526286,-24.243294472279842,nan
1,200,0.1,0.1,-13.513838526522154,-21.458660631538425,nan
2,200,0.1,0.1,68.54661457602094,0.9999998602542713,nan
0,100,0.0,0.1,7.328332551809128,0.8150021228861407,nan
1,100,0.0,0.1,-12.328883670191832,-16.095758216525695,nan
2,100,0.0,0.1,17.635806356815827,0.9827646794777258,nan
0,100,0.1,0.1,-11.485167128818045,-13.077214004267752,nan
1,100,0.1,0.1,-13.788878729554028,-22.926979249697204,nan
2,100,0.1,0.1,-2.795835127137601,-0.9036342619803275,nan
0,100,0.2,0.1,22.341863458673007,0.9941680518502684,nan
1,100,0.2,0.1,-13.862791544473689,-23.337678761068467,nan
2,100,0.2,0.1,-3.3511517473204346,-1.1632921519196708,nan
0,100,0.3,0.1,-10.345515991926888,-9.828083576047598,nan
1,100,0.3,0.1,-12.079658980053354,-15.142317979386995,nan
2,100,0.3,0.1,3.145854030026516,0.5153651990563789,nan
0,100,0.1,0.0,-14.036770965689545,-24.332444309004615,nan
1,100,0.1,0.0,-14.03640301266728,-24.330298125946715,nan
2,100,0.1,0.0,-13.880643904688387,-23.437928536429713,nan
0,100,0.1,0.1,-12.7330414132174,-17.763080477490004,nan
1,100,0.1,0.1,-6.32229643892018,-3.287751858931439,nan
2,100,0.1,0.1,-6.933853835489266,-3.9361162997328076,nan
0,100,0.1,0.2,-12.914818228209139,-18.565088775172708,nan
1,100,0.1,0.2,-13.614210859448514,-21.983760418500985,nan
2,100,0.1,0.2,-11.866933330955785,-14.370688917141402,nan
0,50,0.1,0.1,13.665553666650672,0.9570023586033646,nan
1,50,0.1,0.1,-2.6668768421584317,-0.8479392257143386,nan
2,50,0.1,0.1,12.574777033811184,0.9447258215096903,nan
0,100,0.1,0.1,-13.923684292341886,-23.681322638441223,nan
1,100,0.1,0.1,-13.409668999094947,-20.926378153916037,nan
2,100,0.1,0.1,8.848505294696798,0.8696384635252268,nan
0,200,0.1,0.1,-13.977584134533927,-23.989548724107124,nan
1,200,0.1,0.1,-13.42659761929681,-21.01201306599041,nan
2,200,0.1,0.1,52.852258553782136,0.9999948146969353,nan
0,100,0.0,0.1,-14.012115431456891,-24.18903577079582,nan
1,100,0.0,0.1,-13.01409053505482,-19.01746387894549,nan
2,100,0.0,0.1,26.596128792145322,0.9978102873828593,nan
0,100,0.1,0.1,-12.088172313251206,-15.173992274166089,nan
1,100,0.1,0.1,10.945444656348968,0.9195630611754297,nan
2,100,0.1,0.1,30.449175542568476,0.9990982576933799,nan
0,100,0.2,0.1,-14.01033592467533,-24.178716763798484,nan
1,100,0.2,0.1,-13.319303701385525,-20.474861429074362,nan
2,100,0.2,0.1,21.439248931304032,0.9928208156267923,nan
0,100,0.3,0.1,-13.788495104077136,-22.9248658004559,nan
1,100,0.3,0.1,-13.714827878450649,-22.522462662557867,nan
2,100,0.3,0.1,5.835577166607192,0.7391191004277394,nan
0,100,0.1,0.0,-14.036476906565527,-24.33072911700786,nan
1,100,0.1,0.0,-14.03629574807361,-24.329672511140178,nan
2,100,0.1,0.0,-12.872299325443837,-18.37447453180295,nan
0,100,0.1,0.1,-14.03610873968958,-24.328581832041575,nan
1,100,0.1,0.1,3.3706335916474384,0.5398105682917435,nan
2,100,0.1,0.1,27.803048844831512,0.9983415777509997,nan
0,100,0.1,0.2,-12.425625129713662,-16.480848661555434,nan
1,100,0.1,0.2,-13.412571096599553,-20.941034972127422,nan
2,100,0.1,0.2,9.129562534696214,0.8778077261623789,nan
0,50,0.1,0.1,-6.727233143397884,-3.706773659412195,nan
1,50,0.1,0.1,40.22174945479003,0.9999049778058363,nan
2,50,0.1,0.1,8.445745153927763,0.8569705447359762,nan
0,100,0.1,0.1,22.1562742138823,0.9939134305952615,nan
1,100,0.1,0.1,-10.689615247337645,-10.72091522342836,nan
2,100,0.1,0.1,20.815665051580154,0.9917123100597801,nan
0,200,0.1,0.1,19.23479216963197,0.9880732866056786,nan
1,200,0.1,0.1,-13.870026162418727,-23.37825504076762,nan
2,200,0.1,0.1,49.1155633316713,0.999987741321173,nan
0,100,0.0,0.1,-9.862392703069974,-8.688114664779599,nan
1,100,0.0,0.1,-13.922821747827761,-23.6764212117801,nan
2,100,0.0,0.1,7.506581747602091,0.8224413537337064,nan
0,100,0.1,0.1,-3.7951746624837006,-1.3961691157945824,nan
1,100,0.1,0.1,-13.598142957364505,-21.89888287462818,nan
2,100,0.1,0.1,-7.81397379935199,-5.045014959438785,nan
0,100,0.2,0.1,-8.543651976038321,-6.150973976909305,nan
1,100,0.2,0.1,-12.341640428069061,-16.146048300690946,nan
2,100,0.2,0.1,-3.5074295349010804,-1.2425542270599026,nan
0,100,0.3,0.1,-13.629924837909043,-22.06707266858537,nan
1,100,0.3,0.1,-13.92344367817174,-23.679955245645875,nan
2,100,0.3,0.1,31.450229428038107,0.9992838944210386,nan
0,100,0.1,0.0,-14.036780247264753,-24.332498448591487,nan
1,100,0.1,0.0,-14.035819974543195,-24.326897774611897,nan
2,100,0.1,0.0,-12.542743412926967,-16.9586770776146,nan
0,100,0.1,0.1,-13.857587930203083,-23.308535390103383,nan
1,100,0.1,0.1,-5.953331154772705,-2.938520546823792,nan
2,100,0.1,0.1,12.986739303166102,0.9497280108435732,nan
0,100,0.1,0.2,0.40855541237706067,0.08978401385368129,nan
1,100,0.1,0.2,-13.086897596489766,-19.355874265347936,nan
2,100,0.1,0.2,-13.267333675286,-20.21941308972402,nan
0,50,0.1,0.1,-6.088264534231903,-3.062809445165608,nan
1,50,0.1,0.1,-13.42655755566958,-21.011810006302774,nan
2,50,0.1,0.1,0.9648539973894109,0.19921745096303667,nan
0,100,0.1,0.1,-12.834054507675454,-18.204608172194483,nan
1,100,0.1,0.1,-10.968984890990699,-11.499668319637484,nan
2,100,0.1,0.1,-9.37001628814976,-7.649711628310532,nan
0,200,0.1,0.1,-5.826939723809348,-2.8255507910877298,nan
1,200,0.1,0.1,9.554549229644966,0.8891986435755346,nan
2,200,0.1,0.1,35.77303189832253,0.9997353348188086,nan
0,100,0.0,0.1,3.303694122585403,0.5326625465406364,nan
1,100,0.0,0.1,-13.802097743088162,-22.999918908462053,nan
2,100,0.0,0.1,-5.5738591066030505,-2.6089919276529043,nan
0,100,0.1,0.1,-7.7077842722369745,-4.899000421812397,nan
1,100,0.1,0.1,-13.337510300712381,-20.56507783917359,nan
2,100,0.1,0.1,46.00780989982922,0.9999749262662442,nan
0,100,0.2,0.1,-11.00394675608876,-11.600700107070434,nan
1,100,0.2,0.1,-9.426927160391116,-7.763805209053103,nan
2,100,0.2,0.1,3.23618191577288,0.5253409032898307,nan
0,100,0.3,0.1,-1.852327810949529,-0.5319083419022894,nan
1,100,0.3,0.1,-14.022876739157617,-24.25152863901073,nan
2,100,0.3,0.1,-9.738913186479529,-8.41653919967562,nan
0,100,0.1,0.0,-14.036763033822108,-24.332398042377942,nan
1,100,0.1,0.0,-14.03617171523254,-24.328949115722274,nan
2,100,0.1,0.0,-14.019129545688049,-24.22975043143326,nan
0,100,0.1,0.1,7.461291485746893,0.8205800003777544,nan
1,100,0.1,0.1,-11.292958183491342,-12.467773949764865,nan
2,100,0.1,0.1,2.0314825987216545,0.37360001286862676,nan
0,100,0.1,0.2,-9.29043689802182,-7.492659064537662,nan
1,100,0.1,0.2,-13.636918265117195,-22.10424740942954,nan
2,100,0.1,0.2,20.51256287157014,0.9911132346536247,nan
0,50,0.1,0.1,-5.9265908910647,-2.9143448966400554,nan
1,50,0.1,0.1,3.088668003805086,0.5089415376126278,nan
2,50,0.1,0.1,-12.452855303024627,-16.590797545974283,nan
0,100,0.1,0.1,0.03535438229539212,0.008107602025729466,nan
1,100,0.1,0.1,-7.645052032988048,-4.814403985263778,nan
2,100,0.1,0.1,5.618649747127101,0.7257573320366666,nan
0,200,0.1,0.1,-13.867662161622087,-23.36498880446515,nan
1,200,0.1,0.1,21.0885704286086,0.9922170729975202,nan
2,200,0.1,0.1,86.05867270219414,0.9999999975218207,nan
0,100,0.0,0.1,-1.8943706982072235,-0.5468103516512732,nan
1,100,0.0,0.1,-13.60950201199836,-21.95885373083728,nan
2,100,0.0,0.1,-12.769436969434292,-17.92098306240183,nan
0,100,0.1,0.1,-11.356418175693175,-12.666012624071554,nan
1,100,0.1,0.1,-12.491301785110135,-16.747213687518798,nan
2,100,0.1,0.1,1.8516987406124668,0.3471248690720017,nan
0,100,0.2,0.1,-11.232999404341584,-12.283115239217631,nan
1,100,0.2,0.1,-4.116173265354911,-1.5799858646448306,nan
2,100,0.2,0.1,6.9876778136524464,0.7999068511953902,nan
0,100,0.3,0.1,-10.458919421301696,-10.114551490071051,nan
1,100,0.3,0.1,-13.734748422743088,-22.630605082828424,nan
2,100,0.3,0.1,8.598853345310332,0.8619251228563836,nan
0,100,0.1,0.0,-14.036722120988562,-24.332159398935346,nan
1,100,0.1,0.0,-14.036156566670495,-24.328860766340917,nan
2,100,0.1,0.0,-14.033904386340657,-24.315729037621598,nan
0,100,0.1,0.1,-12.424525699744752,-16.47642389052203,nan
1,100,0.1,0.1,-12.90044108964686,-18.500426450887854,nan
2,100,0.1,0.1,-3.171467070236508,-1.0756145528575654,nan
0,100,0.1,0.2,5.004171528526956,0.6840758343883357,nan
1,100,0.1,0.2,-13.663075001858196,-22.243819816951923,nan
2,100,0.1,0.2,12.565165835165931,0.9446033609648681,nan
0,50,0.1,0.1,2.826338971942151,0.4783657454473499,nan
1,50,0.1,0.1,15.479700878978743,0.9716841298490668,nan
2,50,0.1,0.1,5.491970722781721,0.717640159614908,nan
0,100,0.1,0.1,-13.96184826175473,-23.899167466120318,nan
1,100,0.1,0.1,-6.685023674070287,-3.6612496891494493,nan
2,100,0.1,0.1,-5.947118607205491,-2.932890552709696,nan
0,200,0.1,0.1,-14.014860523021056,-24.20496230684061,nan
1,200,0.1,0.1,-13.636524520972221,-22.102152805388904,nan
2,200,0.1,0.1,-9.505603351130336,-7.9240158941258585,nan
0,100,0.0,0.1,34.08048393677018,0.9996092026534008,nan
1,100,0.0,0.1,-2.860041171816183,-0.9319866324744703,nan
2,100,0.0,0.1,16.504010936975256,0.9776334548317871,nan
0,100,0.1,0.1,-5.772880919332407,-2.7782273886785176,nan
1,100,0.1,0.1,-13.305459061869762,-20.40651187855506,nan
2,100,0.1,0.1,-13.775751278584805,-22.854764192539946,nan
0,100,0.2,0.1,0.621269330574943,0.13329147777481987,nan
1,100,0.2,0.1,10.690548287955723,0.914700758133945,nan
2,100,0.2,0.1,8.34894519536192,0.8537467652120341,nan
0,100,0.3,0.1,-13.93584171439871,-23.75051109216336,nan
1,100,0.3,0.1,-9.066355320913301,-7.0655786796307805,nan
2,100,0.3,0.1,-4.031337909572475,-1.5300773048273055,nan
0,100,0.1,0.0,-14.03678875974715,-24.332548102148564,nan
1,100,0.1,0.0,-14.036444623792548,-24.330540824691873,nan
2,100,0.1,0.0,-14.021510754871612,-24.24358753711764,nan
0,100,0.1,0.1,-13.938853236496557,-23.76767975607959,nan
1,100,0.1,0.1,-14.029067400642823,-24.28754915993463,nan
2,100,0.1,0.1,48.56760353633034,0.9999860928017272,nan
0,100,0.1,0.2,-8.36987205543161,-5.870481990524407,nan
1,100,0.1,0.2,28.86251646243529,0.9987005835699603,nan
2,100,0.1,0.2,18.664540984362286,0.9863997810052809,nan
0,50,0.1,0.1,-6.6045413915255775,-3.575664140064222,nan
1,50,0.1,0.1,-11.02301065444874,-11.65613403103423,nan
2,50,0.1,0.1,-1.4063609806043476,-0.38240755326505593,nan
0,100,0.1,0.1,-5.44588802410431,-2.5041993312966895,nan
1,100,0.1,0.1,-13.879374148965539,-23.43078461331605,nan
2,100,0.1,0.1,-4.659387120367913,-1.9237397483812764,nan
0,200,0.1,0.1,-14.02478996006572,-24.262655281795425,nan
1,200,0.1,0.1,-13.790596145789205,-22.93644303761777,nan
2,200,0.1,0.1,12.832340979966855,0.9479086153066609,nan
0,100,0.0,0.1,-6.144928674344685,-3.1161658712847675,nan
1,100,0.0,0.1,-13.72342443273352,-22.569069838114352,nan
2,100,0.0,0.1,20.85297347761919,0.9917832012103669,nan
0,100,0.1,0.1,9.095095275122723,0.8768341034580769,nan
1,100,0.1,0.1,-11.476464699167114,-13.049034206377474,nan
2,100,0.1,0.1,40.35896614461226,0.9999079331285461,nan
0,100,0.2,0.1,-11.244343268933443,-12.317856372363691,nan
1,100,0.2,0.1,-1.3610692750222462,-0.3680656151209958,nan
2,100,0.2,0.1,20.025555941735746,0.9900586719344668,nan
0,100,0.3,0.1,-9.90361678397014,-8.780513984807081,nan
1,100,0.3,0.1,-11.08965073380234,-11.851832994007323,nan
2,100,0.3,0.1,3.2734902366228606,0.5294010256254919,nan
0,100,0.1,0.0,-14.036618448798578,-24.331554691943747,nan
1,100,0.1,0.0,-14.036688456159263,-24.331963034589904,nan
2,100,0.1,0.0,-11.34631730902008,-12.634265002166893,nan
0,100,0.1,0.1,-6.1911935380133665,-3.1602492770557298,nan
1,100,0.1,0.1,-13.992452156145603,-24.075246766027583,nan
2,100,0.1,0.1,53.4094821691242,0.9999954390870526,nan
0,100,0.1,0.2,-13.793135012199826,-22.950440267738916,nan
1,100,0.1,0.2,-10.756673677638917,-10.903299683788779,nan
2,100,0.1,0.2,18.491600667951445,0.9858472793934825,nan
0,50,0.1,0.1,-5.929156925793854,-2.916658375928218,nan
1,50,0.1,0.1,-1.4493383234503128,-0.3961556312477583,nan
2,50,0.1,0.1,10.583451839274698,0.9125711399017699,nan
0,100,0.1,0.1,-12.511531406046256,-16.830073793777167,nan
1,100,0.1,0.1,-5.691812037485132,-2.7083541578325945,nan
2,100,0.1,0.1,9.390214796696542,0.8849256526816531,nan
0,200,0.1,0.1,-13.851259891094854,-23.273141583567533,nan
1,200,0.1,0.1,0.3514130636527419,0.07772870101712925,nan
2,200,0.1,0.1,45.11565549991036,0.9999692082444719,nan
0,100,0.0,0.1,-11.32421008901578,-12.565037818989971,nan
1,100,0.0,0.1,-9.336677912089542,-7.583566798066061,nan
2,100,0.0,0.1,0.049959964211309486,0.011437792244258116,nan
0,100,0.1,0.1,-14.002443264737497,-24.132999724279973,nan
1,100,0.1,0.1,-10.42782560402384,-10.035259757113911,nan
2,100,0.1,0.1,9.16089545435346,0.8786861307519405,nan
0,100,0.2,0.1,-13.966737190917911,-23.927212678229754,nan
1,100,0.2,0.1,20.77012354820689,0.9916249454358896,nan
2,100,0.2,0.1,-3.749761550921514,-1.3712435091301178,nan
0,100,0.3,0.1,-2.9692318696063187,-0.9811765869663585,nan
1,100,0.3,0.1,-12.535030841074644,-16.92681282902813,nan
2,100,0.3,0.1,13.03481718835531,0.9502814698228567,nan
0,100,0.1,0.0,-14.036711213840272,-24.332095778216306,nan
1,100,0.1,0.0,-14.033417497930527,-24.312891045275325,nan
2,100,0.1,0.0,-12.634570991030937,-17.34243966109314,nan
0,100,0.1,0.1,15.021019550827868,0.9685299056535858,nan
1,100,0.1,0.1,-11.063577339022652,-11.774906608860501,nan
2,100,0.1,0.1,17.090961947713012,0.9804609337592287,nan
0,100,0.1,0.2,-12.658269194684483,-17.4428026679263,nan
1,100,0.1,0.2,-8.252154388601653,-5.686755427154196,nan
2,100,0.1,0.2,11.928560155081056,0.9358577803763771,nan
0,50,0.1,0.1,-12.754299968276108,-17.855150221067976,nan
1,50,0.1,0.1,-8.910255698543185,-6.780823606638278,nan
2,50,0.1,0.1,8.205323732409603,0.8488292990717831,nan
0,100,0.1,0.1,-5.8406518846823285,-2.8376484503819053,nan
1,100,0.1,0.1,-9.77749481515627,-8.500566047896452,nan
2,100,0.1,0.1,0.2008537970519037,0.045195141372149306,nan
0,200,0.1,0.1,-14.007893162584537,-24.16455855475408,nan
1,200,0.1,0.1,-13.916916890430722,-23.642892870545378,nan
2,200,0.1,0.1,18.527708769837314,0.9859644601039791,nan
0,100,0.0,0.1,-13.881310279601104,-23.441678543072047,nan
1,100,0.0,0.1,-6.1585875115936615,-3.1291318530721597,nan
2,100,0.0,0.1,-12.862779451813196,-18.332051578592587,nan
0,100,0.1,0.1,-11.31609495038745,-12.539714131408267,nan
1,100,0.1,0.1,0.8890658467514361,0.1851204568999555,nan
2,100,0.1,0.1,16.869488479407416,0.9794386724291233,nan
0,100,0.2,0.1,-8.634550920974585,-6.302223008675692,nan
1,100,0.2,0.1,15.09035736087789,0.96902835562631,nan
2,100,0.2,0.1,28.708277175562568,0.9986536056439778,nan
0,100,0.3,0.1,-2.0878238949448953,-0.6172694746984619,nan
1,100,0.3,0.1,21.457952480722724,0.9928516673897011,nan
2,100,0.3,0.1,1.156573867115187,0.2337991784960115,nan
0,100,0.1,0.0,-14.03673880611397,-24.33225672254547,nan
1,100,0.1,0.0,-14.036422551941271,-24.330412089344684,nan
2,100,0.1,0.0,-13.082924409889067,-19.337260005751432,nan
0,100,0.1,0.1,-9.269851272450039,-7.452498984192392,nan
1,100,0.1,0.1,-13.88670693713086,-23.47206929434888,nan
2,100,0.1,0.1,16.79186349832419,0.9790678590646006,nan
0,100,0.1,0.2,23.42009243099779,0.995450216232686,nan
1,100,0.1,0.2,-3.877562865051361,-1.4420597548421212,nan
2,100,0.1,0.2,10.080876450143554,0.9018450163643401,nan