nonstationary level,time series length,observation noise,process noise,evidence,significance_level
0,50,0.1,1.087,-18.930357733203863,0.012631171705735939
1,50,0.1,1.087,-16.09534438166939,0.02398404762231329
2,50,0.1,1.087,-20.843398150586367,0.008167674904763677
0,100,0.1,1.087,-20.93211142726975,0.008003848226097413
1,100,0.1,1.087,-19.84619076591011,0.010254265600595152
2,100,0.1,1.087,-20.55437780084212,0.008724819527732856
0,200,0.1,1.087,-22.244860844979023,0.005928319713306489
1,200,0.1,1.087,-17.31622299477962,0.018213555441485254
2,200,0.1,1.087,-16.88205149086914,0.020090050036619025
0,200,0.0,1.087,-22.156147461095024,0.006049922700239867
1,200,0.0,1.087,-16.49363851750892,0.02192839270080843
2,200,0.0,1.087,-19.902936271930017,0.010122500927043298
0,200,0.1,1.087,-21.674114043100204,0.006755303265862268
1,200,0.1,1.087,-20.179424233920308,0.009504083994089581
2,200,0.1,1.087,-10.247065820631455,0.08631566067436129
0,200,0.2,1.087,-22.425318580695407,0.005688406775633928
1,200,0.2,1.087,-19.991945446940274,0.009919187492901051
2,200,0.2,1.087,-5.2665726860787085,0.2292284050880062
0,200,0.3,1.087,-21.689109810800172,0.006732174841968863
1,200,0.3,1.087,-21.247804953114958,0.007446861413722943
2,200,0.3,1.087,-21.206179574273246,0.007518040549722094
0,200,0.1,0.0,-19.455392471205492,0.011208958874460717
1,200,0.1,0.0,41.73047242680275,0.9999328689250165
2,200,0.1,0.0,198.95694505584936,1.0
0,200,0.1,1.087,-20.185871179712393,0.009490119780672634
1,200,0.1,1.087,-20.944285408368813,0.007981622379250165
2,200,0.1,1.087,2.0121352090132265,0.6137994030011815
0,200,0.1,1.638,-21.76886514800616,0.006610480961355309
1,200,0.1,1.638,-21.40539802126769,0.007183386493946435
2,200,0.1,1.638,-17.344535984871467,0.018097343779513757
0,50,0.1,1.087,-18.930357733203863,0.012631171705735939
1,50,0.1,1.087,-16.09534438166939,0.02398404762231329
2,50,0.1,1.087,-20.843398150586367,0.008167674904763677
0,100,0.1,1.087,-20.93211142726975,0.008003848226097413
1,100,0.1,1.087,-19.84619076591011,0.010254265600595152
2,100,0.1,1.087,-20.55437780084212,0.008724819527732856
0,200,0.1,1.087,-22.244860844979023,0.005928319713306489
1,200,0.1,1.087,-17.31622299477962,0.018213555441485254
2,200,0.1,1.087,-16.88205149086914,0.020090050036619025
0,200,0.0,1.087,-22.156147461095024,0.006049922700239867
1,200,0.0,1.087,-16.49363851750892,0.02192839270080843
2,200,0.0,1.087,-19.902936271930017,0.010122500927043298
0,200,0.1,1.087,-21.674114043100204,0.006755303265862268
1,200,0.1,1.087,-20.179424233920308,0.009504083994089581
2,200,0.1,1.087,-10.247065820631455,0.08631566067436129
0,200,0.2,1.087,-22.425318580695407,0.005688406775633928
1,200,0.2,1.087,-19.991945446940274,0.009919187492901051
2,200,0.2,1.087,-5.2665726860787085,0.2292284050880062
0,200,0.3,1.087,-21.689109810800172,0.006732174841968863
1,200,0.3,1.087,-21.247804953114958,0.007446861413722943
2,200,0.3,1.087,-21.206179574273246,0.007518040549722094
0,200,0.1,0.0,-19.455392471205492,0.011208958874460717
1,200,0.1,0.0,41.73047242680275,0.9999328689250165
2,200,0.1,0.0,198.95694505584936,1.0
0,200,0.1,1.087,-20.185871179712393,0.009490119780672634
1,200,0.1,1.087,-20.944285408368813,0.007981622379250165
2,200,0.1,1.087,2.0121352090132265,0.6137994030011815
0,200,0.1,1.638,-21.76886514800616,0.006610480961355309
1,200,0.1,1.638,-21.40539802126769,0.007183386493946435
2,200,0.1,1.638,-17.344535984871467,0.018097343779513757
0,50,0.1,1.087,-18.930357733203863,0.012631171705735939
1,50,0.1,1.087,-16.09534438166939,0.02398404762231329
2,50,0.1,1.087,-20.843398150586367,0.008167674904763677
0,100,0.1,1.087,-20.93211142726975,0.008003848226097413
1,100,0.1,1.087,-19.84619076591011,0.010254265600595152
2,100,0.1,1.087,-20.55437780084212,0.008724819527732856
0,200,0.1,1.087,-22.244860844979023,0.005928319713306489
1,200,0.1,1.087,-17.31622299477962,0.018213555441485254
2,200,0.1,1.087,-16.88205149086914,0.020090050036619025
0,200,0.0,1.087,-22.156147461095024,0.006049922700239867
1,200,0.0,1.087,-16.49363851750892,0.02192839270080843
2,200,0.0,1.087,-19.902936271930017,0.010122500927043298
0,200,0.1,1.087,-21.674114043100204,0.006755303265862268
1,200,0.1,1.087,-20.179424233920308,0.009504083994089581
2,200,0.1,1.087,-10.247065820631455,0.08631566067436129
0,200,0.2,1.087,-22.425318580695407,0.005688406775633928
1,200,0.2,1.087,-19.991945446940274,0.009919187492901051
2,200,0.2,1.087,-5.2665726860787085,0.2292284050880062
0,200,0.3,1.087,-21.689109810800172,0.006732174841968863
1,200,0.3,1.087,-21.247804953114958,0.007446861413722943
2,200,0.3,1.087,-21.206179574273246,0.007518040549722094
0,200,0.1,0.0,-19.455392471205492,0.011208958874460717
1,200,0.1,0.0,41.73047242680275,0.9999328689250165
2,200,0.1,0.0,198.95694505584936,1.0
0,200,0.1,1.087,-20.185871179712393,0.009490119780672634
1,200,0.1,1.087,-20.944285408368813,0.007981622379250165
2,200,0.1,1.087,2.0121352090132265,0.6137994030011815
0,200,0.1,1.638,-21.76886514800616,0.006610480961355309
1,200,0.1,1.638,-21.40539802126769,0.007183386493946435
2,200,0.1,1.638,-17.344535984871467,0.018097343779513757
0,50,0.1,1.087,-18.930357733203863,0.012631171705735939
1,50,0.1,1.087,-16.09534438166939,0.02398404762231329
2,50,0.1,1.087,-20.843398150586367,0.008167674904763677
0,100,0.1,1.087,-20.93211142726975,0.008003848226097413
1,100,0.1,1.087,-19.84619076591011,0.010254265600595152
2,100,0.1,1.087,-20.55437780084212,0.008724819527732856
0,200,0.1,1.087,-22.244860844979023,0.005928319713306489
1,200,0.1,1.087,-17.31622299477962,0.018213555441485254
2,200,0.1,1.087,-16.88205149086914,0.020090050036619025
0,200,0.0,1.087,-22.156147461095024,0.006049922700239867
1,200,0.0,1.087,-16.49363851750892,0.02192839270080843
2,200,0.0,1.087,-19.902936271930017,0.010122500927043298
0,200,0.1,1.087,-21.674114043100204,0.006755303265862268
1,200,0.1,1.087,-20.179424233920308,0.009504083994089581
2,200,0.1,1.087,-10.247065820631455,0.08631566067436129
0,200,0.2,1.087,-22.425318580695407,0.005688406775633928
1,200,0.2,1.087,-19.991945446940274,0.009919187492901051
2,200,0.2,1.087,-5.2665726860787085,0.2292284050880062
0,200,0.3,1.087,-21.689109810800172,0.006732174841968863
1,200,0.3,1.087,-21.247804953114958,0.007446861413722943
2,200,0.3,1.087,-21.206179574273246,0.007518040549722094
0,200,0.1,0.0,-19.455392471205492,0.011208958874460717
1,200,0.1,0.0,41.73047242680275,0.9999328689250165
2,200,0.1,0.0,198.95694505584936,1.0
0,200,0.1,1.087,-20.185871179712393,0.009490119780672634
1,200,0.1,1.087,-20.944285408368813,0.007981622379250165
2,200,0.1,1.087,2.0121352090132265,0.6137994030011815
0,200,0.1,1.638,-21.76886514800616,0.006610480961355309
1,200,0.1,1.638,-21.40539802126769,0.007183386493946435
2,200,0.1,1.638,-17.344535984871467,0.018097343779513757
0,50,0.1,1.087,-18.930357733203863,0.012631171705735939
1,50,0.1,1.087,-16.09534438166939,0.02398404762231329
2,50,0.1,1.087,-20.843398150586367,0.008167674904763677
0,100,0.1,1.087,-20.93211142726975,0.008003848226097413
1,100,0.1,1.087,-19.84619076591011,0.010254265600595152
2,100,0.1,1.087,-20.55437780084212,0.008724819527732856
0,200,0.1,1.087,-22.244860844979023,0.005928319713306489
1,200,0.1,1.087,-17.31622299477962,0.018213555441485254
2,200,0.1,1.087,-16.88205149086914,0.020090050036619025
0,200,0.0,1.087,-22.156147461095024,0.006049922700239867
1,200,0.0,1.087,-16.49363851750892,0.02192839270080843
2,200,0.0,1.087,-19.902936271930017,0.010122500927043298
0,200,0.1,1.087,-21.674114043100204,0.006755303265862268
1,200,0.1,1.087,-20.179424233920308,0.009504083994089581
2,200,0.1,1.087,-10.247065820631455,0.08631566067436129
0,200,0.2,1.087,-22.425318580695407,0.005688406775633928
1,200,0.2,1.087,-19.991945446940274,0.009919187492901051
2,200,0.2,1.087,-5.2665726860787085,0.2292284050880062
0,200,0.3,1.087,-21.689109810800172,0.006732174841968863
1,200,0.3,1.087,-21.247804953114958,0.007446861413722943
2,200,0.3,1.087,-21.206179574273246,0.007518040549722094
0,200,0.1,0.0,-19.455392471205492,0.011208958874460717
1,200,0.1,0.0,41.73047242680275,0.9999328689250165
2,200,0.1,0.0,198.95694505584936,1.0
0,200,0.1,1.087,-20.185871179712393,0.009490119780672634
1,200,0.1,1.087,-20.944285408368813,0.007981622379250165
2,200,0.1,1.087,2.0121352090132265,0.6137994030011815
0,200,0.1,1.638,-21.76886514800616,0.006610480961355309
1,200,0.1,1.638,-21.40539802126769,0.007183386493946435
2,200,0.1,1.638,-17.344535984871467,0.018097343779513757
0,50,0.1,1.087,-18.930357733203863,0.012631171705735939
1,50,0.1,1.087,-16.09534438166939,0.02398404762231329
2,50,0.1,1.087,-20.843398150586367,0.008167674904763677
0,100,0.1,1.087,-20.93211142726975,0.008003848226097413
1,100,0.1,1.087,-19.84619076591011,0.010254265600595152
2,100,0.1,1.087,-20.55437780084212,0.008724819527732856
0,200,0.1,1.087,-22.244860844979023,0.005928319713306489
1,200,0.1,1.087,-17.31622299477962,0.018213555441485254
2,200,0.1,1.087,-16.88205149086914,0.020090050036619025
0,200,0.0,1.087,-22.156147461095024,0.006049922700239867
1,200,0.0,1.087,-16.49363851750892,0.02192839270080843
2,200,0.0,1.087,-19.902936271930017,0.010122500927043298
0,200,0.1,1.087,-21.674114043100204,0.006755303265862268
1,200,0.1,1.087,-20.179424233920308,0.009504083994089581
2,200,0.1,1.087,-10.247065820631455,0.08631566067436129
0,200,0.2,1.087,-22.425318580695407,0.005688406775633928
1,200,0.2,1.087,-19.991945446940274,0.009919187492901051
2,200,0.2,1.087,-5.2665726860787085,0.2292284050880062
0,200,0.3,1.087,-21.689109810800172,0.006732174841968863
1,200,0.3,1.087,-21.247804953114958,0.007446861413722943
2,200,0.3,1.087,-21.206179574273246,0.007518040549722094
0,200,0.1,0.0,-19.455392471205492,0.011208958874460717
1,200,0.1,0.0,41.73047242680275,0.9999328689250165
2,200,0.1,0.0,198.95694505584936,1.0
0,200,0.1,1.087,-20.185871179712393,0.009490119780672634
1,200,0.1,1.087,-20.944285408368813,0.007981622379250165
2,200,0.1,1.087,2.0121352090132265,0.6137994030011815
0,200,0.1,1.638,-21.76886514800616,0.006610480961355309
1,200,0.1,1.638,-21.40539802126769,0.007183386493946435
2,200,0.1,1.638,-17.344535984871467,0.018097343779513757
0,50,0.1,1.087,-18.930357733203863,0.012631171705735939
1,50,0.1,1.087,-16.09534438166939,0.02398404762231329
2,50,0.1,1.087,-20.843398150586367,0.008167674904763677
0,100,0.1,1.087,-20.93211142726975,0.008003848226097413
1,100,0.1,1.087,-19.84619076591011,0.010254265600595152
2,100,0.1,1.087,-20.55437780084212,0.008724819527732856
0,200,0.1,1.087,-22.244860844979023,0.005928319713306489
1,200,0.1,1.087,-17.31622299477962,0.018213555441485254
2,200,0.1,1.087,-16.88205149086914,0.020090050036619025
0,200,0.0,1.087,-22.156147461095024,0.006049922700239867
1,200,0.0,1.087,-16.49363851750892,0.02192839270080843
2,200,0.0,1.087,-19.902936271930017,0.010122500927043298
0,200,0.1,1.087,-21.674114043100204,0.006755303265862268
1,200,0.1,1.087,-20.179424233920308,0.009504083994089581
2,200,0.1,1.087,-10.247065820631455,0.08631566067436129
0,200,0.2,1.087,-22.425318580695407,0.005688406775633928
1,200,0.2,1.087,-19.991945446940274,0.009919187492901051
2,200,0.2,1.087,-5.2665726860787085,0.2292284050880062
0,200,0.3,1.087,-21.689109810800172,0.006732174841968863
1,200,0.3,1.087,-21.247804953114958,0.007446861413722943
2,200,0.3,1.087,-21.206179574273246,0.007518040549722094
0,200,0.1,0.0,-19.455392471205492,0.011208958874460717
1,200,0.1,0.0,41.73047242680275,0.9999328689250165
2,200,0.1,0.0,198.95694505584936,1.0
0,200,0.1,1.087,-20.185871179712393,0.009490119780672634
1,200,0.1,1.087,-20.944285408368813,0.007981622379250165
2,200,0.1,1.087,2.0121352090132265,0.6137994030011815
0,200,0.1,1.638,-21.76886514800616,0.006610480961355309
1,200,0.1,1.638,-21.40539802126769,0.007183386493946435
2,200,0.1,1.638,-17.344535984871467,0.018097343779513757
0,50,0.1,1.087,-18.930357733203863,0.012631171705735939
1,50,0.1,1.087,-16.09534438166939,0.02398404762231329
2,50,0.1,1.087,-20.843398150586367,0.008167674904763677
0,100,0.1,1.087,-20.93211142726975,0.008003848226097413
1,100,0.1,1.087,-19.84619076591011,0.010254265600595152
2,100,0.1,1.087,-20.55437780084212,0.008724819527732856
0,200,0.1,1.087,-22.244860844979023,0.005928319713306489
1,200,0.1,1.087,-17.31622299477962,0.018213555441485254
2,200,0.1,1.087,-16.88205149086914,0.020090050036619025
0,200,0.0,1.087,-22.156147461095024,0.006049922700239867
1,200,0.0,1.087,-16.49363851750892,0.02192839270080843
2,200,0.0,1.087,-19.902936271930017,0.010122500927043298
0,200,0.1,1.087,-21.674114043100204,0.006755303265862268
1,200,0.1,1.087,-20.179424233920308,0.009504083994089581
2,200,0.1,1.087,-10.247065820631455,0.08631566067436129
0,200,0.2,1.087,-22.425318580695407,0.005688406775633928
1,200,0.2,1.087,-19.991945446940274,0.009919187492901051
2,200,0.2,1.087,-5.2665726860787085,0.2292284050880062
0,200,0.3,1.087,-21.689109810800172,0.006732174841968863
1,200,0.3,1.087,-21.247804953114958,0.007446861413722943
2,200,0.3,1.087,-21.206179574273246,0.007518040549722094
0,200,0.1,0.0,-19.455392471205492,0.011208958874460717
1,200,0.1,0.0,41.73047242680275,0.9999328689250165
2,200,0.1,0.0,198.95694505584936,1.0
0,200,0.1,1.087,-20.185871179712393,0.009490119780672634
1,200,0.1,1.087,-20.944285408368813,0.007981622379250165
2,200,0.1,1.087,2.0121352090132265,0.6137994030011815
0,200,0.1,1.638,-21.76886514800616,0.006610480961355309
1,200,0.1,1.638,-21.40539802126769,0.007183386493946435
2,200,0.1,1.638,-17.344535984871467,0.018097343779513757
0,50,0.1,1.087,-18.930357733203863,0.012631171705735939
1,50,0.1,1.087,-16.09534438166939,0.02398404762231329
2,50,0.1,1.087,-20.843398150586367,0.008167674904763677
0,100,0.1,1.087,-20.93211142726975,0.008003848226097413
1,100,0.1,1.087,-19.84619076591011,0.010254265600595152
2,100,0.1,1.087,-20.55437780084212,0.008724819527732856
0,200,0.1,1.087,-22.244860844979023,0.005928319713306489
1,200,0.1,1.087,-17.31622299477962,0.018213555441485254
2,200,0.1,1.087,-16.88205149086914,0.020090050036619025
0,200,0.0,1.087,-22.156147461095024,0.006049922700239867
1,200,0.0,1.087,-16.49363851750892,0.02192839270080843
2,200,0.0,1.087,-19.902936271930017,0.010122500927043298
0,200,0.1,1.087,-21.674114043100204,0.006755303265862268
1,200,0.1,1.087,-20.179424233920308,0.009504083994089581
2,200,0.1,1.087,-10.247065820631455,0.08631566067436129
0,200,0.2,1.087,-22.425318580695407,0.005688406775633928
1,200,0.2,1.087,-19.991945446940274,0.009919187492901051
2,200,0.2,1.087,-5.2665726860787085,0.2292284050880062
0,200,0.3,1.087,-21.689109810800172,0.006732174841968863
1,200,0.3,1.087,-21.247804953114958,0.007446861413722943
2,200,0.3,1.087,-21.206179574273246,0.007518040549722094
0,200,0.1,0.0,-19.455392471205492,0.011208958874460717
1,200,0.1,0.0,41.73047242680275,0.9999328689250165
2,200,0.1,0.0,198.95694505584936,1.0
0,200,0.1,1.087,-20.185871179712393,0.009490119780672634
1,200,0.1,1.087,-20.944285408368813,0.007981622379250165
2,200,0.1,1.087,2.0121352090132265,0.6137994030011815
0,200,0.1,1.638,-21.76886514800616,0.006610480961355309
1,200,0.1,1.638,-21.40539802126769,0.007183386493946435
2,200,0.1,1.638,-17.344535984871467,0.018097343779513757
0,50,0.1,1.087,-18.930357733203863,0.012631171705735939
1,50,0.1,1.087,-16.09534438166939,0.02398404762231329
2,50,0.1,1.087,-20.843398150586367,0.008167674904763677
0,100,0.1,1.087,-20.93211142726975,0.008003848226097413
1,100,0.1,1.087,-19.84619076591011,0.010254265600595152
2,100,0.1,1.087,-20.55437780084212,0.008724819527732856
0,200,0.1,1.087,-22.244860844979023,0.005928319713306489
1,200,0.1,1.087,-17.31622299477962,0.018213555441485254
2,200,0.1,1.087,-16.88205149086914,0.020090050036619025
0,200,0.0,1.087,-22.156147461095024,0.006049922700239867
1,200,0.0,1.087,-16.49363851750892,0.02192839270080843
2,200,0.0,1.087,-19.902936271930017,0.010122500927043298
0,200,0.1,1.087,-21.674114043100204,0.006755303265862268
1,200,0.1,1.087,-20.179424233920308,0.009504083994089581
2,200,0.1,1.087,-10.247065820631455,0.08631566067436129
0,200,0.2,1.087,-22.425318580695407,0.005688406775633928
1,200,0.2,1.087,-19.991945446940274,0.009919187492901051
2,200,0.2,1.087,-5.2665726860787085,0.2292284050880062
0,200,0.3,1.087,-21.689109810800172,0.006732174841968863
1,200,0.3,1.087,-21.247804953114958,0.007446861413722943
2,200,0.3,1.087,-21.206179574273246,0.007518040549722094
0,200,0.1,0.0,-19.455392471205492,0.011208958874460717
1,200,0.1,0.0,41.73047242680275,0.9999328689250165
2,200,0.1,0.0,198.95694505584936,1.0
0,200,0.1,1.087,-20.185871179712393,0.009490119780672634
1,200,0.1,1.087,-20.944285408368813,0.007981622379250165
2,200,0.1,1.087,2.0121352090132265,0.6137994030011815
0,200,0.1,1.638,-21.76886514800616,0.006610480961355309
1,200,0.1,1.638,-21.40539802126769,0.007183386493946435
2,200,0.1,1.638,-17.344535984871467,0.018097343779513757
0,50,0.1,1.087,-18.930357733203863,0.012631171705735939
1,50,0.1,1.087,-16.09534438166939,0.02398404762231329
2,50,0.1,1.087,-20.843398150586367,0.008167674904763677
0,100,0.1,1.087,-20.93211142726975,0.008003848226097413
1,100,0.1,1.087,-19.84619076591011,0.010254265600595152
2,100,0.1,1.087,-20.55437780084212,0.008724819527732856
0,200,0.1,1.087,-22.244860844979023,0.005928319713306489
1,200,0.1,1.087,-17.31622299477962,0.018213555441485254
2,200,0.1,1.087,-16.88205149086914,0.020090050036619025
0,200,0.0,1.087,-22.156147461095024,0.006049922700239867
1,200,0.0,1.087,-16.49363851750892,0.02192839270080843
2,200,0.0,1.087,-19.902936271930017,0.010122500927043298
0,200,0.1,1.087,-21.674114043100204,0.006755303265862268
1,200,0.1,1.087,-20.179424233920308,0.009504083994089581
2,200,0.1,1.087,-10.247065820631455,0.08631566067436129
0,200,0.2,1.087,-22.425318580695407,0.005688406775633928
1,200,0.2,1.087,-19.991945446940274,0.009919187492901051
2,200,0.2,1.087,-5.2665726860787085,0.2292284050880062
0,200,0.3,1.087,-21.689109810800172,0.006732174841968863
1,200,0.3,1.087,-21.247804953114958,0.007446861413722943
2,200,0.3,1.087,-21.206179574273246,0.007518040549722094
0,200,0.1,0.0,-19.455392471205492,0.011208958874460717
1,200,0.1,0.0,41.73047242680275,0.9999328689250165
2,200,0.1,0.0,198.95694505584936,1.0
0,200,0.1,1.087,-20.185871179712393,0.009490119780672634
1,200,0.1,1.087,-20.944285408368813,0.007981622379250165
2,200,0.1,1.087,2.0121352090132265,0.6137994030011815
0,200,0.1,1.638,-21.76886514800616,0.006610480961355309
1,200,0.1,1.638,-21.40539802126769,0.007183386493946435
2,200,0.1,1.638,-17.344535984871467,0.018097343779513757
0,50,0.1,1.087,-18.930357733203863,0.012631171705735939
1,50,0.1,1.087,-16.09534438166939,0.02398404762231329
2,50,0.1,1.087,-20.843398150586367,0.008167674904763677
0,100,0.1,1.087,-20.93211142726975,0.008003848226097413
1,100,0.1,1.087,-19.84619076591011,0.010254265600595152
2,100,0.1,1.087,-20.55437780084212,0.008724819527732856
0,200,0.1,1.087,-22.244860844979023,0.005928319713306489
1,200,0.1,1.087,-17.31622299477962,0.018213555441485254
2,200,0.1,1.087,-16.88205149086914,0.020090050036619025
0,200,0.0,1.087,-22.156147461095024,0.006049922700239867
1,200,0.0,1.087,-16.49363851750892,0.02192839270080843
2,200,0.0,1.087,-19.902936271930017,0.010122500927043298
0,200,0.1,1.087,-21.674114043100204,0.006755303265862268
1,200,0.1,1.087,-20.179424233920308,0.009504083994089581
2,200,0.1,1.087,-10.247065820631455,0.08631566067436129
0,200,0.2,1.087,-22.425318580695407,0.005688406775633928
1,200,0.2,1.087,-19.991945446940274,0.009919187492901051
2,200,0.2,1.087,-5.2665726860787085,0.2292284050880062
0,200,0.3,1.087,-21.689109810800172,0.006732174841968863
1,200,0.3,1.087,-21.247804953114958,0.007446861413722943
2,200,0.3,1.087,-21.206179574273246,0.007518040549722094
0,200,0.1,0.0,-19.455392471205492,0.011208958874460717
1,200,0.1,0.0,41.73047242680275,0.9999328689250165
2,200,0.1,0.0,198.95694505584936,1.0
0,200,0.1,1.087,-20.185871179712393,0.009490119780672634
1,200,0.1,1.087,-20.944285408368813,0.007981622379250165
2,200,0.1,1.087,2.0121352090132265,0.6137994030011815
0,200,0.1,1.638,-21.76886514800616,0.006610480961355309
1,200,0.1,1.638,-21.40539802126769,0.007183386493946435
2,200,0.1,1.638,-17.344535984871467,0.018097343779513757
0,50,0.1,1.087,-18.930357733203863,0.012631171705735939
1,50,0.1,1.087,-16.09534438166939,0.02398404762231329
2,50,0.1,1.087,-20.843398150586367,0.008167674904763677
0,100,0.1,1.087,-20.93211142726975,0.008003848226097413
1,100,0.1,1.087,-19.84619076591011,0.010254265600595152
2,100,0.1,1.087,-20.55437780084212,0.008724819527732856
0,200,0.1,1.087,-22.244860844979023,0.005928319713306489
1,200,0.1,1.087,-17.31622299477962,0.018213555441485254
2,200,0.1,1.087,-16.88205149086914,0.020090050036619025
0,200,0.0,1.087,-22.156147461095024,0.006049922700239867
1,200,0.0,1.087,-16.49363851750892,0.02192839270080843
2,200,0.0,1.087,-19.902936271930017,0.010122500927043298
0,200,0.1,1.087,-21.674114043100204,0.006755303265862268
1,200,0.1,1.087,-20.179424233920308,0.009504083994089581
2,200,0.1,1.087,-10.247065820631455,0.08631566067436129
0,200,0.2,1.087,-22.425318580695407,0.005688406775633928
1,200,0.2,1.087,-19.991945446940274,0.009919187492901051
2,200,0.2,1.087,-5.2665726860787085,0.2292284050880062
0,200,0.3,1.087,-21.689109810800172,0.006732174841968863
1,200,0.3,1.087,-21.247804953114958,0.007446861413722943
2,200,0.3,1.087,-21.206179574273246,0.007518040549722094
0,200,0.1,0.0,-19.455392471205492,0.011208958874460717
1,200,0.1,0.0,41.73047242680275,0.9999328689250165
2,200,0.1,0.0,198.95694505584936,1.0
0,200,0.1,1.087,-20.185871179712393,0.009490119780672634
1,200,0.1,1.087,-20.944285408368813,0.007981622379250165
2,200,0.1,1.087,2.0121352090132265,0.6137994030011815
0,200,0.1,1.638,-21.76886514800616,0.006610480961355309
1,200,0.1,1.638,-21.40539802126769,0.007183386493946435
2,200,0.1,1.638,-17.344535984871467,0.018097343779513757
0,50,0.1,1.087,-18.930357733203863,0.012631171705735939
1,50,0.1,1.087,-16.09534438166939,0.02398404762231329
2,50,0.1,1.087,-20.843398150586367,0.008167674904763677
0,100,0.1,1.087,-20.93211142726975,0.008003848226097413
1,100,0.1,1.087,-19.84619076591011,0.010254265600595152
2,100,0.1,1.087,-20.55437780084212,0.008724819527732856
0,200,0.1,1.087,-22.244860844979023,0.005928319713306489
1,200,0.1,1.087,-17.31622299477962,0.018213555441485254
2,200,0.1,1.087,-16.88205149086914,0.020090050036619025
0,200,0.0,1.087,-22.156147461095024,0.006049922700239867
1,200,0.0,1.087,-16.49363851750892,0.02192839270080843
2,200,0.0,1.087,-19.902936271930017,0.010122500927043298
0,200,0.1,1.087,-21.674114043100204,0.006755303265862268
1,200,0.1,1.087,-20.179424233920308,0.009504083994089581
2,200,0.1,1.087,-10.247065820631455,0.08631566067436129
0,200,0.2,1.087,-22.425318580695407,0.005688406775633928
1,200,0.2,1.087,-19.991945446940274,0.009919187492901051
2,200,0.2,1.087,-5.2665726860787085,0.2292284050880062
0,200,0.3,1.087,-21.689109810800172,0.006732174841968863
1,200,0.3,1.087,-21.247804953114958,0.007446861413722943
2,200,0.3,1.087,-21.206179574273246,0.007518040549722094
0,200,0.1,0.0,-19.455392471205492,0.011208958874460717
1,200,0.1,0.0,41.73047242680275,0.9999328689250165
2,200,0.1,0.0,198.95694505584936,1.0
0,200,0.1,1.087,-20.185871179712393,0.009490119780672634
1,200,0.1,1.087,-20.944285408368813,0.007981622379250165
2,200,0.1,1.087,2.0121352090132265,0.6137994030011815
0,200,0.1,1.638,-21.76886514800616,0.006610480961355309
1,200,0.1,1.638,-21.40539802126769,0.007183386493946435
2,200,0.1,1.638,-17.344535984871467,0.018097343779513757
0,50,0.1,1.087,-18.930357733203863,0.012631171705735939
1,50,0.1,1.087,-16.09534438166939,0.02398404762231329
2,50,0.1,1.087,-20.843398150586367,0.008167674904763677
0,100,0.1,1.087,-20.93211142726975,0.008003848226097413
1,100,0.1,1.087,-19.84619076591011,0.010254265600595152
2,100,0.1,1.087,-20.55437780084212,0.008724819527732856
0,200,0.1,1.087,-22.244860844979023,0.005928319713306489
1,200,0.1,1.087,-17.31622299477962,0.018213555441485254
2,200,0.1,1.087,-16.88205149086914,0.020090050036619025
0,200,0.0,1.087,-22.156147461095024,0.006049922700239867
1,200,0.0,1.087,-16.49363851750892,0.02192839270080843
2,200,0.0,1.087,-19.902936271930017,0.010122500927043298
0,200,0.1,1.087,-21.674114043100204,0.006755303265862268
1,200,0.1,1.087,-20.179424233920308,0.009504083994089581
2,200,0.1,1.087,-10.247065820631455,0.08631566067436129
0,200,0.2,1.087,-22.425318580695407,0.005688406775633928
1,200,0.2,1.087,-19.991945446940274,0.009919187492901051
2,200,0.2,1.087,-5.2665726860787085,0.2292284050880062
0,200,0.3,1.087,-21.689109810800172,0.006732174841968863
1,200,0.3,1.087,-21.247804953114958,0.007446861413722943
2,200,0.3,1.087,-21.206179574273246,0.007518040549722094
0,200,0.1,0.0,-19.455392471205492,0.011208958874460717
1,200,0.1,0.0,41.73047242680275,0.9999328689250165
2,200,0.1,0.0,198.95694505584936,1.0
0,200,0.1,1.087,-20.185871179712393,0.009490119780672634
1,200,0.1,1.087,-20.944285408368813,0.007981622379250165
2,200,0.1,1.087,2.0121352090132265,0.6137994030011815
0,200,0.1,1.638,-21.76886514800616,0.006610480961355309
1,200,0.1,1.638,-21.40539802126769,0.007183386493946435
2,200,0.1,1.638,-17.344535984871467,0.018097343779513757
0,50,0.1,1.087,-18.930357733203863,0.012631171705735939
1,50,0.1,1.087,-16.09534438166939,0.02398404762231329
2,50,0.1,1.087,-20.843398150586367,0.008167674904763677
0,100,0.1,1.087,-20.93211142726975,0.008003848226097413
1,100,0.1,1.087,-19.84619076591011,0.010254265600595152
2,100,0.1,1.087,-20.55437780084212,0.008724819527732856
0,200,0.1,1.087,-22.244860844979023,0.005928319713306489
1,200,0.1,1.087,-17.31622299477962,0.018213555441485254
2,200,0.1,1.087,-16.88205149086914,0.020090050036619025
0,200,0.0,1.087,-22.156147461095024,0.006049922700239867
1,200,0.0,1.087,-16.49363851750892,0.02192839270080843
2,200,0.0,1.087,-19.902936271930017,0.010122500927043298
0,200,0.1,1.087,-21.674114043100204,0.006755303265862268
1,200,0.1,1.087,-20.179424233920308,0.009504083994089581
2,200,0.1,1.087,-10.247065820631455,0.08631566067436129
0,200,0.2,1.087,-22.425318580695407,0.005688406775633928
1,200,0.2,1.087,-19.991945446940274,0.009919187492901051
2,200,0.2,1.087,-5.2665726860787085,0.2292284050880062
0,200,0.3,1.087,-21.689109810800172,0.006732174841968863
1,200,0.3,1.087,-21.247804953114958,0.007446861413722943
2,200,0.3,1.087,-21.206179574273246,0.007518040549722094
0,200,0.1,0.0,-19.455392471205492,0.011208958874460717
1,200,0.1,0.0,41.73047242680275,0.9999328689250165
2,200,0.1,0.0,198.95694505584936,1.0
0,200,0.1,1.087,-20.185871179712393,0.009490119780672634
1,200,0.1,1.087,-20.944285408368813,0.007981622379250165
2,200,0.1,1.087,2.0121352090132265,0.6137994030011815
0,200,0.1,1.638,-21.76886514800616,0.006610480961355309
1,200,0.1,1.638,-21.40539802126769,0.007183386493946435
2,200,0.1,1.638,-17.344535984871467,0.018097343779513757
0,50,0.1,1.087,-18.930357733203863,0.012631171705735939
1,50,0.1,1.087,-16.09534438166939,0.02398404762231329
2,50,0.1,1.087,-20.843398150586367,0.008167674904763677
0,100,0.1,1.087,-20.93211142726975,0.008003848226097413
1,100,0.1,1.087,-19.84619076591011,0.010254265600595152
2,100,0.1,1.087,-20.55437780084212,0.008724819527732856
0,200,0.1,1.087,-22.244860844979023,0.005928319713306489
1,200,0.1,1.087,-17.31622299477962,0.018213555441485254
2,200,0.1,1.087,-16.88205149086914,0.020090050036619025
0,200,0.0,1.087,-22.156147461095024,0.006049922700239867
1,200,0.0,1.087,-16.49363851750892,0.02192839270080843
2,200,0.0,1.087,-19.902936271930017,0.010122500927043298
0,200,0.1,1.087,-21.674114043100204,0.006755303265862268
1,200,0.1,1.087,-20.179424233920308,0.009504083994089581
2,200,0.1,1.087,-10.247065820631455,0.08631566067436129
0,200,0.2,1.087,-22.425318580695407,0.005688406775633928
1,200,0.2,1.087,-19.991945446940274,0.009919187492901051
2,200,0.2,1.087,-5.2665726860787085,0.2292284050880062
0,200,0.3,1.087,-21.689109810800172,0.006732174841968863
1,200,0.3,1.087,-21.247804953114958,0.007446861413722943
2,200,0.3,1.087,-21.206179574273246,0.007518040549722094
0,200,0.1,0.0,-19.455392471205492,0.011208958874460717
1,200,0.1,0.0,41.73047242680275,0.9999328689250165
2,200,0.1,0.0,198.95694505584936,1.0
0,200,0.1,1.087,-20.185871179712393,0.009490119780672634
1,200,0.1,1.087,-20.944285408368813,0.007981622379250165
2,200,0.1,1.087,2.0121352090132265,0.6137994030011815
0,200,0.1,1.638,-21.76886514800616,0.006610480961355309
1,200,0.1,1.638,-21.40539802126769,0.007183386493946435
2,200,0.1,1.638,-17.344535984871467,0.018097343779513757
0,50,0.1,1.087,-18.930357733203863,0.012631171705735939
1,50,0.1,1.087,-16.09534438166939,0.02398404762231329
2,50,0.1,1.087,-20.843398150586367,0.008167674904763677
0,100,0.1,1.087,-20.93211142726975,0.008003848226097413
1,100,0.1,1.087,-19.84619076591011,0.010254265600595152
2,100,0.1,1.087,-20.55437780084212,0.008724819527732856
0,200,0.1,1.087,-22.244860844979023,0.005928319713306489
1,200,0.1,1.087,-17.31622299477962,0.018213555441485254
2,200,0.1,1.087,-16.88205149086914,0.020090050036619025
0,200,0.0,1.087,-22.156147461095024,0.006049922700239867
1,200,0.0,1.087,-16.49363851750892,0.02192839270080843
2,200,0.0,1.087,-19.902936271930017,0.010122500927043298
0,200,0.1,1.087,-21.674114043100204,0.006755303265862268
1,200,0.1,1.087,-20.179424233920308,0.009504083994089581
2,200,0.1,1.087,-10.247065820631455,0.08631566067436129
0,200,0.2,1.087,-22.425318580695407,0.005688406775633928
1,200,0.2,1.087,-19.991945446940274,0.009919187492901051
2,200,0.2,1.087,-5.2665726860787085,0.2292284050880062
0,200,0.3,1.087,-21.689109810800172,0.006732174841968863
1,200,0.3,1.087,-21.247804953114958,0.007446861413722943
2,200,0.3,1.087,-21.206179574273246,0.007518040549722094
0,200,0.1,0.0,-19.455392471205492,0.011208958874460717
1,200,0.1,0.0,41.73047242680275,0.9999328689250165
2,200,0.1,0.0,198.95694505584936,1.0
0,200,0.1,1.087,-20.185871179712393,0.009490119780672634
1,200,0.1,1.087,-20.944285408368813,0.007981622379250165
2,200,0.1,1.087,2.0121352090132265,0.6137994030011815
0,200,0.1,1.638,-21.76886514800616,0.006610480961355309
1,200,0.1,1.638,-21.40539802126769,0.007183386493946435
2,200,0.1,1.638,-17.344535984871467,0.018097343779513757
0,50,0.1,1.087,-18.930357733203863,0.012631171705735939
1,50,0.1,1.087,-16.09534438166939,0.02398404762231329
2,50,0.1,1.087,-20.843398150586367,0.008167674904763677
0,100,0.1,1.087,-20.93211142726975,0.008003848226097413
1,100,0.1,1.087,-19.84619076591011,0.010254265600595152
2,100,0.1,1.087,-20.55437780084212,0.008724819527732856
0,200,0.1,1.087,-22.244860844979023,0.005928319713306489
1,200,0.1,1.087,-17.31622299477962,0.018213555441485254
2,200,0.1,1.087,-16.88205149086914,0.020090050036619025
0,200,0.0,1.087,-22.156147461095024,0.006049922700239867
1,200,0.0,1.087,-16.49363851750892,0.02192839270080843
2,200,0.0,1.087,-19.902936271930017,0.010122500927043298
0,200,0.1,1.087,-21.674114043100204,0.006755303265862268
1,200,0.1,1.087,-20.179424233920308,0.009504083994089581
2,200,0.1,1.087,-10.247065820631455,0.08631566067436129
0,200,0.2,1.087,-22.425318580695407,0.005688406775633928
1,200,0.2,1.087,-19.991945446940274,0.009919187492901051
2,200,0.2,1.087,-5.2665726860787085,0.2292284050880062
0,200,0.3,1.087,-21.689109810800172,0.006732174841968863
1,200,0.3,1.087,-21.247804953114958,0.007446861413722943
2,200,0.3,1.087,-21.206179574273246,0.007518040549722094
0,200,0.1,0.0,-19.455392471205492,0.011208958874460717
1,200,0.1,0.0,41.73047242680275,0.9999328689250165
2,200,0.1,0.0,198.95694505584936,1.0
0,200,0.1,1.087,-20.185871179712393,0.009490119780672634
1,200,0.1,1.087,-20.944285408368813,0.007981622379250165
2,200,0.1,1.087,2.0121352090132265,0.6137994030011815
0,200,0.1,1.638,-21.76886514800616,0.006610480961355309
1,200,0.1,1.638,-21.40539802126769,0.007183386493946435
2,200,0.1,1.638,-17.344535984871467,0.018097343779513757
0,50,0.1,1.087,-18.930357733203863,0.012631171705735939
1,50,0.1,1.087,-16.09534438166939,0.02398404762231329
2,50,0.1,1.087,-20.843398150586367,0.008167674904763677
0,100,0.1,1.087,-20.93211142726975,0.008003848226097413
1,100,0.1,1.087,-19.84619076591011,0.010254265600595152
2,100,0.1,1.087,-20.55437780084212,0.008724819527732856
0,200,0.1,1.087,-22.244860844979023,0.005928319713306489
1,200,0.1,1.087,-17.31622299477962,0.018213555441485254
2,200,0.1,1.087,-16.88205149086914,0.020090050036619025
0,200,0.0,1.087,-22.156147461095024,0.006049922700239867
1,200,0.0,1.087,-16.49363851750892,0.02192839270080843
2,200,0.0,1.087,-19.902936271930017,0.010122500927043298
0,200,0.1,1.087,-21.674114043100204,0.006755303265862268
1,200,0.1,1.087,-20.179424233920308,0.009504083994089581
2,200,0.1,1.087,-10.247065820631455,0.08631566067436129
0,200,0.2,1.087,-22.425318580695407,0.005688406775633928
1,200,0.2,1.087,-19.991945446940274,0.009919187492901051
2,200,0.2,1.087,-5.2665726860787085,0.2292284050880062
0,200,0.3,1.087,-21.689109810800172,0.006732174841968863
1,200,0.3,1.087,-21.247804953114958,0.007446861413722943
2,200,0.3,1.087,-21.206179574273246,0.007518040549722094
0,200,0.1,0.0,-19.455392471205492,0.011208958874460717
1,200,0.1,0.0,41.73047242680275,0.9999328689250165
2,200,0.1,0.0,198.95694505584936,1.0
0,200,0.1,1.087,-20.185871179712393,0.009490119780672634
1,200,0.1,1.087,-20.944285408368813,0.007981622379250165
2,200,0.1,1.087,2.0121352090132265,0.6137994030011815
0,200,0.1,1.638,-21.76886514800616,0.006610480961355309
1,200,0.1,1.638,-21.40539802126769,0.007183386493946435
2,200,0.1,1.638,-17.344535984871467,0.018097343779513757
0,50,0.1,1.087,-18.930357733203863,0.012631171705735939
1,50,0.1,1.087,-16.09534438166939,0.02398404762231329
2,50,0.1,1.087,-20.843398150586367,0.008167674904763677
0,100,0.1,1.087,-20.93211142726975,0.008003848226097413
1,100,0.1,1.087,-19.84619076591011,0.010254265600595152
2,100,0.1,1.087,-20.55437780084212,0.008724819527732856
0,200,0.1,1.087,-22.244860844979023,0.005928319713306489
1,200,0.1,1.087,-17.31622299477962,0.018213555441485254
2,200,0.1,1.087,-16.88205149086914,0.020090050036619025
0,200,0.0,1.087,-22.156147461095024,0.006049922700239867
1,200,0.0,1.087,-16.49363851750892,0.02192839270080843
2,200,0.0,1.087,-19.902936271930017,0.010122500927043298
0,200,0.1,1.087,-21.674114043100204,0.006755303265862268
1,200,0.1,1.087,-20.179424233920308,0.009504083994089581
2,200,0.1,1.087,-10.247065820631455,0.08631566067436129
0,200,0.2,1.087,-22.425318580695407,0.005688406775633928
1,200,0.2,1.087,-19.991945446940274,0.009919187492901051
2,200,0.2,1.087,-5.2665726860787085,0.2292284050880062
0,200,0.3,1.087,-21.689109810800172,0.006732174841968863
1,200,0.3,1.087,-21.247804953114958,0.007446861413722943
2,200,0.3,1.087,-21.206179574273246,0.007518040549722094
0,200,0.1,0.0,-19.455392471205492,0.011208958874460717
1,200,0.1,0.0,41.73047242680275,0.9999328689250165
2,200,0.1,0.0,198.95694505584936,1.0
0,200,0.1,1.087,-20.185871179712393,0.009490119780672634
1,200,0.1,1.087,-20.944285408368813,0.007981622379250165
2,200,0.1,1.087,2.0121352090132265,0.6137994030011815
0,200,0.1,1.638,-21.76886514800616,0.006610480961355309
1,200,0.1,1.638,-21.40539802126769,0.007183386493946435
2,200,0.1,1.638,-17.344535984871467,0.018097343779513757
0,50,0.1,1.087,-18.930357733203863,0.012631171705735939
1,50,0.1,1.087,-16.09534438166939,0.02398404762231329
2,50,0.1,1.087,-20.843398150586367,0.008167674904763677
0,100,0.1,1.087,-20.93211142726975,0.008003848226097413
1,100,0.1,1.087,-19.84619076591011,0.010254265600595152
2,100,0.1,1.087,-20.55437780084212,0.008724819527732856
0,200,0.1,1.087,-22.244860844979023,0.005928319713306489
1,200,0.1,1.087,-17.31622299477962,0.018213555441485254
2,200,0.1,1.087,-16.88205149086914,0.020090050036619025
0,200,0.0,1.087,-22.156147461095024,0.006049922700239867
1,200,0.0,1.087,-16.49363851750892,0.02192839270080843
2,200,0.0,1.087,-19.902936271930017,0.010122500927043298
0,200,0.1,1.087,-21.674114043100204,0.006755303265862268
1,200,0.1,1.087,-20.179424233920308,0.009504083994089581
2,200,0.1,1.087,-10.247065820631455,0.08631566067436129
0,200,0.2,1.087,-22.425318580695407,0.005688406775633928
1,200,0.2,1.087,-19.991945446940274,0.009919187492901051
2,200,0.2,1.087,-5.2665726860787085,0.2292284050880062
0,200,0.3,1.087,-21.689109810800172,0.006732174841968863
1,200,0.3,1.087,-21.247804953114958,0.007446861413722943
2,200,0.3,1.087,-21.206179574273246,0.007518040549722094
0,200,0.1,0.0,-19.455392471205492,0.011208958874460717
1,200,0.1,0.0,41.73047242680275,0.9999328689250165
2,200,0.1,0.0,198.95694505584936,1.0
0,200,0.1,1.087,-20.185871179712393,0.009490119780672634
1,200,0.1,1.087,-20.944285408368813,0.007981622379250165
2,200,0.1,1.087,2.0121352090132265,0.6137994030011815
0,200,0.1,1.638,-21.76886514800616,0.006610480961355309
1,200,0.1,1.638,-21.40539802126769,0.007183386493946435
2,200,0.1,1.638,-17.344535984871467,0.018097343779513757
0,50,0.1,1.087,-18.930357733203863,0.012631171705735939
1,50,0.1,1.087,-16.09534438166939,0.02398404762231329
2,50,0.1,1.087,-20.843398150586367,0.008167674904763677
0,100,0.1,1.087,-20.93211142726975,0.008003848226097413
1,100,0.1,1.087,-19.84619076591011,0.010254265600595152
2,100,0.1,1.087,-20.55437780084212,0.008724819527732856
0,200,0.1,1.087,-22.244860844979023,0.005928319713306489
1,200,0.1,1.087,-17.31622299477962,0.018213555441485254
2,200,0.1,1.087,-16.88205149086914,0.020090050036619025
0,200,0.0,1.087,-22.156147461095024,0.006049922700239867
1,200,0.0,1.087,-16.49363851750892,0.02192839270080843
2,200,0.0,1.087,-19.902936271930017,0.010122500927043298
0,200,0.1,1.087,-21.674114043100204,0.006755303265862268
1,200,0.1,1.087,-20.179424233920308,0.009504083994089581
2,200,0.1,1.087,-10.247065820631455,0.08631566067436129
0,200,0.2,1.087,-22.425318580695407,0.005688406775633928
1,200,0.2,1.087,-19.991945446940274,0.009919187492901051
2,200,0.2,1.087,-5.2665726860787085,0.2292284050880062
0,200,0.3,1.087,-21.689109810800172,0.006732174841968863
1,200,0.3,1.087,-21.247804953114958,0.007446861413722943
2,200,0.3,1.087,-21.206179574273246,0.007518040549722094
0,200,0.1,0.0,-19.455392471205492,0.011208958874460717
1,200,0.1,0.0,41.73047242680275,0.9999328689250165
2,200,0.1,0.0,198.95694505584936,1.0
0,200,0.1,1.087,-20.185871179712393,0.009490119780672634
1,200,0.1,1.087,-20.944285408368813,0.007981622379250165
2,200,0.1,1.087,2.0121352090132265,0.6137994030011815
0,200,0.1,1.638,-21.76886514800616,0.006610480961355309
1,200,0.1,1.638,-21.40539802126769,0.007183386493946435
2,200,0.1,1.638,-17.344535984871467,0.018097343779513757
0,50,0.1,1.087,-18.930357733203863,0.012631171705735939
1,50,0.1,1.087,-16.09534438166939,0.02398404762231329
2,50,0.1,1.087,-20.843398150586367,0.008167674904763677
0,100,0.1,1.087,-20.93211142726975,0.008003848226097413
1,100,0.1,1.087,-19.84619076591011,0.010254265600595152
2,100,0.1,1.087,-20.55437780084212,0.008724819527732856
0,200,0.1,1.087,-22.244860844979023,0.005928319713306489
1,200,0.1,1.087,-17.31622299477962,0.018213555441485254
2,200,0.1,1.087,-16.88205149086914,0.020090050036619025
0,200,0.0,1.087,-22.156147461095024,0.006049922700239867
1,200,0.0,1.087,-16.49363851750892,0.02192839270080843
2,200,0.0,1.087,-19.902936271930017,0.010122500927043298
0,200,0.1,1.087,-21.674114043100204,0.006755303265862268
1,200,0.1,1.087,-20.179424233920308,0.009504083994089581
2,200,0.1,1.087,-10.247065820631455,0.08631566067436129
0,200,0.2,1.087,-22.425318580695407,0.005688406775633928
1,200,0.2,1.087,-19.991945446940274,0.009919187492901051
2,200,0.2,1.087,-5.2665726860787085,0.2292284050880062
0,200,0.3,1.087,-21.689109810800172,0.006732174841968863
1,200,0.3,1.087,-21.247804953114958,0.007446861413722943
2,200,0.3,1.087,-21.206179574273246,0.007518040549722094
0,200,0.1,0.0,-19.455392471205492,0.011208958874460717
1,200,0.1,0.0,41.73047242680275,0.9999328689250165
2,200,0.1,0.0,198.95694505584936,1.0
0,200,0.1,1.087,-20.185871179712393,0.009490119780672634
1,200,0.1,1.087,-20.944285408368813,0.007981622379250165
2,200,0.1,1.087,2.0121352090132265,0.6137994030011815
0,200,0.1,1.638,-21.76886514800616,0.006610480961355309
1,200,0.1,1.638,-21.40539802126769,0.007183386493946435
2,200,0.1,1.638,-17.344535984871467,0.018097343779513757
0,50,0.1,1.087,-18.930357733203863,0.012631171705735939
1,50,0.1,1.087,-16.09534438166939,0.02398404762231329
2,50,0.1,1.087,-20.843398150586367,0.008167674904763677
0,100,0.1,1.087,-20.93211142726975,0.008003848226097413
1,100,0.1,1.087,-19.84619076591011,0.010254265600595152
2,100,0.1,1.087,-20.55437780084212,0.008724819527732856
0,200,0.1,1.087,-22.244860844979023,0.005928319713306489
1,200,0.1,1.087,-17.31622299477962,0.018213555441485254
2,200,0.1,1.087,-16.88205149086914,0.020090050036619025
0,200,0.0,1.087,-22.156147461095024,0.006049922700239867
1,200,0.0,1.087,-16.49363851750892,0.02192839270080843
2,200,0.0,1.087,-19.902936271930017,0.010122500927043298
0,200,0.1,1.087,-21.674114043100204,0.006755303265862268
1,200,0.1,1.087,-20.179424233920308,0.009504083994089581
2,200,0.1,1.087,-10.247065820631455,0.08631566067436129
0,200,0.2,1.087,-22.425318580695407,0.005688406775633928
1,200,0.2,1.087,-19.991945446940274,0.009919187492901051
2,200,0.2,1.087,-5.2665726860787085,0.2292284050880062
0,200,0.3,1.087,-21.689109810800172,0.006732174841968863
1,200,0.3,1.087,-21.247804953114958,0.007446861413722943
2,200,0.3,1.087,-21.206179574273246,0.007518040549722094
0,200,0.1,0.0,-19.455392471205492,0.011208958874460717
1,200,0.1,0.0,41.73047242680275,0.9999328689250165
2,200,0.1,0.0,198.95694505584936,1.0
0,200,0.1,1.087,-20.185871179712393,0.009490119780672634
1,200,0.1,1.087,-20.944285408368813,0.007981622379250165
2,200,0.1,1.087,2.0121352090132265,0.6137994030011815
0,200,0.1,1.638,-21.76886514800616,0.006610480961355309
1,200,0.1,1.638,-21.40539802126769,0.007183386493946435
2,200,0.1,1.638,-17.344535984871467,0.018097343779513757
0,50,0.1,1.087,-18.930357733203863,0.012631171705735939
1,50,0.1,1.087,-16.09534438166939,0.02398404762231329
2,50,0.1,1.087,-20.843398150586367,0.008167674904763677
0,100,0.1,1.087,-20.93211142726975,0.008003848226097413
1,100,0.1,1.087,-19.84619076591011,0.010254265600595152
2,100,0.1,1.087,-20.55437780084212,0.008724819527732856
0,200,0.1,1.087,-22.244860844979023,0.005928319713306489
1,200,0.1,1.087,-17.31622299477962,0.018213555441485254
2,200,0.1,1.087,-16.88205149086914,0.020090050036619025
0,200,0.0,1.087,-22.156147461095024,0.006049922700239867
1,200,0.0,1.087,-16.49363851750892,0.02192839270080843
2,200,0.0,1.087,-19.902936271930017,0.010122500927043298
0,200,0.1,1.087,-21.674114043100204,0.006755303265862268
1,200,0.1,1.087,-20.179424233920308,0.009504083994089581
2,200,0.1,1.087,-10.247065820631455,0.08631566067436129
0,200,0.2,1.087,-22.425318580695407,0.005688406775633928
1,200,0.2,1.087,-19.991945446940274,0.009919187492901051
2,200,0.2,1.087,-5.2665726860787085,0.2292284050880062
0,200,0.3,1.087,-21.689109810800172,0.006732174841968863
1,200,0.3,1.087,-21.247804953114958,0.007446861413722943
2,200,0.3,1.087,-21.206179574273246,0.007518040549722094
0,200,0.1,0.0,-19.455392471205492,0.011208958874460717
1,200,0.1,0.0,41.73047242680275,0.9999328689250165
2,200,0.1,0.0,198.95694505584936,1.0
0,200,0.1,1.087,-20.185871179712393,0.009490119780672634
1,200,0.1,1.087,-20.944285408368813,0.007981622379250165
2,200,0.1,1.087,2.0121352090132265,0.6137994030011815
0,200,0.1,1.638,-21.76886514800616,0.006610480961355309
1,200,0.1,1.638,-21.40539802126769,0.007183386493946435
2,200,0.1,1.638,-17.344535984871467,0.018097343779513757
0,50,0.1,1.087,-18.930357733203863,0.012631171705735939
1,50,0.1,1.087,-16.09534438166939,0.02398404762231329
2,50,0.1,1.087,-20.843398150586367,0.008167674904763677
0,100,0.1,1.087,-20.93211142726975,0.008003848226097413
1,100,0.1,1.087,-19.84619076591011,0.010254265600595152
2,100,0.1,1.087,-20.55437780084212,0.008724819527732856
0,200,0.1,1.087,-22.244860844979023,0.005928319713306489
1,200,0.1,1.087,-17.31622299477962,0.018213555441485254
2,200,0.1,1.087,-16.88205149086914,0.020090050036619025
0,200,0.0,1.087,-22.156147461095024,0.006049922700239867
1,200,0.0,1.087,-16.49363851750892,0.02192839270080843
2,200,0.0,1.087,-19.902936271930017,0.010122500927043298
0,200,0.1,1.087,-21.674114043100204,0.006755303265862268
1,200,0.1,1.087,-20.179424233920308,0.009504083994089581
2,200,0.1,1.087,-10.247065820631455,0.08631566067436129
0,200,0.2,1.087,-22.425318580695407,0.005688406775633928
1,200,0.2,1.087,-19.991945446940274,0.009919187492901051
2,200,0.2,1.087,-5.2665726860787085,0.2292284050880062
0,200,0.3,1.087,-21.689109810800172,0.006732174841968863
1,200,0.3,1.087,-21.247804953114958,0.007446861413722943
2,200,0.3,1.087,-21.206179574273246,0.007518040549722094
0,200,0.1,0.0,-19.455392471205492,0.011208958874460717
1,200,0.1,0.0,41.73047242680275,0.9999328689250165
2,200,0.1,0.0,198.95694505584936,1.0
0,200,0.1,1.087,-20.185871179712393,0.009490119780672634
1,200,0.1,1.087,-20.944285408368813,0.007981622379250165
2,200,0.1,1.087,2.0121352090132265,0.6137994030011815
0,200,0.1,1.638,-21.76886514800616,0.006610480961355309
1,200,0.1,1.638,-21.40539802126769,0.007183386493946435
2,200,0.1,1.638,-17.344535984871467,0.018097343779513757
0,50,0.1,1.087,-18.930357733203863,0.012631171705735939
1,50,0.1,1.087,-16.09534438166939,0.02398404762231329
2,50,0.1,1.087,-20.843398150586367,0.008167674904763677
0,100,0.1,1.087,-20.93211142726975,0.008003848226097413
1,100,0.1,1.087,-19.84619076591011,0.010254265600595152
2,100,0.1,1.087,-20.55437780084212,0.008724819527732856
0,200,0.1,1.087,-22.244860844979023,0.005928319713306489
1,200,0.1,1.087,-17.31622299477962,0.018213555441485254
2,200,0.1,1.087,-16.88205149086914,0.020090050036619025
0,200,0.0,1.087,-22.156147461095024,0.006049922700239867
1,200,0.0,1.087,-16.49363851750892,0.02192839270080843
2,200,0.0,1.087,-19.902936271930017,0.010122500927043298
0,200,0.1,1.087,-21.674114043100204,0.006755303265862268
1,200,0.1,1.087,-20.179424233920308,0.009504083994089581
2,200,0.1,1.087,-10.247065820631455,0.08631566067436129
0,200,0.2,1.087,-22.425318580695407,0.005688406775633928
1,200,0.2,1.087,-19.991945446940274,0.009919187492901051
2,200,0.2,1.087,-5.2665726860787085,0.2292284050880062
0,200,0.3,1.087,-21.689109810800172,0.006732174841968863
1,200,0.3,1.087,-21.247804953114958,0.007446861413722943
2,200,0.3,1.087,-21.206179574273246,0.007518040549722094
0,200,0.1,0.0,-19.455392471205492,0.011208958874460717
1,200,0.1,0.0,41.73047242680275,0.9999328689250165
2,200,0.1,0.0,198.95694505584936,1.0
0,200,0.1,1.087,-20.185871179712393,0.009490119780672634
1,200,0.1,1.087,-20.944285408368813,0.007981622379250165
2,200,0.1,1.087,2.0121352090132265,0.6137994030011815
0,200,0.1,1.638,-21.76886514800616,0.006610480961355309
1,200,0.1,1.638,-21.40539802126769,0.007183386493946435
2,200,0.1,1.638,-17.344535984871467,0.018097343779513757
0,50,0.1,1.087,-18.930357733203863,0.012631171705735939
1,50,0.1,1.087,-16.09534438166939,0.02398404762231329
2,50,0.1,1.087,-20.843398150586367,0.008167674904763677
0,100,0.1,1.087,-20.93211142726975,0.008003848226097413
1,100,0.1,1.087,-19.84619076591011,0.010254265600595152
2,100,0.1,1.087,-20.55437780084212,0.008724819527732856
0,200,0.1,1.087,-22.244860844979023,0.005928319713306489
1,200,0.1,1.087,-17.31622299477962,0.018213555441485254
2,200,0.1,1.087,-16.88205149086914,0.020090050036619025
0,200,0.0,1.087,-22.156147461095024,0.006049922700239867
1,200,0.0,1.087,-16.49363851750892,0.02192839270080843
2,200,0.0,1.087,-19.902936271930017,0.010122500927043298
0,200,0.1,1.087,-21.674114043100204,0.006755303265862268
1,200,0.1,1.087,-20.179424233920308,0.009504083994089581
2,200,0.1,1.087,-10.247065820631455,0.08631566067436129
0,200,0.2,1.087,-22.425318580695407,0.005688406775633928
1,200,0.2,1.087,-19.991945446940274,0.009919187492901051
2,200,0.2,1.087,-5.2665726860787085,0.2292284050880062
0,200,0.3,1.087,-21.689109810800172,0.006732174841968863
1,200,0.3,1.087,-21.247804953114958,0.007446861413722943
2,200,0.3,1.087,-21.206179574273246,0.007518040549722094
0,200,0.1,0.0,-19.455392471205492,0.011208958874460717
1,200,0.1,0.0,41.73047242680275,0.9999328689250165
2,200,0.1,0.0,198.95694505584936,1.0
0,200,0.1,1.087,-20.185871179712393,0.009490119780672634
1,200,0.1,1.087,-20.944285408368813,0.007981622379250165
2,200,0.1,1.087,2.0121352090132265,0.6137994030011815
0,200,0.1,1.638,-21.76886514800616,0.006610480961355309
1,200,0.1,1.638,-21.40539802126769,0.007183386493946435
2,200,0.1,1.638,-17.344535984871467,0.018097343779513757
0,50,0.1,1.087,-18.930357733203863,0.012631171705735939
1,50,0.1,1.087,-16.09534438166939,0.02398404762231329
2,50,0.1,1.087,-20.843398150586367,0.008167674904763677
0,100,0.1,1.087,-20.93211142726975,0.008003848226097413
1,100,0.1,1.087,-19.84619076591011,0.010254265600595152
2,100,0.1,1.087,-20.55437780084212,0.008724819527732856
0,200,0.1,1.087,-22.244860844979023,0.005928319713306489
1,200,0.1,1.087,-17.31622299477962,0.018213555441485254
2,200,0.1,1.087,-16.88205149086914,0.020090050036619025
0,200,0.0,1.087,-22.156147461095024,0.006049922700239867
1,200,0.0,1.087,-16.49363851750892,0.02192839270080843
2,200,0.0,1.087,-19.902936271930017,0.010122500927043298
0,200,0.1,1.087,-21.674114043100204,0.006755303265862268
1,200,0.1,1.087,-20.179424233920308,0.009504083994089581
2,200,0.1,1.087,-10.247065820631455,0.08631566067436129
0,200,0.2,1.087,-22.425318580695407,0.005688406775633928
1,200,0.2,1.087,-19.991945446940274,0.009919187492901051
2,200,0.2,1.087,-5.2665726860787085,0.2292284050880062
0,200,0.3,1.087,-21.689109810800172,0.006732174841968863
1,200,0.3,1.087,-21.247804953114958,0.007446861413722943
2,200,0.3,1.087,-21.206179574273246,0.007518040549722094
0,200,0.1,0.0,-19.455392471205492,0.011208958874460717
1,200,0.1,0.0,41.73047242680275,0.9999328689250165
2,200,0.1,0.0,198.95694505584936,1.0
0,200,0.1,1.087,-20.185871179712393,0.009490119780672634
1,200,0.1,1.087,-20.944285408368813,0.007981622379250165
2,200,0.1,1.087,2.0121352090132265,0.6137994030011815
0,200,0.1,1.638,-21.76886514800616,0.006610480961355309
1,200,0.1,1.638,-21.40539802126769,0.007183386493946435
2,200,0.1,1.638,-17.344535984871467,0.018097343779513757
0,50,0.1,1.087,-18.930357733203863,0.012631171705735939
1,50,0.1,1.087,-16.09534438166939,0.02398404762231329
2,50,0.1,1.087,-20.843398150586367,0.008167674904763677
0,100,0.1,1.087,-20.93211142726975,0.008003848226097413
1,100,0.1,1.087,-19.84619076591011,0.010254265600595152
2,100,0.1,1.087,-20.55437780084212,0.008724819527732856
0,200,0.1,1.087,-22.244860844979023,0.005928319713306489
1,200,0.1,1.087,-17.31622299477962,0.018213555441485254
2,200,0.1,1.087,-16.88205149086914,0.020090050036619025
0,200,0.0,1.087,-22.156147461095024,0.006049922700239867
1,200,0.0,1.087,-16.49363851750892,0.02192839270080843
2,200,0.0,1.087,-19.902936271930017,0.010122500927043298
0,200,0.1,1.087,-21.674114043100204,0.006755303265862268
1,200,0.1,1.087,-20.179424233920308,0.009504083994089581
2,200,0.1,1.087,-10.247065820631455,0.08631566067436129
0,200,0.2,1.087,-22.425318580695407,0.005688406775633928
1,200,0.2,1.087,-19.991945446940274,0.009919187492901051
2,200,0.2,1.087,-5.2665726860787085,0.2292284050880062
0,200,0.3,1.087,-21.689109810800172,0.006732174841968863
1,200,0.3,1.087,-21.247804953114958,0.007446861413722943
2,200,0.3,1.087,-21.206179574273246,0.007518040549722094
0,200,0.1,0.0,-19.455392471205492,0.011208958874460717
1,200,0.1,0.0,41.73047242680275,0.9999328689250165
2,200,0.1,0.0,198.95694505584936,1.0
0,200,0.1,1.087,-20.185871179712393,0.009490119780672634
1,200,0.1,1.087,-20.944285408368813,0.007981622379250165
2,200,0.1,1.087,2.0121352090132265,0.6137994030011815
0,200,0.1,1.638,-21.76886514800616,0.006610480961355309
1,200,0.1,1.638,-21.40539802126769,0.007183386493946435
2,200,0.1,1.638,-17.344535984871467,0.018097343779513757
0,50,0.1,1.087,-18.930357733203863,0.012631171705735939
1,50,0.1,1.087,-16.09534438166939,0.02398404762231329
2,50,0.1,1.087,-20.843398150586367,0.008167674904763677
0,100,0.1,1.087,-20.93211142726975,0.008003848226097413
1,100,0.1,1.087,-19.84619076591011,0.010254265600595152
2,100,0.1,1.087,-20.55437780084212,0.008724819527732856
0,200,0.1,1.087,-22.244860844979023,0.005928319713306489
1,200,0.1,1.087,-17.31622299477962,0.018213555441485254
2,200,0.1,1.087,-16.88205149086914,0.020090050036619025
0,200,0.0,1.087,-22.156147461095024,0.006049922700239867
1,200,0.0,1.087,-16.49363851750892,0.02192839270080843
2,200,0.0,1.087,-19.902936271930017,0.010122500927043298
0,200,0.1,1.087,-21.674114043100204,0.006755303265862268
1,200,0.1,1.087,-20.179424233920308,0.009504083994089581
2,200,0.1,1.087,-10.247065820631455,0.08631566067436129
0,200,0.2,1.087,-22.425318580695407,0.005688406775633928
1,200,0.2,1.087,-19.991945446940274,0.009919187492901051
2,200,0.2,1.087,-5.2665726860787085,0.2292284050880062
0,200,0.3,1.087,-21.689109810800172,0.006732174841968863
1,200,0.3,1.087,-21.247804953114958,0.007446861413722943
2,200,0.3,1.087,-21.206179574273246,0.007518040549722094
0,200,0.1,0.0,-19.455392471205492,0.011208958874460717
1,200,0.1,0.0,41.73047242680275,0.9999328689250165
2,200,0.1,0.0,198.95694505584936,1.0
0,200,0.1,1.087,-20.185871179712393,0.009490119780672634
1,200,0.1,1.087,-20.944285408368813,0.007981622379250165
2,200,0.1,1.087,2.0121352090132265,0.6137994030011815
0,200,0.1,1.638,-21.76886514800616,0.006610480961355309
1,200,0.1,1.638,-21.40539802126769,0.007183386493946435
2,200,0.1,1.638,-17.344535984871467,0.018097343779513757
0,50,0.1,1.087,-18.435503061034,0.014134080086418751
1,50,0.1,1.087,-17.70746007635916,0.01667066739180102
2,50,0.1,1.087,-14.059641603879943,0.03778404028649715
0,100,0.1,1.087,-18.152730838703985,0.015070650390672012
1,100,0.1,1.087,-22.12767411909428,0.0060894753599935805
2,100,0.1,1.087,-18.12239133323479,0.015174698271109639
0,200,0.1,1.087,-21.84946770781306,0.006489714579637863
1,200,0.1,1.087,-20.02488470374358,0.009844977420192127
2,200,0.1,1.087,-6.744532727218092,0.17465540787745998
0,200,0.0,1.087,-21.44704929992031,0.007115310941414977
1,200,0.0,1.087,-19.455521764965344,0.011208628917927092
2,200,0.0,1.087,-15.198369111219861,0.02932492872091752
0,200,0.1,1.087,-16.361640897956583,0.022589819889453314
1,200,0.1,1.087,-14.773313549380537,0.032242965738480164
2,200,0.1,1.087,-19.318561167122336,0.011563588239024694
0,200,0.2,1.087,-20.465346330098537,0.008903917482613823
1,200,0.2,1.087,-20.19640896849968,0.009467338460393559
2,200,0.2,1.087,-5.647133289510558,0.21411444881164057
0,200,0.3,1.087,-20.64787020331465,0.008540590879459447
1,200,0.3,1.087,-18.81730034563474,0.012959991658470142
2,200,0.3,1.087,-15.799666868905247,0.02563049515304097
0,200,0.1,0.0,-21.704120031240418,0.0067091028917392334
1,200,0.1,0.0,9.984069168570368,0.9087872960104458
2,200,0.1,0.0,212.21595146737997,1.0
0,200,0.1,1.087,-21.785822537937992,0.00658488974537218
1,200,0.1,1.087,-21.736625778538304,0.006659407718922096
2,200,0.1,1.087,-15.330542460858696,0.028470923656392026
0,200,0.1,1.638,-19.468676493950085,0.011175108308555668
1,200,0.1,1.638,-19.659343767782296,0.010700240199397594
2,200,0.1,1.638,-13.737865592751383,0.04057194736025074
0,50,0.1,1.087,-18.435503061034,0.014134080086418751
1,50,0.1,1.087,-17.70746007635916,0.01667066739180102
2,50,0.1,1.087,-14.059641603879943,0.03778404028649715
0,100,0.1,1.087,-18.152730838703985,0.015070650390672012
1,100,0.1,1.087,-22.12767411909428,0.0060894753599935805
2,100,0.1,1.087,-18.12239133323479,0.015174698271109639
0,200,0.1,1.087,-21.84946770781306,0.006489714579637863
1,200,0.1,1.087,-20.02488470374358,0.009844977420192127
2,200,0.1,1.087,-6.744532727218092,0.17465540787745998
0,200,0.0,1.087,-21.44704929992031,0.007115310941414977
1,200,0.0,1.087,-19.455521764965344,0.011208628917927092
2,200,0.0,1.087,-15.198369111219861,0.02932492872091752
0,200,0.1,1.087,-16.361640897956583,0.022589819889453314
1,200,0.1,1.087,-14.773313549380537,0.032242965738480164
2,200,0.1,1.087,-19.318561167122336,0.011563588239024694
0,200,0.2,1.087,-20.465346330098537,0.008903917482613823
1,200,0.2,1.087,-20.19640896849968,0.009467338460393559
2,200,0.2,1.087,-5.647133289510558,0.21411444881164057
0,200,0.3,1.087,-20.64787020331465,0.008540590879459447
1,200,0.3,1.087,-18.81730034563474,0.012959991658470142
2,200,0.3,1.087,-15.799666868905247,0.02563049515304097
0,200,0.1,0.0,-21.704120031240418,0.0067091028917392334
1,200,0.1,0.0,9.984069168570368,0.9087872960104458
2,200,0.1,0.0,212.21595146737997,1.0
0,200,0.1,1.087,-21.785822537937992,0.00658488974537218
1,200,0.1,1.087,-21.736625778538304,0.006659407718922096
2,200,0.1,1.087,-15.330542460858696,0.028470923656392026
0,200,0.1,1.638,-19.468676493950085,0.011175108308555668
1,200,0.1,1.638,-19.659343767782296,0.010700240199397594
2,200,0.1,1.638,-13.737865592751383,0.04057194736025074
0,50,0.1,1.087,-18.435503061034,0.014134080086418751
1,50,0.1,1.087,-17.70746007635916,0.01667066739180102
2,50,0.1,1.087,-14.059641603879943,0.03778404028649715
0,100,0.1,1.087,-18.152730838703985,0.015070650390672012
1,100,0.1,1.087,-22.12767411909428,0.0060894753599935805
2,100,0.1,1.087,-18.12239133323479,0.015174698271109639
0,200,0.1,1.087,-21.84946770781306,0.006489714579637863
1,200,0.1,1.087,-20.02488470374358,0.009844977420192127
2,200,0.1,1.087,-6.744532727218092,0.17465540787745998
0,200,0.0,1.087,-21.44704929992031,0.007115310941414977
1,200,0.0,1.087,-19.455521764965344,0.011208628917927092
2,200,0.0,1.087,-15.198369111219861,0.02932492872091752
0,200,0.1,1.087,-16.361640897956583,0.022589819889453314
1,200,0.1,1.087,-14.773313549380537,0.032242965738480164
2,200,0.1,1.087,-19.318561167122336,0.011563588239024694
0,200,0.2,1.087,-20.465346330098537,0.008903917482613823
1,200,0.2,1.087,-20.19640896849968,0.009467338460393559
2,200,0.2,1.087,-5.647133289510558,0.21411444881164057
0,200,0.3,1.087,-20.64787020331465,0.008540590879459447
1,200,0.3,1.087,-18.81730034563474,0.012959991658470142
2,200,0.3,1.087,-15.799666868905247,0.02563049515304097
0,200,0.1,0.0,-21.704120031240418,0.0067091028917392334
1,200,0.1,0.0,9.984069168570368,0.9087872960104458
2,200,0.1,0.0,212.21595146737997,1.0
0,200,0.1,1.087,-21.785822537937992,0.00658488974537218
1,200,0.1,1.087,-21.736625778538304,0.006659407718922096
2,200,0.1,1.087,-15.330542460858696,0.028470923656392026
0,200,0.1,1.638,-19.468676493950085,0.011175108308555668
1,200,0.1,1.638,-19.659343767782296,0.010700240199397594
2,200,0.1,1.638,-13.737865592751383,0.04057194736025074
0,50,0.1,1.087,-18.435503061034,0.014134080086418751
1,50,0.1,1.087,-17.70746007635916,0.01667066739180102
2,50,0.1,1.087,-14.059641603879943,0.03778404028649715
0,100,0.1,1.087,-18.152730838703985,0.015070650390672012
1,100,0.1,1.087,-22.12767411909428,0.0060894753599935805
2,100,0.1,1.087,-18.12239133323479,0.015174698271109639
0,200,0.1,1.087,-21.84946770781306,0.006489714579637863
1,200,0.1,1.087,-20.02488470374358,0.009844977420192127
2,200,0.1,1.087,-6.744532727218092,0.17465540787745998
0,200,0.0,1.087,-21.44704929992031,0.007115310941414977
1,200,0.0,1.087,-19.455521764965344,0.011208628917927092
2,200,0.0,1.087,-15.198369111219861,0.02932492872091752
0,200,0.1,1.087,-16.361640897956583,0.022589819889453314
1,200,0.1,1.087,-14.773313549380537,0.032242965738480164
2,200,0.1,1.087,-19.318561167122336,0.011563588239024694
0,200,0.2,1.087,-20.465346330098537,0.008903917482613823
1,200,0.2,1.087,-20.19640896849968,0.009467338460393559
2,200,0.2,1.087,-5.647133289510558,0.21411444881164057
0,200,0.3,1.087,-20.64787020331465,0.008540590879459447
1,200,0.3,1.087,-18.81730034563474,0.012959991658470142
2,200,0.3,1.087,-15.799666868905247,0.02563049515304097
0,200,0.1,0.0,-21.704120031240418,0.0067091028917392334
1,200,0.1,0.0,9.984069168570368,0.9087872960104458
2,200,0.1,0.0,212.21595146737997,1.0
0,200,0.1,1.087,-21.785822537937992,0.00658488974537218
1,200,0.1,1.087,-21.736625778538304,0.006659407718922096
2,200,0.1,1.087,-15.330542460858696,0.028470923656392026
0,200,0.1,1.638,-19.468676493950085,0.011175108308555668
1,200,0.1,1.638,-19.659343767782296,0.010700240199397594
2,200,0.1,1.638,-13.737865592751383,0.04057194736025074
0,50,0.1,1.087,-18.435503061034,0.014134080086418751
1,50,0.1,1.087,-17.70746007635916,0.01667066739180102
2,50,0.1,1.087,-14.059641603879943,0.03778404028649715
0,100,0.1,1.087,-18.152730838703985,0.015070650390672012
1,100,0.1,1.087,-22.12767411909428,0.0060894753599935805
2,100,0.1,1.087,-18.12239133323479,0.015174698271109639
0,200,0.1,1.087,-21.84946770781306,0.006489714579637863
1,200,0.1,1.087,-20.02488470374358,0.009844977420192127
2,200,0.1,1.087,-6.744532727218092,0.17465540787745998
0,200,0.0,1.087,-21.44704929992031,0.007115310941414977
1,200,0.0,1.087,-19.455521764965344,0.011208628917927092
2,200,0.0,1.087,-15.198369111219861,0.02932492872091752
0,200,0.1,1.087,-16.361640897956583,0.022589819889453314
1,200,0.1,1.087,-14.773313549380537,0.032242965738480164
2,200,0.1,1.087,-19.318561167122336,0.011563588239024694
0,200,0.2,1.087,-20.465346330098537,0.008903917482613823
1,200,0.2,1.087,-20.19640896849968,0.009467338460393559
2,200,0.2,1.087,-5.647133289510558,0.21411444881164057
0,200,0.3,1.087,-20.64787020331465,0.008540590879459447
1,200,0.3,1.087,-18.81730034563474,0.012959991658470142
2,200,0.3,1.087,-15.799666868905247,0.02563049515304097
0,200,0.1,0.0,-21.704120031240418,0.0067091028917392334
1,200,0.1,0.0,9.984069168570368,0.9087872960104458
2,200,0.1,0.0,212.21595146737997,1.0
0,200,0.1,1.087,-21.785822537937992,0.00658488974537218
1,200,0.1,1.087,-21.736625778538304,0.006659407718922096
2,200,0.1,1.087,-15.330542460858696,0.028470923656392026
0,200,0.1,1.638,-19.468676493950085,0.011175108308555668
1,200,0.1,1.638,-19.659343767782296,0.010700240199397594
2,200,0.1,1.638,-13.737865592751383,0.04057194736025074
0,50,0.1,1.087,-18.435503061034,0.014134080086418751
1,50,0.1,1.087,-17.70746007635916,0.01667066739180102
2,50,0.1,1.087,-14.059641603879943,0.03778404028649715
0,100,0.1,1.087,-18.152730838703985,0.015070650390672012
1,100,0.1,1.087,-22.12767411909428,0.0060894753599935805
2,100,0.1,1.087,-18.12239133323479,0.015174698271109639
0,200,0.1,1.087,-21.84946770781306,0.006489714579637863
1,200,0.1,1.087,-20.02488470374358,0.009844977420192127
2,200,0.1,1.087,-6.744532727218092,0.17465540787745998
0,200,0.0,1.087,-21.44704929992031,0.007115310941414977
1,200,0.0,1.087,-19.455521764965344,0.011208628917927092
2,200,0.0,1.087,-15.198369111219861,0.02932492872091752
0,200,0.1,1.087,-16.361640897956583,0.022589819889453314
1,200,0.1,1.087,-14.773313549380537,0.032242965738480164
2,200,0.1,1.087,-19.318561167122336,0.011563588239024694
0,200,0.2,1.087,-20.465346330098537,0.008903917482613823
1,200,0.2,1.087,-20.19640896849968,0.009467338460393559
2,200,0.2,1.087,-5.647133289510558,0.21411444881164057
0,200,0.3,1.087,-20.64787020331465,0.008540590879459447
1,200,0.3,1.087,-18.81730034563474,0.012959991658470142
2,200,0.3,1.087,-15.799666868905247,0.02563049515304097
0,200,0.1,0.0,-21.704120031240418,0.0067091028917392334
1,200,0.1,0.0,9.984069168570368,0.9087872960104458
2,200,0.1,0.0,212.21595146737997,1.0
0,200,0.1,1.087,-21.785822537937992,0.00658488974537218
1,200,0.1,1.087,-21.736625778538304,0.006659407718922096
2,200,0.1,1.087,-15.330542460858696,0.028470923656392026
0,200,0.1,1.638,-19.468676493950085,0.011175108308555668
1,200,0.1,1.638,-19.659343767782296,0.010700240199397594
2,200,0.1,1.638,-13.737865592751383,0.04057194736025074
0,50,0.1,1.087,-18.435503061034,0.014134080086418751
1,50,0.1,1.087,-17.70746007635916,0.01667066739180102
2,50,0.1,1.087,-14.059641603879943,0.03778404028649715
0,100,0.1,1.087,-18.152730838703985,0.015070650390672012
1,100,0.1,1.087,-22.12767411909428,0.0060894753599935805
2,100,0.1,1.087,-18.12239133323479,0.015174698271109639
0,200,0.1,1.087,-21.84946770781306,0.006489714579637863
1,200,0.1,1.087,-20.02488470374358,0.009844977420192127
2,200,0.1,1.087,-6.744532727218092,0.17465540787745998
0,200,0.0,1.087,-21.44704929992031,0.007115310941414977
1,200,0.0,1.087,-19.455521764965344,0.011208628917927092
2,200,0.0,1.087,-15.198369111219861,0.02932492872091752
0,200,0.1,1.087,-16.361640897956583,0.022589819889453314
1,200,0.1,1.087,-14.773313549380537,0.032242965738480164
2,200,0.1,1.087,-19.318561167122336,0.011563588239024694
0,200,0.2,1.087,-20.465346330098537,0.008903917482613823
1,200,0.2,1.087,-20.19640896849968,0.009467338460393559
2,200,0.2,1.087,-5.647133289510558,0.21411444881164057
0,200,0.3,1.087,-20.64787020331465,0.008540590879459447
1,200,0.3,1.087,-18.81730034563474,0.012959991658470142
2,200,0.3,1.087,-15.799666868905247,0.02563049515304097
0,200,0.1,0.0,-21.704120031240418,0.0067091028917392334
1,200,0.1,0.0,9.984069168570368,0.9087872960104458
2,200,0.1,0.0,212.21595146737997,1.0
0,200,0.1,1.087,-21.785822537937992,0.00658488974537218
1,200,0.1,1.087,-21.736625778538304,0.006659407718922096
2,200,0.1,1.087,-15.330542460858696,0.028470923656392026
0,200,0.1,1.638,-19.468676493950085,0.011175108308555668
1,200,0.1,1.638,-19.659343767782296,0.010700240199397594
2,200,0.1,1.638,-13.737865592751383,0.04057194736025074
0,50,0.1,1.087,-18.435503061034,0.014134080086418751
1,50,0.1,1.087,-17.70746007635916,0.01667066739180102
2,50,0.1,1.087,-14.059641603879943,0.03778404028649715
0,100,0.1,1.087,-18.152730838703985,0.015070650390672012
1,100,0.1,1.087,-22.12767411909428,0.0060894753599935805
2,100,0.1,1.087,-18.12239133323479,0.015174698271109639
0,200,0.1,1.087,-21.84946770781306,0.006489714579637863
1,200,0.1,1.087,-20.02488470374358,0.009844977420192127
2,200,0.1,1.087,-6.744532727218092,0.17465540787745998
0,200,0.0,1.087,-21.44704929992031,0.007115310941414977
1,200,0.0,1.087,-19.455521764965344,0.011208628917927092
2,200,0.0,1.087,-15.198369111219861,0.02932492872091752
0,200,0.1,1.087,-16.361640897956583,0.022589819889453314
1,200,0.1,1.087,-14.773313549380537,0.032242965738480164
2,200,0.1,1.087,-19.318561167122336,0.011563588239024694
0,200,0.2,1.087,-20.465346330098537,0.008903917482613823
1,200,0.2,1.087,-20.19640896849968,0.009467338460393559
2,200,0.2,1.087,-5.647133289510558,0.21411444881164057
0,200,0.3,1.087,-20.64787020331465,0.008540590879459447
1,200,0.3,1.087,-18.81730034563474,0.012959991658470142
2,200,0.3,1.087,-15.799666868905247,0.02563049515304097
0,200,0.1,0.0,-21.704120031240418,0.0067091028917392334
1,200,0.1,0.0,9.984069168570368,0.9087872960104458
2,200,0.1,0.0,212.21595146737997,1.0
0,200,0.1,1.087,-21.785822537937992,0.00658488974537218
1,200,0.1,1.087,-21.736625778538304,0.006659407718922096
2,200,0.1,1.087,-15.330542460858696,0.028470923656392026
0,200,0.1,1.638,-19.468676493950085,0.011175108308555668
1,200,0.1,1.638,-19.659343767782296,0.010700240199397594
2,200,0.1,1.638,-13.737865592751383,0.04057194736025074
0,50,0.1,1.087,-18.435503061034,0.014134080086418751
1,50,0.1,1.087,-17.70746007635916,0.01667066739180102
2,50,0.1,1.087,-14.059641603879943,0.03778404028649715
0,100,0.1,1.087,-18.152730838703985,0.015070650390672012
1,100,0.1,1.087,-22.12767411909428,0.0060894753599935805
2,100,0.1,1.087,-18.12239133323479,0.015174698271109639
0,200,0.1,1.087,-21.84946770781306,0.006489714579637863
1,200,0.1,1.087,-20.02488470374358,0.009844977420192127
2,200,0.1,1.087,-6.744532727218092,0.17465540787745998
0,200,0.0,1.087,-21.44704929992031,0.007115310941414977
1,200,0.0,1.087,-19.455521764965344,0.011208628917927092
2,200,0.0,1.087,-15.198369111219861,0.02932492872091752
0,200,0.1,1.087,-16.361640897956583,0.022589819889453314
1,200,0.1,1.087,-14.773313549380537,0.032242965738480164
2,200,0.1,1.087,-19.318561167122336,0.011563588239024694
0,200,0.2,1.087,-20.465346330098537,0.008903917482613823
1,200,0.2,1.087,-20.19640896849968,0.009467338460393559
2,200,0.2,1.087,-5.647133289510558,0.21411444881164057
0,200,0.3,1.087,-20.64787020331465,0.008540590879459447
1,200,0.3,1.087,-18.81730034563474,0.012959991658470142
2,200,0.3,1.087,-15.799666868905247,0.02563049515304097
0,200,0.1,0.0,-21.704120031240418,0.0067091028917392334
1,200,0.1,0.0,9.984069168570368,0.9087872960104458
2,200,0.1,0.0,212.21595146737997,1.0
0,200,0.1,1.087,-21.785822537937992,0.00658488974537218
1,200,0.1,1.087,-21.736625778538304,0.006659407718922096
2,200,0.1,1.087,-15.330542460858696,0.028470923656392026
0,200,0.1,1.638,-19.468676493950085,0.011175108308555668
1,200,0.1,1.638,-19.659343767782296,0.010700240199397594
2,200,0.1,1.638,-13.737865592751383,0.04057194736025074
0,50,0.1,1.087,-18.435503061034,0.014134080086418751
1,50,0.1,1.087,-17.70746007635916,0.01667066739180102
2,50,0.1,1.087,-14.059641603879943,0.03778404028649715
0,100,0.1,1.087,-18.152730838703985,0.015070650390672012
1,100,0.1,1.087,-22.12767411909428,0.0060894753599935805
2,100,0.1,1.087,-18.12239133323479,0.015174698271109639
0,200,0.1,1.087,-21.84946770781306,0.006489714579637863
1,200,0.1,1.087,-20.02488470374358,0.009844977420192127
2,200,0.1,1.087,-6.744532727218092,0.17465540787745998
0,200,0.0,1.087,-21.44704929992031,0.007115310941414977
1,200,0.0,1.087,-19.455521764965344,0.011208628917927092
2,200,0.0,1.087,-15.198369111219861,0.02932492872091752
0,200,0.1,1.087,-16.361640897956583,0.022589819889453314
1,200,0.1,1.087,-14.773313549380537,0.032242965738480164
2,200,0.1,1.087,-19.318561167122336,0.011563588239024694
0,200,0.2,1.087,-20.465346330098537,0.008903917482613823
1,200,0.2,1.087,-20.19640896849968,0.009467338460393559
2,200,0.2,1.087,-5.647133289510558,0.21411444881164057
0,200,0.3,1.087,-20.64787020331465,0.008540590879459447
1,200,0.3,1.087,-18.81730034563474,0.012959991658470142
2,200,0.3,1.087,-15.799666868905247,0.02563049515304097
0,200,0.1,0.0,-21.704120031240418,0.0067091028917392334
1,200,0.1,0.0,9.984069168570368,0.9087872960104458
2,200,0.1,0.0,212.21595146737997,1.0
0,200,0.1,1.087,-21.785822537937992,0.00658488974537218
1,200,0.1,1.087,-21.736625778538304,0.006659407718922096
2,200,0.1,1.087,-15.330542460858696,0.028470923656392026
0,200,0.1,1.638,-19.468676493950085,0.011175108308555668
1,200,0.1,1.638,-19.659343767782296,0.010700240199397594
2,200,0.1,1.638,-13.737865592751383,0.04057194736025074
0,50,0.1,1.087,-18.435503061034,0.014134080086418751
1,50,0.1,1.087,-17.70746007635916,0.01667066739180102
2,50,0.1,1.087,-14.059641603879943,0.03778404028649715
0,100,0.1,1.087,-18.152730838703985,0.015070650390672012
1,100,0.1,1.087,-22.12767411909428,0.0060894753599935805
2,100,0.1,1.087,-18.12239133323479,0.015174698271109639
0,200,0.1,1.087,-21.84946770781306,0.006489714579637863
1,200,0.1,1.087,-20.02488470374358,0.009844977420192127
2,200,0.1,1.087,-6.744532727218092,0.17465540787745998
0,200,0.0,1.087,-21.44704929992031,0.007115310941414977
1,200,0.0,1.087,-19.455521764965344,0.011208628917927092
2,200,0.0,1.087,-15.198369111219861,0.02932492872091752
0,200,0.1,1.087,-16.361640897956583,0.022589819889453314
1,200,0.1,1.087,-14.773313549380537,0.032242965738480164
2,200,0.1,1.087,-19.318561167122336,0.011563588239024694
0,200,0.2,1.087,-20.465346330098537,0.008903917482613823
1,200,0.2,1.087,-20.19640896849968,0.009467338460393559
2,200,0.2,1.087,-5.647133289510558,0.21411444881164057
0,200,0.3,1.087,-20.64787020331465,0.008540590879459447
1,200,0.3,1.087,-18.81730034563474,0.012959991658470142
2,200,0.3,1.087,-15.799666868905247,0.02563049515304097
0,200,0.1,0.0,-21.704120031240418,0.0067091028917392334
1,200,0.1,0.0,9.984069168570368,0.9087872960104458
2,200,0.1,0.0,212.21595146737997,1.0
0,200,0.1,1.087,-21.785822537937992,0.00658488974537218
1,200,0.1,1.087,-21.736625778538304,0.006659407718922096
2,200,0.1,1.087,-15.330542460858696,0.028470923656392026
0,200,0.1,1.638,-19.468676493950085,0.011175108308555668
1,200,0.1,1.638,-19.659343767782296,0.010700240199397594
2,200,0.1,1.638,-13.737865592751383,0.04057194736025074
0,50,0.1,1.087,-18.435503061034,0.014134080086418751
1,50,0.1,1.087,-17.70746007635916,0.01667066739180102
2,50,0.1,1.087,-14.059641603879943,0.03778404028649715
0,100,0.1,1.087,-18.152730838703985,0.015070650390672012
1,100,0.1,1.087,-22.12767411909428,0.0060894753599935805
2,100,0.1,1.087,-18.12239133323479,0.015174698271109639
0,200,0.1,1.087,-21.84946770781306,0.006489714579637863
1,200,0.1,1.087,-20.02488470374358,0.009844977420192127
2,200,0.1,1.087,-6.744532727218092,0.17465540787745998
0,200,0.0,1.087,-21.44704929992031,0.007115310941414977
1,200,0.0,1.087,-19.455521764965344,0.011208628917927092
2,200,0.0,1.087,-15.198369111219861,0.02932492872091752
0,200,0.1,1.087,-16.361640897956583,0.022589819889453314
1,200,0.1,1.087,-14.773313549380537,0.032242965738480164
2,200,0.1,1.087,-19.318561167122336,0.011563588239024694
0,200,0.2,1.087,-20.465346330098537,0.008903917482613823
1,200,0.2,1.087,-20.19640896849968,0.009467338460393559
2,200,0.2,1.087,-5.647133289510558,0.21411444881164057
0,200,0.3,1.087,-20.64787020331465,0.008540590879459447
1,200,0.3,1.087,-18.81730034563474,0.012959991658470142
2,200,0.3,1.087,-15.799666868905247,0.02563049515304097
0,200,0.1,0.0,-21.704120031240418,0.0067091028917392334
1,200,0.1,0.0,9.984069168570368,0.9087872960104458
2,200,0.1,0.0,212.21595146737997,1.0
0,200,0.1,1.087,-21.785822537937992,0.00658488974537218
1,200,0.1,1.087,-21.736625778538304,0.006659407718922096
2,200,0.1,1.087,-15.330542460858696,0.028470923656392026
0,200,0.1,1.638,-19.468676493950085,0.011175108308555668
1,200,0.1,1.638,-19.659343767782296,0.010700240199397594
2,200,0.1,1.638,-13.737865592751383,0.04057194736025074
0,50,0.1,1.087,-18.435503061034,0.014134080086418751
1,50,0.1,1.087,-17.70746007635916,0.01667066739180102
2,50,0.1,1.087,-14.059641603879943,0.03778404028649715
0,100,0.1,1.087,-18.152730838703985,0.015070650390672012
1,100,0.1,1.087,-22.12767411909428,0.0060894753599935805
2,100,0.1,1.087,-18.12239133323479,0.015174698271109639
0,200,0.1,1.087,-21.84946770781306,0.006489714579637863
1,200,0.1,1.087,-20.02488470374358,0.009844977420192127
2,200,0.1,1.087,-6.744532727218092,0.17465540787745998
0,200,0.0,1.087,-21.44704929992031,0.007115310941414977
1,200,0.0,1.087,-19.455521764965344,0.011208628917927092
2,200,0.0,1.087,-15.198369111219861,0.02932492872091752
0,200,0.1,1.087,-16.361640897956583,0.022589819889453314
1,200,0.1,1.087,-14.773313549380537,0.032242965738480164
2,200,0.1,1.087,-19.318561167122336,0.011563588239024694
0,200,0.2,1.087,-20.465346330098537,0.008903917482613823
1,200,0.2,1.087,-20.19640896849968,0.009467338460393559
2,200,0.2,1.087,-5.647133289510558,0.21411444881164057
0,200,0.3,1.087,-20.64787020331465,0.008540590879459447
1,200,0.3,1.087,-18.81730034563474,0.012959991658470142
2,200,0.3,1.087,-15.799666868905247,0.02563049515304097
0,200,0.1,0.0,-21.704120031240418,0.0067091028917392334
1,200,0.1,0.0,9.984069168570368,0.9087872960104458
2,200,0.1,0.0,212.21595146737997,1.0
0,200,0.1,1.087,-21.785822537937992,0.00658488974537218
1,200,0.1,1.087,-21.736625778538304,0.006659407718922096
2,200,0.1,1.087,-15.330542460858696,0.028470923656392026
0,200,0.1,1.638,-19.468676493950085,0.011175108308555668
1,200,0.1,1.638,-19.659343767782296,0.010700240199397594
2,200,0.1,1.638,-13.737865592751383,0.04057194736025074
0,50,0.1,1.087,-18.435503061034,0.014134080086418751
1,50,0.1,1.087,-17.70746007635916,0.01667066739180102
2,50,0.1,1.087,-14.059641603879943,0.03778404028649715
0,100,0.1,1.087,-18.152730838703985,0.015070650390672012
1,100,0.1,1.087,-22.12767411909428,0.0060894753599935805
2,100,0.1,1.087,-18.12239133323479,0.015174698271109639
0,200,0.1,1.087,-21.84946770781306,0.006489714579637863
1,200,0.1,1.087,-20.02488470374358,0.009844977420192127
2,200,0.1,1.087,-6.744532727218092,0.17465540787745998
0,200,0.0,1.087,-21.44704929992031,0.007115310941414977
1,200,0.0,1.087,-19.455521764965344,0.011208628917927092
2,200,0.0,1.087,-15.198369111219861,0.02932492872091752
0,200,0.1,1.087,-16.361640897956583,0.022589819889453314
1,200,0.1,1.087,-14.773313549380537,0.032242965738480164
2,200,0.1,1.087,-19.318561167122336,0.011563588239024694
0,200,0.2,1.087,-20.465346330098537,0.008903917482613823
1,200,0.2,1.087,-20.19640896849968,0.009467338460393559
2,200,0.2,1.087,-5.647133289510558,0.21411444881164057
0,200,0.3,1.087,-20.64787020331465,0.008540590879459447
1,200,0.3,1.087,-18.81730034563474,0.012959991658470142
2,200,0.3,1.087,-15.799666868905247,0.02563049515304097
0,200,0.1,0.0,-21.704120031240418,0.0067091028917392334
1,200,0.1,0.0,9.984069168570368,0.9087872960104458
2,200,0.1,0.0,212.21595146737997,1.0
0,200,0.1,1.087,-21.785822537937992,0.00658488974537218
1,200,0.1,1.087,-21.736625778538304,0.006659407718922096
2,200,0.1,1.087,-15.330542460858696,0.028470923656392026
0,200,0.1,1.638,-19.468676493950085,0.011175108308555668
1,200,0.1,1.638,-19.659343767782296,0.010700240199397594
2,200,0.1,1.638,-13.737865592751383,0.04057194736025074
0,50,0.1,1.087,-18.435503061034,0.014134080086418751
1,50,0.1,1.087,-17.70746007635916,0.01667066739180102
2,50,0.1,1.087,-14.059641603879943,0.03778404028649715
0,100,0.1,1.087,-18.152730838703985,0.015070650390672012
1,100,0.1,1.087,-22.12767411909428,0.0060894753599935805
2,100,0.1,1.087,-18.12239133323479,0.015174698271109639
0,200,0.1,1.087,-21.84946770781306,0.006489714579637863
1,200,0.1,1.087,-20.02488470374358,0.009844977420192127
2,200,0.1,1.087,-6.744532727218092,0.17465540787745998
0,200,0.0,1.087,-21.44704929992031,0.007115310941414977
1,200,0.0,1.087,-19.455521764965344,0.011208628917927092
2,200,0.0,1.087,-15.198369111219861,0.02932492872091752
0,200,0.1,1.087,-16.361640897956583,0.022589819889453314
1,200,0.1,1.087,-14.773313549380537,0.032242965738480164
2,200,0.1,1.087,-19.318561167122336,0.011563588239024694
0,200,0.2,1.087,-20.465346330098537,0.008903917482613823
1,200,0.2,1.087,-20.19640896849968,0.009467338460393559
2,200,0.2,1.087,-5.647133289510558,0.21411444881164057
0,200,0.3,1.087,-20.64787020331465,0.008540590879459447
1,200,0.3,1.087,-18.81730034563474,0.012959991658470142
2,200,0.3,1.087,-15.799666868905247,0.02563049515304097
0,200,0.1,0.0,-21.704120031240418,0.0067091028917392334
1,200,0.1,0.0,9.984069168570368,0.9087872960104458
2,200,0.1,0.0,212.21595146737997,1.0
0,200,0.1,1.087,-21.785822537937992,0.00658488974537218
1,200,0.1,1.087,-21.736625778538304,0.006659407718922096
2,200,0.1,1.087,-15.330542460858696,0.028470923656392026
0,200,0.1,1.638,-19.468676493950085,0.011175108308555668
1,200,0.1,1.638,-19.659343767782296,0.010700240199397594
2,200,0.1,1.638,-13.737865592751383,0.04057194736025074
0,50,0.1,1.087,-18.435503061034,0.014134080086418751
1,50,0.1,1.087,-17.70746007635916,0.01667066739180102
2,50,0.1,1.087,-14.059641603879943,0.03778404028649715
0,100,0.1,1.087,-18.152730838703985,0.015070650390672012
1,100,0.1,1.087,-22.12767411909428,0.0060894753599935805
2,100,0.1,1.087,-18.12239133323479,0.015174698271109639
0,200,0.1,1.087,-21.84946770781306,0.006489714579637863
1,200,0.1,1.087,-20.02488470374358,0.009844977420192127
2,200,0.1,1.087,-6.744532727218092,0.17465540787745998
0,200,0.0,1.087,-21.44704929992031,0.007115310941414977
1,200,0.0,1.087,-19.455521764965344,0.011208628917927092
2,200,0.0,1.087,-15.198369111219861,0.02932492872091752
0,200,0.1,1.087,-16.361640897956583,0.022589819889453314
1,200,0.1,1.087,-14.773313549380537,0.032242965738480164
2,200,0.1,1.087,-19.318561167122336,0.011563588239024694
0,200,0.2,1.087,-20.465346330098537,0.008903917482613823
1,200,0.2,1.087,-20.19640896849968,0.009467338460393559
2,200,0.2,1.087,-5.647133289510558,0.21411444881164057
0,200,0.3,1.087,-20.64787020331465,0.008540590879459447
1,200,0.3,1.087,-18.81730034563474,0.012959991658470142
2,200,0.3,1.087,-15.799666868905247,0.02563049515304097
0,200,0.1,0.0,-21.704120031240418,0.0067091028917392334
1,200,0.1,0.0,9.984069168570368,0.9087872960104458
2,200,0.1,0.0,212.21595146737997,1.0
0,200,0.1,1.087,-21.785822537937992,0.00658488974537218
1,200,0.1,1.087,-21.736625778538304,0.006659407718922096
2,200,0.1,1.087,-15.330542460858696,0.028470923656392026
0,200,0.1,1.638,-19.468676493950085,0.011175108308555668
1,200,0.1,1.638,-19.659343767782296,0.010700240199397594
2,200,0.1,1.638,-13.737865592751383,0.04057194736025074
0,50,0.1,1.087,-18.435503061034,0.014134080086418751
1,50,0.1,1.087,-17.70746007635916,0.01667066739180102
2,50,0.1,1.087,-14.059641603879943,0.03778404028649715
0,100,0.1,1.087,-18.152730838703985,0.015070650390672012
1,100,0.1,1.087,-22.12767411909428,0.0060894753599935805
2,100,0.1,1.087,-18.12239133323479,0.015174698271109639
0,200,0.1,1.087,-21.84946770781306,0.006489714579637863
1,200,0.1,1.087,-20.02488470374358,0.009844977420192127
2,200,0.1,1.087,-6.744532727218092,0.17465540787745998
0,200,0.0,1.087,-21.44704929992031,0.007115310941414977
1,200,0.0,1.087,-19.455521764965344,0.011208628917927092
2,200,0.0,1.087,-15.198369111219861,0.02932492872091752
0,200,0.1,1.087,-16.361640897956583,0.022589819889453314
1,200,0.1,1.087,-14.773313549380537,0.032242965738480164
2,200,0.1,1.087,-19.318561167122336,0.011563588239024694
0,200,0.2,1.087,-20.465346330098537,0.008903917482613823
1,200,0.2,1.087,-20.19640896849968,0.009467338460393559
2,200,0.2,1.087,-5.647133289510558,0.21411444881164057
0,200,0.3,1.087,-20.64787020331465,0.008540590879459447
1,200,0.3,1.087,-18.81730034563474,0.012959991658470142
2,200,0.3,1.087,-15.799666868905247,0.02563049515304097
0,200,0.1,0.0,-21.704120031240418,0.0067091028917392334
1,200,0.1,0.0,9.984069168570368,0.9087872960104458
2,200,0.1,0.0,212.21595146737997,1.0
0,200,0.1,1.087,-21.785822537937992,0.00658488974537218
1,200,0.1,1.087,-21.736625778538304,0.006659407718922096
2,200,0.1,1.087,-15.330542460858696,0.028470923656392026
0,200,0.1,1.638,-19.468676493950085,0.011175108308555668
1,200,0.1,1.638,-19.659343767782296,0.010700240199397594
2,200,0.1,1.638,-13.737865592751383,0.04057194736025074
0,50,0.1,1.087,-18.435503061034,0.014134080086418751
1,50,0.1,1.087,-17.70746007635916,0.01667066739180102
2,50,0.1,1.087,-14.059641603879943,0.03778404028649715
0,100,0.1,1.087,-18.152730838703985,0.015070650390672012
1,100,0.1,1.087,-22.12767411909428,0.0060894753599935805
2,100,0.1,1.087,-18.12239133323479,0.015174698271109639
0,200,0.1,1.087,-21.84946770781306,0.006489714579637863
1,200,0.1,1.087,-20.02488470374358,0.009844977420192127
2,200,0.1,1.087,-6.744532727218092,0.17465540787745998
0,200,0.0,1.087,-21.44704929992031,0.007115310941414977
1,200,0.0,1.087,-19.455521764965344,0.011208628917927092
2,200,0.0,1.087,-15.198369111219861,0.02932492872091752
0,200,0.1,1.087,-16.361640897956583,0.022589819889453314
1,200,0.1,1.087,-14.773313549380537,0.032242965738480164
2,200,0.1,1.087,-19.318561167122336,0.011563588239024694
0,200,0.2,1.087,-20.465346330098537,0.008903917482613823
1,200,0.2,1.087,-20.19640896849968,0.009467338460393559
2,200,0.2,1.087,-5.647133289510558,0.21411444881164057
0,200,0.3,1.087,-20.64787020331465,0.008540590879459447
1,200,0.3,1.087,-18.81730034563474,0.012959991658470142
2,200,0.3,1.087,-15.799666868905247,0.02563049515304097
0,200,0.1,0.0,-21.704120031240418,0.0067091028917392334
1,200,0.1,0.0,9.984069168570368,0.9087872960104458
2,200,0.1,0.0,212.21595146737997,1.0
0,200,0.1,1.087,-21.785822537937992,0.00658488974537218
1,200,0.1,1.087,-21.736625778538304,0.006659407718922096
2,200,0.1,1.087,-15.330542460858696,0.028470923656392026
0,200,0.1,1.638,-19.468676493950085,0.011175108308555668
1,200,0.1,1.638,-19.659343767782296,0.010700240199397594
2,200,0.1,1.638,-13.737865592751383,0.04057194736025074
0,50,0.1,1.087,-18.435503061034,0.014134080086418751
1,50,0.1,1.087,-17.70746007635916,0.01667066739180102
2,50,0.1,1.087,-14.059641603879943,0.03778404028649715
0,100,0.1,1.087,-18.152730838703985,0.015070650390672012
1,100,0.1,1.087,-22.12767411909428,0.0060894753599935805
2,100,0.1,1.087,-18.12239133323479,0.015174698271109639
0,200,0.1,1.087,-21.84946770781306,0.006489714579637863
1,200,0.1,1.087,-20.02488470374358,0.009844977420192127
2,200,0.1,1.087,-6.744532727218092,0.17465540787745998
0,200,0.0,1.087,-21.44704929992031,0.007115310941414977
1,200,0.0,1.087,-19.455521764965344,0.011208628917927092
2,200,0.0,1.087,-15.198369111219861,0.02932492872091752
0,200,0.1,1.087,-16.361640897956583,0.022589819889453314
1,200,0.1,1.087,-14.773313549380537,0.032242965738480164
2,200,0.1,1.087,-19.318561167122336,0.011563588239024694
0,200,0.2,1.087,-20.465346330098537,0.008903917482613823
1,200,0.2,1.087,-20.19640896849968,0.009467338460393559
2,200,0.2,1.087,-5.647133289510558,0.21411444881164057
0,200,0.3,1.087,-20.64787020331465,0.008540590879459447
1,200,0.3,1.087,-18.81730034563474,0.012959991658470142
2,200,0.3,1.087,-15.799666868905247,0.02563049515304097
0,200,0.1,0.0,-21.704120031240418,0.0067091028917392334
1,200,0.1,0.0,9.984069168570368,0.9087872960104458
2,200,0.1,0.0,212.21595146737997,1.0
0,200,0.1,1.087,-21.785822537937992,0.00658488974537218
1,200,0.1,1.087,-21.736625778538304,0.006659407718922096
2,200,0.1,1.087,-15.330542460858696,0.028470923656392026
0,200,0.1,1.638,-19.468676493950085,0.011175108308555668
1,200,0.1,1.638,-19.659343767782296,0.010700240199397594
2,200,0.1,1.638,-13.737865592751383,0.04057194736025074
0,50,0.1,1.087,-18.435503061034,0.014134080086418751
1,50,0.1,1.087,-17.70746007635916,0.01667066739180102
2,50,0.1,1.087,-14.059641603879943,0.03778404028649715
0,100,0.1,1.087,-18.152730838703985,0.015070650390672012
1,100,0.1,1.087,-22.12767411909428,0.0060894753599935805
2,100,0.1,1.087,-18.12239133323479,0.015174698271109639
0,200,0.1,1.087,-21.84946770781306,0.006489714579637863
1,200,0.1,1.087,-20.02488470374358,0.009844977420192127
2,200,0.1,1.087,-6.744532727218092,0.17465540787745998
0,200,0.0,1.087,-21.44704929992031,0.007115310941414977
1,200,0.0,1.087,-19.455521764965344,0.011208628917927092
2,200,0.0,1.087,-15.198369111219861,0.02932492872091752
0,200,0.1,1.087,-16.361640897956583,0.022589819889453314
1,200,0.1,1.087,-14.773313549380537,0.032242965738480164
2,200,0.1,1.087,-19.318561167122336,0.011563588239024694
0,200,0.2,1.087,-20.465346330098537,0.008903917482613823
1,200,0.2,1.087,-20.19640896849968,0.009467338460393559
2,200,0.2,1.087,-5.647133289510558,0.21411444881164057
0,200,0.3,1.087,-20.64787020331465,0.008540590879459447
1,200,0.3,1.087,-18.81730034563474,0.012959991658470142
2,200,0.3,1.087,-15.799666868905247,0.02563049515304097
0,200,0.1,0.0,-21.704120031240418,0.0067091028917392334
1,200,0.1,0.0,9.984069168570368,0.9087872960104458
2,200,0.1,0.0,212.21595146737997,1.0
0,200,0.1,1.087,-21.785822537937992,0.00658488974537218
1,200,0.1,1.087,-21.736625778538304,0.006659407718922096
2,200,0.1,1.087,-15.330542460858696,0.028470923656392026
0,200,0.1,1.638,-19.468676493950085,0.011175108308555668
1,200,0.1,1.638,-19.659343767782296,0.010700240199397594
2,200,0.1,1.638,-13.737865592751383,0.04057194736025074
0,50,0.1,1.087,-18.435503061034,0.014134080086418751
1,50,0.1,1.087,-17.70746007635916,0.01667066739180102
2,50,0.1,1.087,-14.059641603879943,0.03778404028649715
0,100,0.1,1.087,-18.152730838703985,0.015070650390672012
1,100,0.1,1.087,-22.12767411909428,0.0060894753599935805
2,100,0.1,1.087,-18.12239133323479,0.015174698271109639
0,200,0.1,1.087,-21.84946770781306,0.006489714579637863
1,200,0.1,1.087,-20.02488470374358,0.009844977420192127
2,200,0.1,1.087,-6.744532727218092,0.17465540787745998
0,200,0.0,1.087,-21.44704929992031,0.007115310941414977
1,200,0.0,1.087,-19.455521764965344,0.011208628917927092
2,200,0.0,1.087,-15.198369111219861,0.02932492872091752
0,200,0.1,1.087,-16.361640897956583,0.022589819889453314
1,200,0.1,1.087,-14.773313549380537,0.032242965738480164
2,200,0.1,1.087,-19.318561167122336,0.011563588239024694
0,200,0.2,1.087,-20.465346330098537,0.008903917482613823
1,200,0.2,1.087,-20.19640896849968,0.009467338460393559
2,200,0.2,1.087,-5.647133289510558,0.21411444881164057
0,200,0.3,1.087,-20.64787020331465,0.008540590879459447
1,200,0.3,1.087,-18.81730034563474,0.012959991658470142
2,200,0.3,1.087,-15.799666868905247,0.02563049515304097
0,200,0.1,0.0,-21.704120031240418,0.0067091028917392334
1,200,0.1,0.0,9.984069168570368,0.9087872960104458
2,200,0.1,0.0,212.21595146737997,1.0
0,200,0.1,1.087,-21.785822537937992,0.00658488974537218
1,200,0.1,1.087,-21.736625778538304,0.006659407718922096
2,200,0.1,1.087,-15.330542460858696,0.028470923656392026
0,200,0.1,1.638,-19.468676493950085,0.011175108308555668
1,200,0.1,1.638,-19.659343767782296,0.010700240199397594
2,200,0.1,1.638,-13.737865592751383,0.04057194736025074
0,50,0.1,1.087,-18.435503061034,0.014134080086418751
1,50,0.1,1.087,-17.70746007635916,0.01667066739180102
2,50,0.1,1.087,-14.059641603879943,0.03778404028649715
0,100,0.1,1.087,-18.152730838703985,0.015070650390672012
1,100,0.1,1.087,-22.12767411909428,0.0060894753599935805
2,100,0.1,1.087,-18.12239133323479,0.015174698271109639
0,200,0.1,1.087,-21.84946770781306,0.006489714579637863
1,200,0.1,1.087,-20.02488470374358,0.009844977420192127
2,200,0.1,1.087,-6.744532727218092,0.17465540787745998
0,200,0.0,1.087,-21.44704929992031,0.007115310941414977
1,200,0.0,1.087,-19.455521764965344,0.011208628917927092
2,200,0.0,1.087,-15.198369111219861,0.02932492872091752
0,200,0.1,1.087,-16.361640897956583,0.022589819889453314
1,200,0.1,1.087,-14.773313549380537,0.032242965738480164
2,200,0.1,1.087,-19.318561167122336,0.011563588239024694
0,200,0.2,1.087,-20.465346330098537,0.008903917482613823
1,200,0.2,1.087,-20.19640896849968,0.009467338460393559
2,200,0.2,1.087,-5.647133289510558,0.21411444881164057
0,200,0.3,1.087,-20.64787020331465,0.008540590879459447
1,200,0.3,1.087,-18.81730034563474,0.012959991658470142
2,200,0.3,1.087,-15.799666868905247,0.02563049515304097
0,200,0.1,0.0,-21.704120031240418,0.0067091028917392334
1,200,0.1,0.0,9.984069168570368,0.9087872960104458
2,200,0.1,0.0,212.21595146737997,1.0
0,200,0.1,1.087,-21.785822537937992,0.00658488974537218
1,200,0.1,1.087,-21.736625778538304,0.006659407718922096
2,200,0.1,1.087,-15.330542460858696,0.028470923656392026
0,200,0.1,1.638,-19.468676493950085,0.011175108308555668
1,200,0.1,1.638,-19.659343767782296,0.010700240199397594
2,200,0.1,1.638,-13.737865592751383,0.04057194736025074
0,50,0.1,1.087,-18.435503061034,0.014134080086418751
1,50,0.1,1.087,-17.70746007635916,0.01667066739180102
2,50,0.1,1.087,-14.059641603879943,0.03778404028649715
0,100,0.1,1.087,-18.152730838703985,0.015070650390672012
1,100,0.1,1.087,-22.12767411909428,0.0060894753599935805
2,100,0.1,1.087,-18.12239133323479,0.015174698271109639
0,200,0.1,1.087,-21.84946770781306,0.006489714579637863
1,200,0.1,1.087,-20.02488470374358,0.009844977420192127
2,200,0.1,1.087,-6.744532727218092,0.17465540787745998
0,200,0.0,1.087,-21.44704929992031,0.007115310941414977
1,200,0.0,1.087,-19.455521764965344,0.011208628917927092
2,200,0.0,1.087,-15.198369111219861,0.02932492872091752
0,200,0.1,1.087,-16.361640897956583,0.022589819889453314
1,200,0.1,1.087,-14.773313549380537,0.032242965738480164
2,200,0.1,1.087,-19.318561167122336,0.011563588239024694
0,200,0.2,1.087,-20.465346330098537,0.008903917482613823
1,200,0.2,1.087,-20.19640896849968,0.009467338460393559
2,200,0.2,1.087,-5.647133289510558,0.21411444881164057
0,200,0.3,1.087,-20.64787020331465,0.008540590879459447
1,200,0.3,1.087,-18.81730034563474,0.012959991658470142
2,200,0.3,1.087,-15.799666868905247,0.02563049515304097
0,200,0.1,0.0,-21.704120031240418,0.0067091028917392334
1,200,0.1,0.0,9.984069168570368,0.9087872960104458
2,200,0.1,0.0,212.21595146737997,1.0
0,200,0.1,1.087,-21.785822537937992,0.00658488974537218
1,200,0.1,1.087,-21.736625778538304,0.006659407718922096
2,200,0.1,1.087,-15.330542460858696,0.028470923656392026
0,200,0.1,1.638,-19.468676493950085,0.011175108308555668
1,200,0.1,1.638,-19.659343767782296,0.010700240199397594
2,200,0.1,1.638,-13.737865592751383,0.04057194736025074
0,50,0.1,1.087,-18.435503061034,0.014134080086418751
1,50,0.1,1.087,-17.70746007635916,0.01667066739180102
2,50,0.1,1.087,-14.059641603879943,0.03778404028649715
0,100,0.1,1.087,-18.152730838703985,0.015070650390672012
1,100,0.1,1.087,-22.12767411909428,0.0060894753599935805
2,100,0.1,1.087,-18.12239133323479,0.015174698271109639
0,200,0.1,1.087,-21.84946770781306,0.006489714579637863
1,200,0.1,1.087,-20.02488470374358,0.009844977420192127
2,200,0.1,1.087,-6.744532727218092,0.17465540787745998
0,200,0.0,1.087,-21.44704929992031,0.007115310941414977
1,200,0.0,1.087,-19.455521764965344,0.011208628917927092
2,200,0.0,1.087,-15.198369111219861,0.02932492872091752
0,200,0.1,1.087,-16.361640897956583,0.022589819889453314
1,200,0.1,1.087,-14.773313549380537,0.032242965738480164
2,200,0.1,1.087,-19.318561167122336,0.011563588239024694
0,200,0.2,1.087,-20.465346330098537,0.008903917482613823
1,200,0.2,1.087,-20.19640896849968,0.009467338460393559
2,200,0.2,1.087,-5.647133289510558,0.21411444881164057
0,200,0.3,1.087,-20.64787020331465,0.008540590879459447
1,200,0.3,1.087,-18.81730034563474,0.012959991658470142
2,200,0.3,1.087,-15.799666868905247,0.02563049515304097
0,200,0.1,0.0,-21.704120031240418,0.0067091028917392334
1,200,0.1,0.0,9.984069168570368,0.9087872960104458
2,200,0.1,0.0,212.21595146737997,1.0
0,200,0.1,1.087,-21.785822537937992,0.00658488974537218
1,200,0.1,1.087,-21.736625778538304,0.006659407718922096
2,200,0.1,1.087,-15.330542460858696,0.028470923656392026
0,200,0.1,1.638,-19.468676493950085,0.011175108308555668
1,200,0.1,1.638,-19.659343767782296,0.010700240199397594
2,200,0.1,1.638,-13.737865592751383,0.04057194736025074
0,50,0.1,1.087,-18.435503061034,0.014134080086418751
1,50,0.1,1.087,-17.70746007635916,0.01667066739180102
2,50,0.1,1.087,-14.059641603879943,0.03778404028649715
0,100,0.1,1.087,-18.152730838703985,0.015070650390672012
1,100,0.1,1.087,-22.12767411909428,0.0060894753599935805
2,100,0.1,1.087,-18.12239133323479,0.015174698271109639
0,200,0.1,1.087,-21.84946770781306,0.006489714579637863
1,200,0.1,1.087,-20.02488470374358,0.009844977420192127
2,200,0.1,1.087,-6.744532727218092,0.17465540787745998
0,200,0.0,1.087,-21.44704929992031,0.007115310941414977
1,200,0.0,1.087,-19.455521764965344,0.011208628917927092
2,200,0.0,1.087,-15.198369111219861,0.02932492872091752
0,200,0.1,1.087,-16.361640897956583,0.022589819889453314
1,200,0.1,1.087,-14.773313549380537,0.032242965738480164
2,200,0.1,1.087,-19.318561167122336,0.011563588239024694
0,200,0.2,1.087,-20.465346330098537,0.008903917482613823
1,200,0.2,1.087,-20.19640896849968,0.009467338460393559
2,200,0.2,1.087,-5.647133289510558,0.21411444881164057
0,200,0.3,1.087,-20.64787020331465,0.008540590879459447
1,200,0.3,1.087,-18.81730034563474,0.012959991658470142
2,200,0.3,1.087,-15.799666868905247,0.02563049515304097
0,200,0.1,0.0,-21.704120031240418,0.0067091028917392334
1,200,0.1,0.0,9.984069168570368,0.9087872960104458
2,200,0.1,0.0,212.21595146737997,1.0
0,200,0.1,1.087,-21.785822537937992,0.00658488974537218
1,200,0.1,1.087,-21.736625778538304,0.006659407718922096
2,200,0.1,1.087,-15.330542460858696,0.028470923656392026
0,200,0.1,1.638,-19.468676493950085,0.011175108308555668
1,200,0.1,1.638,-19.659343767782296,0.010700240199397594
2,200,0.1,1.638,-13.737865592751383,0.04057194736025074
0,50,0.1,1.087,-18.435503061034,0.014134080086418751
1,50,0.1,1.087,-17.70746007635916,0.01667066739180102
2,50,0.1,1.087,-14.059641603879943,0.03778404028649715
0,100,0.1,1.087,-18.152730838703985,0.015070650390672012
1,100,0.1,1.087,-22.12767411909428,0.0060894753599935805
2,100,0.1,1.087,-18.12239133323479,0.015174698271109639
0,200,0.1,1.087,-21.84946770781306,0.006489714579637863
1,200,0.1,1.087,-20.02488470374358,0.009844977420192127
2,200,0.1,1.087,-6.744532727218092,0.17465540787745998
0,200,0.0,1.087,-21.44704929992031,0.007115310941414977
1,200,0.0,1.087,-19.455521764965344,0.011208628917927092
2,200,0.0,1.087,-15.198369111219861,0.02932492872091752
0,200,0.1,1.087,-16.361640897956583,0.022589819889453314
1,200,0.1,1.087,-14.773313549380537,0.032242965738480164
2,200,0.1,1.087,-19.318561167122336,0.011563588239024694
0,200,0.2,1.087,-20.465346330098537,0.008903917482613823
1,200,0.2,1.087,-20.19640896849968,0.009467338460393559
2,200,0.2,1.087,-5.647133289510558,0.21411444881164057
0,200,0.3,1.087,-20.64787020331465,0.008540590879459447
1,200,0.3,1.087,-18.81730034563474,0.012959991658470142
2,200,0.3,1.087,-15.799666868905247,0.02563049515304097
0,200,0.1,0.0,-21.704120031240418,0.0067091028917392334
1,200,0.1,0.0,9.984069168570368,0.9087872960104458
2,200,0.1,0.0,212.21595146737997,1.0
0,200,0.1,1.087,-21.785822537937992,0.00658488974537218
1,200,0.1,1.087,-21.736625778538304,0.006659407718922096
2,200,0.1,1.087,-15.330542460858696,0.028470923656392026
0,200,0.1,1.638,-19.468676493950085,0.011175108308555668
1,200,0.1,1.638,-19.659343767782296,0.010700240199397594
2,200,0.1,1.638,-13.737865592751383,0.04057194736025074
0,50,0.1,1.087,-18.435503061034,0.014134080086418751
1,50,0.1,1.087,-17.70746007635916,0.01667066739180102
2,50,0.1,1.087,-14.059641603879943,0.03778404028649715
0,100,0.1,1.087,-18.152730838703985,0.015070650390672012
1,100,0.1,1.087,-22.12767411909428,0.0060894753599935805
2,100,0.1,1.087,-18.12239133323479,0.015174698271109639
0,200,0.1,1.087,-21.84946770781306,0.006489714579637863
1,200,0.1,1.087,-20.02488470374358,0.009844977420192127
2,200,0.1,1.087,-6.744532727218092,0.17465540787745998
0,200,0.0,1.087,-21.44704929992031,0.007115310941414977
1,200,0.0,1.087,-19.455521764965344,0.011208628917927092
2,200,0.0,1.087,-15.198369111219861,0.02932492872091752
0,200,0.1,1.087,-16.361640897956583,0.022589819889453314
1,200,0.1,1.087,-14.773313549380537,0.032242965738480164
2,200,0.1,1.087,-19.318561167122336,0.011563588239024694
0,200,0.2,1.087,-20.465346330098537,0.008903917482613823
1,200,0.2,1.087,-20.19640896849968,0.009467338460393559
2,200,0.2,1.087,-5.647133289510558,0.21411444881164057
0,200,0.3,1.087,-20.64787020331465,0.008540590879459447
1,200,0.3,1.087,-18.81730034563474,0.012959991658470142
2,200,0.3,1.087,-15.799666868905247,0.02563049515304097
0,200,0.1,0.0,-21.704120031240418,0.0067091028917392334
1,200,0.1,0.0,9.984069168570368,0.9087872960104458
2,200,0.1,0.0,212.21595146737997,1.0
0,200,0.1,1.087,-21.785822537937992,0.00658488974537218
1,200,0.1,1.087,-21.736625778538304,0.006659407718922096
2,200,0.1,1.087,-15.330542460858696,0.028470923656392026
0,200,0.1,1.638,-19.468676493950085,0.011175108308555668
1,200,0.1,1.638,-19.659343767782296,0.010700240199397594
2,200,0.1,1.638,-13.737865592751383,0.04057194736025074
0,50,0.1,1.087,-18.435503061034,0.014134080086418751
1,50,0.1,1.087,-17.70746007635916,0.01667066739180102
2,50,0.1,1.087,-14.059641603879943,0.03778404028649715
0,100,0.1,1.087,-18.152730838703985,0.015070650390672012
1,100,0.1,1.087,-22.12767411909428,0.0060894753599935805
2,100,0.1,1.087,-18.12239133323479,0.015174698271109639
0,200,0.1,1.087,-21.84946770781306,0.006489714579637863
1,200,0.1,1.087,-20.02488470374358,0.009844977420192127
2,200,0.1,1.087,-6.744532727218092,0.17465540787745998
0,200,0.0,1.087,-21.44704929992031,0.007115310941414977
1,200,0.0,1.087,-19.455521764965344,0.011208628917927092
2,200,0.0,1.087,-15.198369111219861,0.02932492872091752
0,200,0.1,1.087,-16.361640897956583,0.022589819889453314
1,200,0.1,1.087,-14.773313549380537,0.032242965738480164
2,200,0.1,1.087,-19.318561167122336,0.011563588239024694
0,200,0.2,1.087,-20.465346330098537,0.008903917482613823
1,200,0.2,1.087,-20.19640896849968,0.009467338460393559
2,200,0.2,1.087,-5.647133289510558,0.21411444881164057
0,200,0.3,1.087,-20.64787020331465,0.008540590879459447
1,200,0.3,1.087,-18.81730034563474,0.012959991658470142
2,200,0.3,1.087,-15.799666868905247,0.02563049515304097
0,200,0.1,0.0,-21.704120031240418,0.0067091028917392334
1,200,0.1,0.0,9.984069168570368,0.9087872960104458
2,200,0.1,0.0,212.21595146737997,1.0
0,200,0.1,1.087,-21.785822537937992,0.00658488974537218
1,200,0.1,1.087,-21.736625778538304,0.006659407718922096
2,200,0.1,1.087,-15.330542460858696,0.028470923656392026
0,200,0.1,1.638,-19.468676493950085,0.011175108308555668
1,200,0.1,1.638,-19.659343767782296,0.010700240199397594
2,200,0.1,1.638,-13.737865592751383,0.04057194736025074
0,50,0.1,1.087,-18.435503061034,0.014134080086418751
1,50,0.1,1.087,-17.70746007635916,0.01667066739180102
2,50,0.1,1.087,-14.059641603879943,0.03778404028649715
0,100,0.1,1.087,-18.152730838703985,0.015070650390672012
1,100,0.1,1.087,-22.12767411909428,0.0060894753599935805
2,100,0.1,1.087,-18.12239133323479,0.015174698271109639
0,200,0.1,1.087,-21.84946770781306,0.006489714579637863
1,200,0.1,1.087,-20.02488470374358,0.009844977420192127
2,200,0.1,1.087,-6.744532727218092,0.17465540787745998
0,200,0.0,1.087,-21.44704929992031,0.007115310941414977
1,200,0.0,1.087,-19.455521764965344,0.011208628917927092
2,200,0.0,1.087,-15.198369111219861,0.02932492872091752
0,200,0.1,1.087,-16.361640897956583,0.022589819889453314
1,200,0.1,1.087,-14.773313549380537,0.032242965738480164
2,200,0.1,1.087,-19.318561167122336,0.011563588239024694
0,200,0.2,1.087,-20.465346330098537,0.008903917482613823
1,200,0.2,1.087,-20.19640896849968,0.009467338460393559
2,200,0.2,1.087,-5.647133289510558,0.21411444881164057
0,200,0.3,1.087,-20.64787020331465,0.008540590879459447
1,200,0.3,1.087,-18.81730034563474,0.012959991658470142
2,200,0.3,1.087,-15.799666868905247,0.02563049515304097
0,200,0.1,0.0,-21.704120031240418,0.0067091028917392334
1,200,0.1,0.0,9.984069168570368,0.9087872960104458
2,200,0.1,0.0,212.21595146737997,1.0
0,200,0.1,1.087,-21.785822537937992,0.00658488974537218
1,200,0.1,1.087,-21.736625778538304,0.006659407718922096
2,200,0.1,1.087,-15.330542460858696,0.028470923656392026
0,200,0.1,1.638,-19.468676493950085,0.011175108308555668
1,200,0.1,1.638,-19.659343767782296,0.010700240199397594
2,200,0.1,1.638,-13.737865592751383,0.04057194736025074
0,50,0.1,1.087,-18.435503061034,0.014134080086418751
1,50,0.1,1.087,-17.70746007635916,0.01667066739180102
2,50,0.1,1.087,-14.059641603879943,0.03778404028649715
0,100,0.1,1.087,-18.152730838703985,0.015070650390672012
1,100,0.1,1.087,-22.12767411909428,0.0060894753599935805
2,100,0.1,1.087,-18.12239133323479,0.015174698271109639
0,200,0.1,1.087,-21.84946770781306,0.006489714579637863
1,200,0.1,1.087,-20.02488470374358,0.009844977420192127
2,200,0.1,1.087,-6.744532727218092,0.17465540787745998
0,200,0.0,1.087,-21.44704929992031,0.007115310941414977
1,200,0.0,1.087,-19.455521764965344,0.011208628917927092
2,200,0.0,1.087,-15.198369111219861,0.02932492872091752
0,200,0.1,1.087,-16.361640897956583,0.022589819889453314
1,200,0.1,1.087,-14.773313549380537,0.032242965738480164
2,200,0.1,1.087,-19.318561167122336,0.011563588239024694
0,200,0.2,1.087,-20.465346330098537,0.008903917482613823
1,200,0.2,1.087,-20.19640896849968,0.009467338460393559
2,200,0.2,1.087,-5.647133289510558,0.21411444881164057
0,200,0.3,1.087,-20.64787020331465,0.008540590879459447
1,200,0.3,1.087,-18.81730034563474,0.012959991658470142
2,200,0.3,1.087,-15.799666868905247,0.02563049515304097
0,200,0.1,0.0,-21.704120031240418,0.0067091028917392334
1,200,0.1,0.0,9.984069168570368,0.9087872960104458
2,200,0.1,0.0,212.21595146737997,1.0
0,200,0.1,1.087,-21.785822537937992,0.00658488974537218
1,200,0.1,1.087,-21.736625778538304,0.006659407718922096
2,200,0.1,1.087,-15.330542460858696,0.028470923656392026
0,200,0.1,1.638,-19.468676493950085,0.011175108308555668
1,200,0.1,1.638,-19.659343767782296,0.010700240199397594
2,200,0.1,1.638,-13.737865592751383,0.04057194736025074
0,50,0.1,1.087,-18.435503061034,0.014134080086418751
1,50,0.1,1.087,-17.70746007635916,0.01667066739180102
2,50,0.1,1.087,-14.059641603879943,0.03778404028649715
0,100,0.1,1.087,-18.152730838703985,0.015070650390672012
1,100,0.1,1.087,-22.12767411909428,0.0060894753599935805
2,100,0.1,1.087,-18.12239133323479,0.015174698271109639
0,200,0.1,1.087,-21.84946770781306,0.006489714579637863
1,200,0.1,1.087,-20.02488470374358,0.009844977420192127
2,200,0.1,1.087,-6.744532727218092,0.17465540787745998
0,200,0.0,1.087,-21.44704929992031,0.007115310941414977
1,200,0.0,1.087,-19.455521764965344,0.011208628917927092
2,200,0.0,1.087,-15.198369111219861,0.02932492872091752
0,200,0.1,1.087,-16.361640897956583,0.022589819889453314
1,200,0.1,1.087,-14.773313549380537,0.032242965738480164
2,200,0.1,1.087,-19.318561167122336,0.011563588239024694
0,200,0.2,1.087,-20.465346330098537,0.008903917482613823
1,200,0.2,1.087,-20.19640896849968,0.009467338460393559
2,200,0.2,1.087,-5.647133289510558,0.21411444881164057
0,200,0.3,1.087,-20.64787020331465,0.008540590879459447
1,200,0.3,1.087,-18.81730034563474,0.012959991658470142
2,200,0.3,1.087,-15.799666868905247,0.02563049515304097
0,200,0.1,0.0,-21.704120031240418,0.0067091028917392334
1,200,0.1,0.0,9.984069168570368,0.9087872960104458
2,200,0.1,0.0,212.21595146737997,1.0
0,200,0.1,1.087,-21.785822537937992,0.00658488974537218
1,200,0.1,1.087,-21.736625778538304,0.006659407718922096
2,200,0.1,1.087,-15.330542460858696,0.028470923656392026
0,200,0.1,1.638,-19.468676493950085,0.011175108308555668
1,200,0.1,1.638,-19.659343767782296,0.010700240199397594
2,200,0.1,1.638,-13.737865592751383,0.04057194736025074
0,50,0.1,1.087,-18.435503061034,0.014134080086418751
1,50,0.1,1.087,-17.70746007635916,0.01667066739180102
2,50,0.1,1.087,-14.059641603879943,0.03778404028649715
0,100,0.1,1.087,-18.152730838703985,0.015070650390672012
1,100,0.1,1.087,-22.12767411909428,0.0060894753599935805
2,100,0.1,1.087,-18.12239133323479,0.015174698271109639
0,200,0.1,1.087,-21.84946770781306,0.006489714579637863
1,200,0.1,1.087,-20.02488470374358,0.009844977420192127
2,200,0.1,1.087,-6.744532727218092,0.17465540787745998
0,200,0.0,1.087,-21.44704929992031,0.007115310941414977
1,200,0.0,1.087,-19.455521764965344,0.011208628917927092
2,200,0.0,1.087,-15.198369111219861,0.02932492872091752
0,200,0.1,1.087,-16.361640897956583,0.022589819889453314
1,200,0.1,1.087,-14.773313549380537,0.032242965738480164
2,200,0.1,1.087,-19.318561167122336,0.011563588239024694
0,200,0.2,1.087,-20.465346330098537,0.008903917482613823
1,200,0.2,1.087,-20.19640896849968,0.009467338460393559
2,200,0.2,1.087,-5.647133289510558,0.21411444881164057
0,200,0.3,1.087,-20.64787020331465,0.008540590879459447
1,200,0.3,1.087,-18.81730034563474,0.012959991658470142
2,200,0.3,1.087,-15.799666868905247,0.02563049515304097
0,200,0.1,0.0,-21.704120031240418,0.0067091028917392334
1,200,0.1,0.0,9.984069168570368,0.9087872960104458
2,200,0.1,0.0,212.21595146737997,1.0
0,200,0.1,1.087,-21.785822537937992,0.00658488974537218
1,200,0.1,1.087,-21.736625778538304,0.006659407718922096
2,200,0.1,1.087,-15.330542460858696,0.028470923656392026
0,200,0.1,1.638,-19.468676493950085,0.011175108308555668
1,200,0.1,1.638,-19.659343767782296,0.010700240199397594
2,200,0.1,1.638,-13.737865592751383,0.04057194736025074
0,50,0.1,1.087,-21.322966282272358,0.007320026147148234
1,50,0.1,1.087,-21.20102413165555,0.007526903184455484
2,50,0.1,1.087,-13.389367941073067,0.043813294136614576
0,100,0.1,1.087,-21.96443023478054,0.00632125017839816
1,100,0.1,1.087,-17.905764537098822,0.015938440067771734
2,100,0.1,1.087,-11.342665896871758,0.06838632489261696
0,200,0.1,1.087,-21.741141011207038,0.006652533760919136
1,200,0.1,1.087,-20.792495479330356,0.008263173891883345
2,200,0.1,1.087,-10.16425863949128,0.08783129835240239
0,200,0.0,1.087,-21.428947471705627,0.00714481782370742
1,200,0.0,1.087,-16.358208369043982,0.022607277443683217
2,200,0.0,1.087,-17.3350959452994,0.018136009647164383
0,200,0.1,1.087,-21.037587556288003,0.007813302600377164
1,200,0.1,1.087,-15.267885344770225,0.028872714861386782
2,200,0.1,1.087,6.742057386963307,0.8252624154655008
0,200,0.2,1.087,-21.278503902989293,0.007394795321311576
1,200,0.2,1.087,-21.831982166232745,0.006515725513293246
2,200,0.2,1.087,-12.00725767053066,0.05925771466759419
0,200,0.3,1.087,-21.709378986818667,0.006701038034134063
1,200,0.3,1.087,-22.19705148524923,0.005993548920075158
2,200,0.3,1.087,-22.160734623609596,0.006043574543390742
0,200,0.1,0.0,-22.353117252437382,0.005783215363831844
1,200,0.1,0.0,18.079729960371985,0.9846777991744856
2,200,0.1,0.0,283.5828816195853,1.0
0,200,0.1,1.087,-22.041814201665723,0.006210306977571936
1,200,0.1,1.087,-18.994357131692794,0.012448698607868151
2,200,0.1,1.087,-17.13768108247595,0.018963438383260884
0,200,0.1,1.638,-21.370115552737516,0.007241558332714521
1,200,0.1,1.638,-19.005618803918203,0.01241686006164918
2,200,0.1,1.638,-20.325559820018377,0.009192492970455815
0,50,0.1,1.087,-21.322966282272358,0.007320026147148234
1,50,0.1,1.087,-21.20102413165555,0.007526903184455484
2,50,0.1,1.087,-13.389367941073067,0.043813294136614576
0,100,0.1,1.087,-21.96443023478054,0.00632125017839816
1,100,0.1,1.087,-17.905764537098822,0.015938440067771734
2,100,0.1,1.087,-11.342665896871758,0.06838632489261696
0,200,0.1,1.087,-21.741141011207038,0.006652533760919136
1,200,0.1,1.087,-20.792495479330356,0.008263173891883345
2,200,0.1,1.087,-10.16425863949128,0.08783129835240239
0,200,0.0,1.087,-21.428947471705627,0.00714481782370742
1,200,0.0,1.087,-16.358208369043982,0.022607277443683217
2,200,0.0,1.087,-17.3350959452994,0.018136009647164383
0,200,0.1,1.087,-21.037587556288003,0.007813302600377164
1,200,0.1,1.087,-15.267885344770225,0.028872714861386782
2,200,0.1,1.087,6.742057386963307,0.8252624154655008
0,200,0.2,1.087,-21.278503902989293,0.007394795321311576
1,200,0.2,1.087,-21.831982166232745,0.006515725513293246
2,200,0.2,1.087,-12.00725767053066,0.05925771466759419
0,200,0.3,1.087,-21.709378986818667,0.006701038034134063
1,200,0.3,1.087,-22.19705148524923,0.005993548920075158
2,200,0.3,1.087,-22.160734623609596,0.006043574543390742
0,200,0.1,0.0,-22.353117252437382,0.005783215363831844
1,200,0.1,0.0,18.079729960371985,0.9846777991744856
2,200,0.1,0.0,283.5828816195853,1.0
0,200,0.1,1.087,-22.041814201665723,0.006210306977571936
1,200,0.1,1.087,-18.994357131692794,0.012448698607868151
2,200,0.1,1.087,-17.13768108247595,0.018963438383260884
0,200,0.1,1.638,-21.370115552737516,0.007241558332714521
1,200,0.1,1.638,-19.005618803918203,0.01241686006164918
2,200,0.1,1.638,-20.325559820018377,0.009192492970455815
0,50,0.1,1.087,-21.322966282272358,0.007320026147148234
1,50,0.1,1.087,-21.20102413165555,0.007526903184455484
2,50,0.1,1.087,-13.389367941073067,0.043813294136614576
0,100,0.1,1.087,-21.96443023478054,0.00632125017839816
1,100,0.1,1.087,-17.905764537098822,0.015938440067771734
2,100,0.1,1.087,-11.342665896871758,0.06838632489261696
0,200,0.1,1.087,-21.741141011207038,0.006652533760919136
1,200,0.1,1.087,-20.792495479330356,0.008263173891883345
2,200,0.1,1.087,-10.16425863949128,0.08783129835240239
0,200,0.0,1.087,-21.428947471705627,0.00714481782370742
1,200,0.0,1.087,-16.358208369043982,0.022607277443683217
2,200,0.0,1.087,-17.3350959452994,0.018136009647164383
0,200,0.1,1.087,-21.037587556288003,0.007813302600377164
1,200,0.1,1.087,-15.267885344770225,0.028872714861386782
2,200,0.1,1.087,6.742057386963307,0.8252624154655008
0,200,0.2,1.087,-21.278503902989293,0.007394795321311576
1,200,0.2,1.087,-21.831982166232745,0.006515725513293246
2,200,0.2,1.087,-12.00725767053066,0.05925771466759419
0,200,0.3,1.087,-21.709378986818667,0.006701038034134063
1,200,0.3,1.087,-22.19705148524923,0.005993548920075158
2,200,0.3,1.087,-22.160734623609596,0.006043574543390742
0,200,0.1,0.0,-22.353117252437382,0.005783215363831844
1,200,0.1,0.0,18.079729960371985,0.9846777991744856
2,200,0.1,0.0,283.5828816195853,1.0
0,200,0.1,1.087,-22.041814201665723,0.006210306977571936
1,200,0.1,1.087,-18.994357131692794,0.012448698607868151
2,200,0.1,1.087,-17.13768108247595,0.018963438383260884
0,200,0.1,1.638,-21.370115552737516,0.007241558332714521
1,200,0.1,1.638,-19.005618803918203,0.01241686006164918
2,200,0.1,1.638,-20.325559820018377,0.009192492970455815
0,50,0.1,1.087,-21.322966282272358,0.007320026147148234
1,50,0.1,1.087,-21.20102413165555,0.007526903184455484
2,50,0.1,1.087,-13.389367941073067,0.043813294136614576
0,100,0.1,1.087,-21.96443023478054,0.00632125017839816
1,100,0.1,1.087,-17.905764537098822,0.015938440067771734
2,100,0.1,1.087,-11.342665896871758,0.06838632489261696
0,200,0.1,1.087,-21.741141011207038,0.006652533760919136
1,200,0.1,1.087,-20.792495479330356,0.008263173891883345
2,200,0.1,1.087,-10.16425863949128,0.08783129835240239
0,200,0.0,1.087,-21.428947471705627,0.00714481782370742
1,200,0.0,1.087,-16.358208369043982,0.022607277443683217
2,200,0.0,1.087,-17.3350959452994,0.018136009647164383
0,200,0.1,1.087,-21.037587556288003,0.007813302600377164
1,200,0.1,1.087,-15.267885344770225,0.028872714861386782
2,200,0.1,1.087,6.742057386963307,0.8252624154655008
0,200,0.2,1.087,-21.278503902989293,0.007394795321311576
1,200,0.2,1.087,-21.831982166232745,0.006515725513293246
2,200,0.2,1.087,-12.00725767053066,0.05925771466759419
0,200,0.3,1.087,-21.709378986818667,0.006701038034134063
1,200,0.3,1.087,-22.19705148524923,0.005993548920075158
2,200,0.3,1.087,-22.160734623609596,0.006043574543390742
0,200,0.1,0.0,-22.353117252437382,0.005783215363831844
1,200,0.1,0.0,18.079729960371985,0.9846777991744856
2,200,0.1,0.0,283.5828816195853,1.0
0,200,0.1,1.087,-22.041814201665723,0.006210306977571936
1,200,0.1,1.087,-18.994357131692794,0.012448698607868151
2,200,0.1,1.087,-17.13768108247595,0.018963438383260884
0,200,0.1,1.638,-21.370115552737516,0.007241558332714521
1,200,0.1,1.638,-19.005618803918203,0.01241686006164918
2,200,0.1,1.638,-20.325559820018377,0.009192492970455815
0,50,0.1,1.087,-21.322966282272358,0.007320026147148234
1,50,0.1,1.087,-21.20102413165555,0.007526903184455484
2,50,0.1,1.087,-13.389367941073067,0.043813294136614576
0,100,0.1,1.087,-21.96443023478054,0.00632125017839816
1,100,0.1,1.087,-17.905764537098822,0.015938440067771734
2,100,0.1,1.087,-11.342665896871758,0.06838632489261696
0,200,0.1,1.087,-21.741141011207038,0.006652533760919136
1,200,0.1,1.087,-20.792495479330356,0.008263173891883345
2,200,0.1,1.087,-10.16425863949128,0.08783129835240239
0,200,0.0,1.087,-21.428947471705627,0.00714481782370742
1,200,0.0,1.087,-16.358208369043982,0.022607277443683217
2,200,0.0,1.087,-17.3350959452994,0.018136009647164383
0,200,0.1,1.087,-21.037587556288003,0.007813302600377164
1,200,0.1,1.087,-15.267885344770225,0.028872714861386782
2,200,0.1,1.087,6.742057386963307,0.8252624154655008
0,200,0.2,1.087,-21.278503902989293,0.007394795321311576
1,200,0.2,1.087,-21.831982166232745,0.006515725513293246
2,200,0.2,1.087,-12.00725767053066,0.05925771466759419
0,200,0.3,1.087,-21.709378986818667,0.006701038034134063
1,200,0.3,1.087,-22.19705148524923,0.005993548920075158
2,200,0.3,1.087,-22.160734623609596,0.006043574543390742
0,200,0.1,0.0,-22.353117252437382,0.005783215363831844
1,200,0.1,0.0,18.079729960371985,0.9846777991744856
2,200,0.1,0.0,283.5828816195853,1.0
0,200,0.1,1.087,-22.041814201665723,0.006210306977571936
1,200,0.1,1.087,-18.994357131692794,0.012448698607868151
2,200,0.1,1.087,-17.13768108247595,0.018963438383260884
0,200,0.1,1.638,-21.370115552737516,0.007241558332714521
1,200,0.1,1.638,-19.005618803918203,0.01241686006164918
2,200,0.1,1.638,-20.325559820018377,0.009192492970455815
0,50,0.1,1.087,-21.322966282272358,0.007320026147148234
1,50,0.1,1.087,-21.20102413165555,0.007526903184455484
2,50,0.1,1.087,-13.389367941073067,0.043813294136614576
0,100,0.1,1.087,-21.96443023478054,0.00632125017839816
1,100,0.1,1.087,-17.905764537098822,0.015938440067771734
2,100,0.1,1.087,-11.342665896871758,0.06838632489261696
0,200,0.1,1.087,-21.741141011207038,0.006652533760919136
1,200,0.1,1.087,-20.792495479330356,0.008263173891883345
2,200,0.1,1.087,-10.16425863949128,0.08783129835240239
0,200,0.0,1.087,-21.428947471705627,0.00714481782370742
1,200,0.0,1.087,-16.358208369043982,0.022607277443683217
2,200,0.0,1.087,-17.3350959452994,0.018136009647164383
0,200,0.1,1.087,-21.037587556288003,0.007813302600377164
1,200,0.1,1.087,-15.267885344770225,0.028872714861386782
2,200,0.1,1.087,6.742057386963307,0.8252624154655008
0,200,0.2,1.087,-21.278503902989293,0.007394795321311576
1,200,0.2,1.087,-21.831982166232745,0.006515725513293246
2,200,0.2,1.087,-12.00725767053066,0.05925771466759419
0,200,0.3,1.087,-21.709378986818667,0.006701038034134063
1,200,0.3,1.087,-22.19705148524923,0.005993548920075158
2,200,0.3,1.087,-22.160734623609596,0.006043574543390742
0,200,0.1,0.0,-22.353117252437382,0.005783215363831844
1,200,0.1,0.0,18.079729960371985,0.9846777991744856
2,200,0.1,0.0,283.5828816195853,1.0
0,200,0.1,1.087,-22.041814201665723,0.006210306977571936
1,200,0.1,1.087,-18.994357131692794,0.012448698607868151
2,200,0.1,1.087,-17.13768108247595,0.018963438383260884
0,200,0.1,1.638,-21.370115552737516,0.007241558332714521
1,200,0.1,1.638,-19.005618803918203,0.01241686006164918
2,200,0.1,1.638,-20.325559820018377,0.009192492970455815
0,50,0.1,1.087,-21.322966282272358,0.007320026147148234
1,50,0.1,1.087,-21.20102413165555,0.007526903184455484
2,50,0.1,1.087,-13.389367941073067,0.043813294136614576
0,100,0.1,1.087,-21.96443023478054,0.00632125017839816
1,100,0.1,1.087,-17.905764537098822,0.015938440067771734
2,100,0.1,1.087,-11.342665896871758,0.06838632489261696
0,200,0.1,1.087,-21.741141011207038,0.006652533760919136
1,200,0.1,1.087,-20.792495479330356,0.008263173891883345
2,200,0.1,1.087,-10.16425863949128,0.08783129835240239
0,200,0.0,1.087,-21.428947471705627,0.00714481782370742
1,200,0.0,1.087,-16.358208369043982,0.022607277443683217
2,200,0.0,1.087,-17.3350959452994,0.018136009647164383
0,200,0.1,1.087,-21.037587556288003,0.007813302600377164
1,200,0.1,1.087,-15.267885344770225,0.028872714861386782
2,200,0.1,1.087,6.742057386963307,0.8252624154655008
0,200,0.2,1.087,-21.278503902989293,0.007394795321311576
1,200,0.2,1.087,-21.831982166232745,0.006515725513293246
2,200,0.2,1.087,-12.00725767053066,0.05925771466759419
0,200,0.3,1.087,-21.709378986818667,0.006701038034134063
1,200,0.3,1.087,-22.19705148524923,0.005993548920075158
2,200,0.3,1.087,-22.160734623609596,0.006043574543390742
0,200,0.1,0.0,-22.353117252437382,0.005783215363831844
1,200,0.1,0.0,18.079729960371985,0.9846777991744856
2,200,0.1,0.0,283.5828816195853,1.0
0,200,0.1,1.087,-22.041814201665723,0.006210306977571936
1,200,0.1,1.087,-18.994357131692794,0.012448698607868151
2,200,0.1,1.087,-17.13768108247595,0.018963438383260884
0,200,0.1,1.638,-21.370115552737516,0.007241558332714521
1,200,0.1,1.638,-19.005618803918203,0.01241686006164918
2,200,0.1,1.638,-20.325559820018377,0.009192492970455815
0,50,0.1,1.087,-21.322966282272358,0.007320026147148234
1,50,0.1,1.087,-21.20102413165555,0.007526903184455484
2,50,0.1,1.087,-13.389367941073067,0.043813294136614576
0,100,0.1,1.087,-21.96443023478054,0.00632125017839816
1,100,0.1,1.087,-17.905764537098822,0.015938440067771734
2,100,0.1,1.087,-11.342665896871758,0.06838632489261696
0,200,0.1,1.087,-21.741141011207038,0.006652533760919136
1,200,0.1,1.087,-20.792495479330356,0.008263173891883345
2,200,0.1,1.087,-10.16425863949128,0.08783129835240239
0,200,0.0,1.087,-21.428947471705627,0.00714481782370742
1,200,0.0,1.087,-16.358208369043982,0.022607277443683217
2,200,0.0,1.087,-17.3350959452994,0.018136009647164383
0,200,0.1,1.087,-21.037587556288003,0.007813302600377164
1,200,0.1,1.087,-15.267885344770225,0.028872714861386782
2,200,0.1,1.087,6.742057386963307,0.8252624154655008
0,200,0.2,1.087,-21.278503902989293,0.007394795321311576
1,200,0.2,1.087,-21.831982166232745,0.006515725513293246
2,200,0.2,1.087,-12.00725767053066,0.05925771466759419
0,200,0.3,1.087,-21.709378986818667,0.006701038034134063
1,200,0.3,1.087,-22.19705148524923,0.005993548920075158
2,200,0.3,1.087,-22.160734623609596,0.006043574543390742
0,200,0.1,0.0,-22.353117252437382,0.005783215363831844
1,200,0.1,0.0,18.079729960371985,0.9846777991744856
2,200,0.1,0.0,283.5828816195853,1.0
0,200,0.1,1.087,-22.041814201665723,0.006210306977571936
1,200,0.1,1.087,-18.994357131692794,0.012448698607868151
2,200,0.1,1.087,-17.13768108247595,0.018963438383260884
0,200,0.1,1.638,-21.370115552737516,0.007241558332714521
1,200,0.1,1.638,-19.005618803918203,0.01241686006164918
2,200,0.1,1.638,-20.325559820018377,0.009192492970455815
0,50,0.1,1.087,-21.322966282272358,0.007320026147148234
1,50,0.1,1.087,-21.20102413165555,0.007526903184455484
2,50,0.1,1.087,-13.389367941073067,0.043813294136614576
0,100,0.1,1.087,-21.96443023478054,0.00632125017839816
1,100,0.1,1.087,-17.905764537098822,0.015938440067771734
2,100,0.1,1.087,-11.342665896871758,0.06838632489261696
0,200,0.1,1.087,-21.741141011207038,0.006652533760919136
1,200,0.1,1.087,-20.792495479330356,0.008263173891883345
2,200,0.1,1.087,-10.16425863949128,0.08783129835240239
0,200,0.0,1.087,-21.428947471705627,0.00714481782370742
1,200,0.0,1.087,-16.358208369043982,0.022607277443683217
2,200,0.0,1.087,-17.3350959452994,0.018136009647164383
0,200,0.1,1.087,-21.037587556288003,0.007813302600377164
1,200,0.1,1.087,-15.267885344770225,0.028872714861386782
2,200,0.1,1.087,6.742057386963307,0.8252624154655008
0,200,0.2,1.087,-21.278503902989293,0.007394795321311576
1,200,0.2,1.087,-21.831982166232745,0.006515725513293246
2,200,0.2,1.087,-12.00725767053066,0.05925771466759419
0,200,0.3,1.087,-21.709378986818667,0.006701038034134063
1,200,0.3,1.087,-22.19705148524923,0.005993548920075158
2,200,0.3,1.087,-22.160734623609596,0.006043574543390742
0,200,0.1,0.0,-22.353117252437382,0.005783215363831844
1,200,0.1,0.0,18.079729960371985,0.9846777991744856
2,200,0.1,0.0,283.5828816195853,1.0
0,200,0.1,1.087,-22.041814201665723,0.006210306977571936
1,200,0.1,1.087,-18.994357131692794,0.012448698607868151
2,200,0.1,1.087,-17.13768108247595,0.018963438383260884
0,200,0.1,1.638,-21.370115552737516,0.007241558332714521
1,200,0.1,1.638,-19.005618803918203,0.01241686006164918
2,200,0.1,1.638,-20.325559820018377,0.009192492970455815
0,50,0.1,1.087,-21.322966282272358,0.007320026147148234
1,50,0.1,1.087,-21.20102413165555,0.007526903184455484
2,50,0.1,1.087,-13.389367941073067,0.043813294136614576
0,100,0.1,1.087,-21.96443023478054,0.00632125017839816
1,100,0.1,1.087,-17.905764537098822,0.015938440067771734
2,100,0.1,1.087,-11.342665896871758,0.06838632489261696
0,200,0.1,1.087,-21.741141011207038,0.006652533760919136
1,200,0.1,1.087,-20.792495479330356,0.008263173891883345
2,200,0.1,1.087,-10.16425863949128,0.08783129835240239
0,200,0.0,1.087,-21.428947471705627,0.00714481782370742
1,200,0.0,1.087,-16.358208369043982,0.022607277443683217
2,200,0.0,1.087,-17.3350959452994,0.018136009647164383
0,200,0.1,1.087,-21.037587556288003,0.007813302600377164
1,200,0.1,1.087,-15.267885344770225,0.028872714861386782
2,200,0.1,1.087,6.742057386963307,0.8252624154655008
0,200,0.2,1.087,-21.278503902989293,0.007394795321311576
1,200,0.2,1.087,-21.831982166232745,0.006515725513293246
2,200,0.2,1.087,-12.00725767053066,0.05925771466759419
0,200,0.3,1.087,-21.709378986818667,0.006701038034134063
1,200,0.3,1.087,-22.19705148524923,0.005993548920075158
2,200,0.3,1.087,-22.160734623609596,0.006043574543390742
0,200,0.1,0.0,-22.353117252437382,0.005783215363831844
1,200,0.1,0.0,18.079729960371985,0.9846777991744856
2,200,0.1,0.0,283.5828816195853,1.0
0,200,0.1,1.087,-22.041814201665723,0.006210306977571936
1,200,0.1,1.087,-18.994357131692794,0.012448698607868151
2,200,0.1,1.087,-17.13768108247595,0.018963438383260884
0,200,0.1,1.638,-21.370115552737516,0.007241558332714521
1,200,0.1,1.638,-19.005618803918203,0.01241686006164918
2,200,0.1,1.638,-20.325559820018377,0.009192492970455815
0,50,0.1,1.087,-21.322966282272358,0.007320026147148234
1,50,0.1,1.087,-21.20102413165555,0.007526903184455484
2,50,0.1,1.087,-13.389367941073067,0.043813294136614576
0,100,0.1,1.087,-21.96443023478054,0.00632125017839816
1,100,0.1,1.087,-17.905764537098822,0.015938440067771734
2,100,0.1,1.087,-11.342665896871758,0.06838632489261696
0,200,0.1,1.087,-21.741141011207038,0.006652533760919136
1,200,0.1,1.087,-20.792495479330356,0.008263173891883345
2,200,0.1,1.087,-10.16425863949128,0.08783129835240239
0,200,0.0,1.087,-21.428947471705627,0.00714481782370742
1,200,0.0,1.087,-16.358208369043982,0.022607277443683217
2,200,0.0,1.087,-17.3350959452994,0.018136009647164383
0,200,0.1,1.087,-21.037587556288003,0.007813302600377164
1,200,0.1,1.087,-15.267885344770225,0.028872714861386782
2,200,0.1,1.087,6.742057386963307,0.8252624154655008
0,200,0.2,1.087,-21.278503902989293,0.007394795321311576
1,200,0.2,1.087,-21.831982166232745,0.006515725513293246
2,200,0.2,1.087,-12.00725767053066,0.05925771466759419
0,200,0.3,1.087,-21.709378986818667,0.006701038034134063
1,200,0.3,1.087,-22.19705148524923,0.005993548920075158
2,200,0.3,1.087,-22.160734623609596,0.006043574543390742
0,200,0.1,0.0,-22.353117252437382,0.005783215363831844
1,200,0.1,0.0,18.079729960371985,0.9846777991744856
2,200,0.1,0.0,283.5828816195853,1.0
0,200,0.1,1.087,-22.041814201665723,0.006210306977571936
1,200,0.1,1.087,-18.994357131692794,0.012448698607868151
2,200,0.1,1.087,-17.13768108247595,0.018963438383260884
0,200,0.1,1.638,-21.370115552737516,0.007241558332714521
1,200,0.1,1.638,-19.005618803918203,0.01241686006164918
2,200,0.1,1.638,-20.325559820018377,0.009192492970455815
0,50,0.1,1.087,-21.322966282272358,0.007320026147148234
1,50,0.1,1.087,-21.20102413165555,0.007526903184455484
2,50,0.1,1.087,-13.389367941073067,0.043813294136614576
0,100,0.1,1.087,-21.96443023478054,0.00632125017839816
1,100,0.1,1.087,-17.905764537098822,0.015938440067771734
2,100,0.1,1.087,-11.342665896871758,0.06838632489261696
0,200,0.1,1.087,-21.741141011207038,0.006652533760919136
1,200,0.1,1.087,-20.792495479330356,0.008263173891883345
2,200,0.1,1.087,-10.16425863949128,0.08783129835240239
0,200,0.0,1.087,-21.428947471705627,0.00714481782370742
1,200,0.0,1.087,-16.358208369043982,0.022607277443683217
2,200,0.0,1.087,-17.3350959452994,0.018136009647164383
0,200,0.1,1.087,-21.037587556288003,0.007813302600377164
1,200,0.1,1.087,-15.267885344770225,0.028872714861386782
2,200,0.1,1.087,6.742057386963307,0.8252624154655008
0,200,0.2,1.087,-21.278503902989293,0.007394795321311576
1,200,0.2,1.087,-21.831982166232745,0.006515725513293246
2,200,0.2,1.087,-12.00725767053066,0.05925771466759419
0,200,0.3,1.087,-21.709378986818667,0.006701038034134063
1,200,0.3,1.087,-22.19705148524923,0.005993548920075158
2,200,0.3,1.087,-22.160734623609596,0.006043574543390742
0,200,0.1,0.0,-22.353117252437382,0.005783215363831844
1,200,0.1,0.0,18.079729960371985,0.9846777991744856
2,200,0.1,0.0,283.5828816195853,1.0
0,200,0.1,1.087,-22.041814201665723,0.006210306977571936
1,200,0.1,1.087,-18.994357131692794,0.012448698607868151
2,200,0.1,1.087,-17.13768108247595,0.018963438383260884
0,200,0.1,1.638,-21.370115552737516,0.007241558332714521
1,200,0.1,1.638,-19.005618803918203,0.01241686006164918
2,200,0.1,1.638,-20.325559820018377,0.009192492970455815
0,50,0.1,1.087,-21.322966282272358,0.007320026147148234
1,50,0.1,1.087,-21.20102413165555,0.007526903184455484
2,50,0.1,1.087,-13.389367941073067,0.043813294136614576
0,100,0.1,1.087,-21.96443023478054,0.00632125017839816
1,100,0.1,1.087,-17.905764537098822,0.015938440067771734
2,100,0.1,1.087,-11.342665896871758,0.06838632489261696
0,200,0.1,1.087,-21.741141011207038,0.006652533760919136
1,200,0.1,1.087,-20.792495479330356,0.008263173891883345
2,200,0.1,1.087,-10.16425863949128,0.08783129835240239
0,200,0.0,1.087,-21.428947471705627,0.00714481782370742
1,200,0.0,1.087,-16.358208369043982,0.022607277443683217
2,200,0.0,1.087,-17.3350959452994,0.018136009647164383
0,200,0.1,1.087,-21.037587556288003,0.007813302600377164
1,200,0.1,1.087,-15.267885344770225,0.028872714861386782
2,200,0.1,1.087,6.742057386963307,0.8252624154655008
0,200,0.2,1.087,-21.278503902989293,0.007394795321311576
1,200,0.2,1.087,-21.831982166232745,0.006515725513293246
2,200,0.2,1.087,-12.00725767053066,0.05925771466759419
0,200,0.3,1.087,-21.709378986818667,0.006701038034134063
1,200,0.3,1.087,-22.19705148524923,0.005993548920075158
2,200,0.3,1.087,-22.160734623609596,0.006043574543390742
0,200,0.1,0.0,-22.353117252437382,0.005783215363831844
1,200,0.1,0.0,18.079729960371985,0.9846777991744856
2,200,0.1,0.0,283.5828816195853,1.0
0,200,0.1,1.087,-22.041814201665723,0.006210306977571936
1,200,0.1,1.087,-18.994357131692794,0.012448698607868151
2,200,0.1,1.087,-17.13768108247595,0.018963438383260884
0,200,0.1,1.638,-21.370115552737516,0.007241558332714521
1,200,0.1,1.638,-19.005618803918203,0.01241686006164918
2,200,0.1,1.638,-20.325559820018377,0.009192492970455815
0,50,0.1,1.087,-21.322966282272358,0.007320026147148234
1,50,0.1,1.087,-21.20102413165555,0.007526903184455484
2,50,0.1,1.087,-13.389367941073067,0.043813294136614576
0,100,0.1,1.087,-21.96443023478054,0.00632125017839816
1,100,0.1,1.087,-17.905764537098822,0.015938440067771734
2,100,0.1,1.087,-11.342665896871758,0.06838632489261696
0,200,0.1,1.087,-21.741141011207038,0.006652533760919136
1,200,0.1,1.087,-20.792495479330356,0.008263173891883345
2,200,0.1,1.087,-10.16425863949128,0.08783129835240239
0,200,0.0,1.087,-21.428947471705627,0.00714481782370742
1,200,0.0,1.087,-16.358208369043982,0.022607277443683217
2,200,0.0,1.087,-17.3350959452994,0.018136009647164383
0,200,0.1,1.087,-21.037587556288003,0.007813302600377164
1,200,0.1,1.087,-15.267885344770225,0.028872714861386782
2,200,0.1,1.087,6.742057386963307,0.8252624154655008
0,200,0.2,1.087,-21.278503902989293,0.007394795321311576
1,200,0.2,1.087,-21.831982166232745,0.006515725513293246
2,200,0.2,1.087,-12.00725767053066,0.05925771466759419
0,200,0.3,1.087,-21.709378986818667,0.006701038034134063
1,200,0.3,1.087,-22.19705148524923,0.005993548920075158
2,200,0.3,1.087,-22.160734623609596,0.006043574543390742
0,200,0.1,0.0,-22.353117252437382,0.005783215363831844
1,200,0.1,0.0,18.079729960371985,0.9846777991744856
2,200,0.1,0.0,283.5828816195853,1.0
0,200,0.1,1.087,-22.041814201665723,0.006210306977571936
1,200,0.1,1.087,-18.994357131692794,0.012448698607868151
2,200,0.1,1.087,-17.13768108247595,0.018963438383260884
0,200,0.1,1.638,-21.370115552737516,0.007241558332714521
1,200,0.1,1.638,-19.005618803918203,0.01241686006164918
2,200,0.1,1.638,-20.325559820018377,0.009192492970455815
0,50,0.1,1.087,-21.322966282272358,0.007320026147148234
1,50,0.1,1.087,-21.20102413165555,0.007526903184455484
2,50,0.1,1.087,-13.389367941073067,0.043813294136614576
0,100,0.1,1.087,-21.96443023478054,0.00632125017839816
1,100,0.1,1.087,-17.905764537098822,0.015938440067771734
2,100,0.1,1.087,-11.342665896871758,0.06838632489261696
0,200,0.1,1.087,-21.741141011207038,0.006652533760919136
1,200,0.1,1.087,-20.792495479330356,0.008263173891883345
2,200,0.1,1.087,-10.16425863949128,0.08783129835240239
0,200,0.0,1.087,-21.428947471705627,0.00714481782370742
1,200,0.0,1.087,-16.358208369043982,0.022607277443683217
2,200,0.0,1.087,-17.3350959452994,0.018136009647164383
0,200,0.1,1.087,-21.037587556288003,0.007813302600377164
1,200,0.1,1.087,-15.267885344770225,0.028872714861386782
2,200,0.1,1.087,6.742057386963307,0.8252624154655008
0,200,0.2,1.087,-21.278503902989293,0.007394795321311576
1,200,0.2,1.087,-21.831982166232745,0.006515725513293246
2,200,0.2,1.087,-12.00725767053066,0.05925771466759419
0,200,0.3,1.087,-21.709378986818667,0.006701038034134063
1,200,0.3,1.087,-22.19705148524923,0.005993548920075158
2,200,0.3,1.087,-22.160734623609596,0.006043574543390742
0,200,0.1,0.0,-22.353117252437382,0.005783215363831844
1,200,0.1,0.0,18.079729960371985,0.9846777991744856
2,200,0.1,0.0,283.5828816195853,1.0
0,200,0.1,1.087,-22.041814201665723,0.006210306977571936
1,200,0.1,1.087,-18.994357131692794,0.012448698607868151
2,200,0.1,1.087,-17.13768108247595,0.018963438383260884
0,200,0.1,1.638,-21.370115552737516,0.007241558332714521
1,200,0.1,1.638,-19.005618803918203,0.01241686006164918
2,200,0.1,1.638,-20.325559820018377,0.009192492970455815
0,50,0.1,1.087,-21.322966282272358,0.007320026147148234
1,50,0.1,1.087,-21.20102413165555,0.007526903184455484
2,50,0.1,1.087,-13.389367941073067,0.043813294136614576
0,100,0.1,1.087,-21.96443023478054,0.00632125017839816
1,100,0.1,1.087,-17.905764537098822,0.015938440067771734
2,100,0.1,1.087,-11.342665896871758,0.06838632489261696
0,200,0.1,1.087,-21.741141011207038,0.006652533760919136
1,200,0.1,1.087,-20.792495479330356,0.008263173891883345
2,200,0.1,1.087,-10.16425863949128,0.08783129835240239
0,200,0.0,1.087,-21.428947471705627,0.00714481782370742
1,200,0.0,1.087,-16.358208369043982,0.022607277443683217
2,200,0.0,1.087,-17.3350959452994,0.018136009647164383
0,200,0.1,1.087,-21.037587556288003,0.007813302600377164
1,200,0.1,1.087,-15.267885344770225,0.028872714861386782
2,200,0.1,1.087,6.742057386963307,0.8252624154655008
0,200,0.2,1.087,-21.278503902989293,0.007394795321311576
1,200,0.2,1.087,-21.831982166232745,0.006515725513293246
2,200,0.2,1.087,-12.00725767053066,0.05925771466759419
0,200,0.3,1.087,-21.709378986818667,0.006701038034134063
1,200,0.3,1.087,-22.19705148524923,0.005993548920075158
2,200,0.3,1.087,-22.160734623609596,0.006043574543390742
0,200,0.1,0.0,-22.353117252437382,0.005783215363831844
1,200,0.1,0.0,18.079729960371985,0.9846777991744856
2,200,0.1,0.0,283.5828816195853,1.0
0,200,0.1,1.087,-22.041814201665723,0.006210306977571936
1,200,0.1,1.087,-18.994357131692794,0.012448698607868151
2,200,0.1,1.087,-17.13768108247595,0.018963438383260884
0,200,0.1,1.638,-21.370115552737516,0.007241558332714521
1,200,0.1,1.638,-19.005618803918203,0.01241686006164918
2,200,0.1,1.638,-20.325559820018377,0.009192492970455815
0,50,0.1,1.087,-21.322966282272358,0.007320026147148234
1,50,0.1,1.087,-21.20102413165555,0.007526903184455484
2,50,0.1,1.087,-13.389367941073067,0.043813294136614576
0,100,0.1,1.087,-21.96443023478054,0.00632125017839816
1,100,0.1,1.087,-17.905764537098822,0.015938440067771734
2,100,0.1,1.087,-11.342665896871758,0.06838632489261696
0,200,0.1,1.087,-21.741141011207038,0.006652533760919136
1,200,0.1,1.087,-20.792495479330356,0.008263173891883345
2,200,0.1,1.087,-10.16425863949128,0.08783129835240239
0,200,0.0,1.087,-21.428947471705627,0.00714481782370742
1,200,0.0,1.087,-16.358208369043982,0.022607277443683217
2,200,0.0,1.087,-17.3350959452994,0.018136009647164383
0,200,0.1,1.087,-21.037587556288003,0.007813302600377164
1,200,0.1,1.087,-15.267885344770225,0.028872714861386782
2,200,0.1,1.087,6.742057386963307,0.8252624154655008
0,200,0.2,1.087,-21.278503902989293,0.007394795321311576
1,200,0.2,1.087,-21.831982166232745,0.006515725513293246
2,200,0.2,1.087,-12.00725767053066,0.05925771466759419
0,200,0.3,1.087,-21.709378986818667,0.006701038034134063
1,200,0.3,1.087,-22.19705148524923,0.005993548920075158
2,200,0.3,1.087,-22.160734623609596,0.006043574543390742
0,200,0.1,0.0,-22.353117252437382,0.005783215363831844
1,200,0.1,0.0,18.079729960371985,0.9846777991744856
2,200,0.1,0.0,283.5828816195853,1.0
0,200,0.1,1.087,-22.041814201665723,0.006210306977571936
1,200,0.1,1.087,-18.994357131692794,0.012448698607868151
2,200,0.1,1.087,-17.13768108247595,0.018963438383260884
0,200,0.1,1.638,-21.370115552737516,0.007241558332714521
1,200,0.1,1.638,-19.005618803918203,0.01241686006164918
2,200,0.1,1.638,-20.325559820018377,0.009192492970455815
0,50,0.1,1.087,-21.322966282272358,0.007320026147148234
1,50,0.1,1.087,-21.20102413165555,0.007526903184455484
2,50,0.1,1.087,-13.389367941073067,0.043813294136614576
0,100,0.1,1.087,-21.96443023478054,0.00632125017839816
1,100,0.1,1.087,-17.905764537098822,0.015938440067771734
2,100,0.1,1.087,-11.342665896871758,0.06838632489261696
0,200,0.1,1.087,-21.741141011207038,0.006652533760919136
1,200,0.1,1.087,-20.792495479330356,0.008263173891883345
2,200,0.1,1.087,-10.16425863949128,0.08783129835240239
0,200,0.0,1.087,-21.428947471705627,0.00714481782370742
1,200,0.0,1.087,-16.358208369043982,0.022607277443683217
2,200,0.0,1.087,-17.3350959452994,0.018136009647164383
0,200,0.1,1.087,-21.037587556288003,0.007813302600377164
1,200,0.1,1.087,-15.267885344770225,0.028872714861386782
2,200,0.1,1.087,6.742057386963307,0.8252624154655008
0,200,0.2,1.087,-21.278503902989293,0.007394795321311576
1,200,0.2,1.087,-21.831982166232745,0.006515725513293246
2,200,0.2,1.087,-12.00725767053066,0.05925771466759419
0,200,0.3,1.087,-21.709378986818667,0.006701038034134063
1,200,0.3,1.087,-22.19705148524923,0.005993548920075158
2,200,0.3,1.087,-22.160734623609596,0.006043574543390742
0,200,0.1,0.0,-22.353117252437382,0.005783215363831844
1,200,0.1,0.0,18.079729960371985,0.9846777991744856
2,200,0.1,0.0,283.5828816195853,1.0
0,200,0.1,1.087,-22.041814201665723,0.006210306977571936
1,200,0.1,1.087,-18.994357131692794,0.012448698607868151
2,200,0.1,1.087,-17.13768108247595,0.018963438383260884
0,200,0.1,1.638,-21.370115552737516,0.007241558332714521
1,200,0.1,1.638,-19.005618803918203,0.01241686006164918
2,200,0.1,1.638,-20.325559820018377,0.009192492970455815
0,50,0.1,1.087,-21.322966282272358,0.007320026147148234
1,50,0.1,1.087,-21.20102413165555,0.007526903184455484
2,50,0.1,1.087,-13.389367941073067,0.043813294136614576
0,100,0.1,1.087,-21.96443023478054,0.00632125017839816
1,100,0.1,1.087,-17.905764537098822,0.015938440067771734
2,100,0.1,1.087,-11.342665896871758,0.06838632489261696
0,200,0.1,1.087,-21.741141011207038,0.006652533760919136
1,200,0.1,1.087,-20.792495479330356,0.008263173891883345
2,200,0.1,1.087,-10.16425863949128,0.08783129835240239
0,200,0.0,1.087,-21.428947471705627,0.00714481782370742
1,200,0.0,1.087,-16.358208369043982,0.022607277443683217
2,200,0.0,1.087,-17.3350959452994,0.018136009647164383
0,200,0.1,1.087,-21.037587556288003,0.007813302600377164
1,200,0.1,1.087,-15.267885344770225,0.028872714861386782
2,200,0.1,1.087,6.742057386963307,0.8252624154655008
0,200,0.2,1.087,-21.278503902989293,0.007394795321311576
1,200,0.2,1.087,-21.831982166232745,0.006515725513293246
2,200,0.2,1.087,-12.00725767053066,0.05925771466759419
0,200,0.3,1.087,-21.709378986818667,0.006701038034134063
1,200,0.3,1.087,-22.19705148524923,0.005993548920075158
2,200,0.3,1.087,-22.160734623609596,0.006043574543390742
0,200,0.1,0.0,-22.353117252437382,0.005783215363831844
1,200,0.1,0.0,18.079729960371985,0.9846777991744856
2,200,0.1,0.0,283.5828816195853,1.0
0,200,0.1,1.087,-22.041814201665723,0.006210306977571936
1,200,0.1,1.087,-18.994357131692794,0.012448698607868151
2,200,0.1,1.087,-17.13768108247595,0.018963438383260884
0,200,0.1,1.638,-21.370115552737516,0.007241558332714521
1,200,0.1,1.638,-19.005618803918203,0.01241686006164918
2,200,0.1,1.638,-20.325559820018377,0.009192492970455815
0,50,0.1,1.087,-21.322966282272358,0.007320026147148234
1,50,0.1,1.087,-21.20102413165555,0.007526903184455484
2,50,0.1,1.087,-13.389367941073067,0.043813294136614576
0,100,0.1,1.087,-21.96443023478054,0.00632125017839816
1,100,0.1,1.087,-17.905764537098822,0.015938440067771734
2,100,0.1,1.087,-11.342665896871758,0.06838632489261696
0,200,0.1,1.087,-21.741141011207038,0.006652533760919136
1,200,0.1,1.087,-20.792495479330356,0.008263173891883345
2,200,0.1,1.087,-10.16425863949128,0.08783129835240239
0,200,0.0,1.087,-21.428947471705627,0.00714481782370742
1,200,0.0,1.087,-16.358208369043982,0.022607277443683217
2,200,0.0,1.087,-17.3350959452994,0.018136009647164383
0,200,0.1,1.087,-21.037587556288003,0.007813302600377164
1,200,0.1,1.087,-15.267885344770225,0.028872714861386782
2,200,0.1,1.087,6.742057386963307,0.8252624154655008
0,200,0.2,1.087,-21.278503902989293,0.007394795321311576
1,200,0.2,1.087,-21.831982166232745,0.006515725513293246
2,200,0.2,1.087,-12.00725767053066,0.05925771466759419
0,200,0.3,1.087,-21.709378986818667,0.006701038034134063
1,200,0.3,1.087,-22.19705148524923,0.005993548920075158
2,200,0.3,1.087,-22.160734623609596,0.006043574543390742
0,200,0.1,0.0,-22.353117252437382,0.005783215363831844
1,200,0.1,0.0,18.079729960371985,0.9846777991744856
2,200,0.1,0.0,283.5828816195853,1.0
0,200,0.1,1.087,-22.041814201665723,0.006210306977571936
1,200,0.1,1.087,-18.994357131692794,0.012448698607868151
2,200,0.1,1.087,-17.13768108247595,0.018963438383260884
0,200,0.1,1.638,-21.370115552737516,0.007241558332714521
1,200,0.1,1.638,-19.005618803918203,0.01241686006164918
2,200,0.1,1.638,-20.325559820018377,0.009192492970455815
0,50,0.1,1.087,-21.322966282272358,0.007320026147148234
1,50,0.1,1.087,-21.20102413165555,0.007526903184455484
2,50,0.1,1.087,-13.389367941073067,0.043813294136614576
0,100,0.1,1.087,-21.96443023478054,0.00632125017839816
1,100,0.1,1.087,-17.905764537098822,0.015938440067771734
2,100,0.1,1.087,-11.342665896871758,0.06838632489261696
0,200,0.1,1.087,-21.741141011207038,0.006652533760919136
1,200,0.1,1.087,-20.792495479330356,0.008263173891883345
2,200,0.1,1.087,-10.16425863949128,0.08783129835240239
0,200,0.0,1.087,-21.428947471705627,0.00714481782370742
1,200,0.0,1.087,-16.358208369043982,0.022607277443683217
2,200,0.0,1.087,-17.3350959452994,0.018136009647164383
0,200,0.1,1.087,-21.037587556288003,0.007813302600377164
1,200,0.1,1.087,-15.267885344770225,0.028872714861386782
2,200,0.1,1.087,6.742057386963307,0.8252624154655008
0,200,0.2,1.087,-21.278503902989293,0.007394795321311576
1,200,0.2,1.087,-21.831982166232745,0.006515725513293246
2,200,0.2,1.087,-12.00725767053066,0.05925771466759419
0,200,0.3,1.087,-21.709378986818667,0.006701038034134063
1,200,0.3,1.087,-22.19705148524923,0.005993548920075158
2,200,0.3,1.087,-22.160734623609596,0.006043574543390742
0,200,0.1,0.0,-22.353117252437382,0.005783215363831844
1,200,0.1,0.0,18.079729960371985,0.9846777991744856
2,200,0.1,0.0,283.5828816195853,1.0
0,200,0.1,1.087,-22.041814201665723,0.006210306977571936
1,200,0.1,1.087,-18.994357131692794,0.012448698607868151
2,200,0.1,1.087,-17.13768108247595,0.018963438383260884
0,200,0.1,1.638,-21.370115552737516,0.007241558332714521
1,200,0.1,1.638,-19.005618803918203,0.01241686006164918
2,200,0.1,1.638,-20.325559820018377,0.009192492970455815
0,50,0.1,1.087,-21.322966282272358,0.007320026147148234
1,50,0.1,1.087,-21.20102413165555,0.007526903184455484
2,50,0.1,1.087,-13.389367941073067,0.043813294136614576
0,100,0.1,1.087,-21.96443023478054,0.00632125017839816
1,100,0.1,1.087,-17.905764537098822,0.015938440067771734
2,100,0.1,1.087,-11.342665896871758,0.06838632489261696
0,200,0.1,1.087,-21.741141011207038,0.006652533760919136
1,200,0.1,1.087,-20.792495479330356,0.008263173891883345
2,200,0.1,1.087,-10.16425863949128,0.08783129835240239
0,200,0.0,1.087,-21.428947471705627,0.00714481782370742
1,200,0.0,1.087,-16.358208369043982,0.022607277443683217
2,200,0.0,1.087,-17.3350959452994,0.018136009647164383
0,200,0.1,1.087,-21.037587556288003,0.007813302600377164
1,200,0.1,1.087,-15.267885344770225,0.028872714861386782
2,200,0.1,1.087,6.742057386963307,0.8252624154655008
0,200,0.2,1.087,-21.278503902989293,0.007394795321311576
1,200,0.2,1.087,-21.831982166232745,0.006515725513293246
2,200,0.2,1.087,-12.00725767053066,0.05925771466759419
0,200,0.3,1.087,-21.709378986818667,0.006701038034134063
1,200,0.3,1.087,-22.19705148524923,0.005993548920075158
2,200,0.3,1.087,-22.160734623609596,0.006043574543390742
0,200,0.1,0.0,-22.353117252437382,0.005783215363831844
1,200,0.1,0.0,18.079729960371985,0.9846777991744856
2,200,0.1,0.0,283.5828816195853,1.0
0,200,0.1,1.087,-22.041814201665723,0.006210306977571936
1,200,0.1,1.087,-18.994357131692794,0.012448698607868151
2,200,0.1,1.087,-17.13768108247595,0.018963438383260884
0,200,0.1,1.638,-21.370115552737516,0.007241558332714521
1,200,0.1,1.638,-19.005618803918203,0.01241686006164918
2,200,0.1,1.638,-20.325559820018377,0.009192492970455815
0,50,0.1,1.087,-21.322966282272358,0.007320026147148234
1,50,0.1,1.087,-21.20102413165555,0.007526903184455484
2,50,0.1,1.087,-13.389367941073067,0.043813294136614576
0,100,0.1,1.087,-21.96443023478054,0.00632125017839816
1,100,0.1,1.087,-17.905764537098822,0.015938440067771734
2,100,0.1,1.087,-11.342665896871758,0.06838632489261696
0,200,0.1,1.087,-21.741141011207038,0.006652533760919136
1,200,0.1,1.087,-20.792495479330356,0.008263173891883345
2,200,0.1,1.087,-10.16425863949128,0.08783129835240239
0,200,0.0,1.087,-21.428947471705627,0.00714481782370742
1,200,0.0,1.087,-16.358208369043982,0.022607277443683217
2,200,0.0,1.087,-17.3350959452994,0.018136009647164383
0,200,0.1,1.087,-21.037587556288003,0.007813302600377164
1,200,0.1,1.087,-15.267885344770225,0.028872714861386782
2,200,0.1,1.087,6.742057386963307,0.8252624154655008
0,200,0.2,1.087,-21.278503902989293,0.007394795321311576
1,200,0.2,1.087,-21.831982166232745,0.006515725513293246
2,200,0.2,1.087,-12.00725767053066,0.05925771466759419
0,200,0.3,1.087,-21.709378986818667,0.006701038034134063
1,200,0.3,1.087,-22.19705148524923,0.005993548920075158
2,200,0.3,1.087,-22.160734623609596,0.006043574543390742
0,200,0.1,0.0,-22.353117252437382,0.005783215363831844
1,200,0.1,0.0,18.079729960371985,0.9846777991744856
2,200,0.1,0.0,283.5828816195853,1.0
0,200,0.1,1.087,-22.041814201665723,0.006210306977571936
1,200,0.1,1.087,-18.994357131692794,0.012448698607868151
2,200,0.1,1.087,-17.13768108247595,0.018963438383260884
0,200,0.1,1.638,-21.370115552737516,0.007241558332714521
1,200,0.1,1.638,-19.005618803918203,0.01241686006164918
2,200,0.1,1.638,-20.325559820018377,0.009192492970455815
0,50,0.1,1.087,-21.322966282272358,0.007320026147148234
1,50,0.1,1.087,-21.20102413165555,0.007526903184455484
2,50,0.1,1.087,-13.389367941073067,0.043813294136614576
0,100,0.1,1.087,-21.96443023478054,0.00632125017839816
1,100,0.1,1.087,-17.905764537098822,0.015938440067771734
2,100,0.1,1.087,-11.342665896871758,0.06838632489261696
0,200,0.1,1.087,-21.741141011207038,0.006652533760919136
1,200,0.1,1.087,-20.792495479330356,0.008263173891883345
2,200,0.1,1.087,-10.16425863949128,0.08783129835240239
0,200,0.0,1.087,-21.428947471705627,0.00714481782370742
1,200,0.0,1.087,-16.358208369043982,0.022607277443683217
2,200,0.0,1.087,-17.3350959452994,0.018136009647164383
0,200,0.1,1.087,-21.037587556288003,0.007813302600377164
1,200,0.1,1.087,-15.267885344770225,0.028872714861386782
2,200,0.1,1.087,6.742057386963307,0.8252624154655008
0,200,0.2,1.087,-21.278503902989293,0.007394795321311576
1,200,0.2,1.087,-21.831982166232745,0.006515725513293246
2,200,0.2,1.087,-12.00725767053066,0.05925771466759419
0,200,0.3,1.087,-21.709378986818667,0.006701038034134063
1,200,0.3,1.087,-22.19705148524923,0.005993548920075158
2,200,0.3,1.087,-22.160734623609596,0.006043574543390742
0,200,0.1,0.0,-22.353117252437382,0.005783215363831844
1,200,0.1,0.0,18.079729960371985,0.9846777991744856
2,200,0.1,0.0,283.5828816195853,1.0
0,200,0.1,1.087,-22.041814201665723,0.006210306977571936
1,200,0.1,1.087,-18.994357131692794,0.012448698607868151
2,200,0.1,1.087,-17.13768108247595,0.018963438383260884
0,200,0.1,1.638,-21.370115552737516,0.007241558332714521
1,200,0.1,1.638,-19.005618803918203,0.01241686006164918
2,200,0.1,1.638,-20.325559820018377,0.009192492970455815
0,50,0.1,1.087,-21.322966282272358,0.007320026147148234
1,50,0.1,1.087,-21.20102413165555,0.007526903184455484
2,50,0.1,1.087,-13.389367941073067,0.043813294136614576
0,100,0.1,1.087,-21.96443023478054,0.00632125017839816
1,100,0.1,1.087,-17.905764537098822,0.015938440067771734
2,100,0.1,1.087,-11.342665896871758,0.06838632489261696
0,200,0.1,1.087,-21.741141011207038,0.006652533760919136
1,200,0.1,1.087,-20.792495479330356,0.008263173891883345
2,200,0.1,1.087,-10.16425863949128,0.08783129835240239
0,200,0.0,1.087,-21.428947471705627,0.00714481782370742
1,200,0.0,1.087,-16.358208369043982,0.022607277443683217
2,200,0.0,1.087,-17.3350959452994,0.018136009647164383
0,200,0.1,1.087,-21.037587556288003,0.007813302600377164
1,200,0.1,1.087,-15.267885344770225,0.028872714861386782
2,200,0.1,1.087,6.742057386963307,0.8252624154655008
0,200,0.2,1.087,-21.278503902989293,0.007394795321311576
1,200,0.2,1.087,-21.831982166232745,0.006515725513293246
2,200,0.2,1.087,-12.00725767053066,0.05925771466759419
0,200,0.3,1.087,-21.709378986818667,0.006701038034134063
1,200,0.3,1.087,-22.19705148524923,0.005993548920075158
2,200,0.3,1.087,-22.160734623609596,0.006043574543390742
0,200,0.1,0.0,-22.353117252437382,0.005783215363831844
1,200,0.1,0.0,18.079729960371985,0.9846777991744856
2,200,0.1,0.0,283.5828816195853,1.0
0,200,0.1,1.087,-22.041814201665723,0.006210306977571936
1,200,0.1,1.087,-18.994357131692794,0.012448698607868151
2,200,0.1,1.087,-17.13768108247595,0.018963438383260884
0,200,0.1,1.638,-21.370115552737516,0.007241558332714521
1,200,0.1,1.638,-19.005618803918203,0.01241686006164918
2,200,0.1,1.638,-20.325559820018377,0.009192492970455815
0,50,0.1,1.087,-21.322966282272358,0.007320026147148234
1,50,0.1,1.087,-21.20102413165555,0.007526903184455484
2,50,0.1,1.087,-13.389367941073067,0.043813294136614576
0,100,0.1,1.087,-21.96443023478054,0.00632125017839816
1,100,0.1,1.087,-17.905764537098822,0.015938440067771734
2,100,0.1,1.087,-11.342665896871758,0.06838632489261696
0,200,0.1,1.087,-21.741141011207038,0.006652533760919136
1,200,0.1,1.087,-20.792495479330356,0.008263173891883345
2,200,0.1,1.087,-10.16425863949128,0.08783129835240239
0,200,0.0,1.087,-21.428947471705627,0.00714481782370742
1,200,0.0,1.087,-16.358208369043982,0.022607277443683217
2,200,0.0,1.087,-17.3350959452994,0.018136009647164383
0,200,0.1,1.087,-21.037587556288003,0.007813302600377164
1,200,0.1,1.087,-15.267885344770225,0.028872714861386782
2,200,0.1,1.087,6.742057386963307,0.8252624154655008
0,200,0.2,1.087,-21.278503902989293,0.007394795321311576
1,200,0.2,1.087,-21.831982166232745,0.006515725513293246
2,200,0.2,1.087,-12.00725767053066,0.05925771466759419
0,200,0.3,1.087,-21.709378986818667,0.006701038034134063
1,200,0.3,1.087,-22.19705148524923,0.005993548920075158
2,200,0.3,1.087,-22.160734623609596,0.006043574543390742
0,200,0.1,0.0,-22.353117252437382,0.005783215363831844
1,200,0.1,0.0,18.079729960371985,0.9846777991744856
2,200,0.1,0.0,283.5828816195853,1.0
0,200,0.1,1.087,-22.041814201665723,0.006210306977571936
1,200,0.1,1.087,-18.994357131692794,0.012448698607868151
2,200,0.1,1.087,-17.13768108247595,0.018963438383260884
0,200,0.1,1.638,-21.370115552737516,0.007241558332714521
1,200,0.1,1.638,-19.005618803918203,0.01241686006164918
2,200,0.1,1.638,-20.325559820018377,0.009192492970455815
0,50,0.1,1.087,-21.322966282272358,0.007320026147148234
1,50,0.1,1.087,-21.20102413165555,0.007526903184455484
2,50,0.1,1.087,-13.389367941073067,0.043813294136614576
0,100,0.1,1.087,-21.96443023478054,0.00632125017839816
1,100,0.1,1.087,-17.905764537098822,0.015938440067771734
2,100,0.1,1.087,-11.342665896871758,0.06838632489261696
0,200,0.1,1.087,-21.741141011207038,0.006652533760919136
1,200,0.1,1.087,-20.792495479330356,0.008263173891883345
2,200,0.1,1.087,-10.16425863949128,0.08783129835240239
0,200,0.0,1.087,-21.428947471705627,0.00714481782370742
1,200,0.0,1.087,-16.358208369043982,0.022607277443683217
2,200,0.0,1.087,-17.3350959452994,0.018136009647164383
0,200,0.1,1.087,-21.037587556288003,0.007813302600377164
1,200,0.1,1.087,-15.267885344770225,0.028872714861386782
2,200,0.1,1.087,6.742057386963307,0.8252624154655008
0,200,0.2,1.087,-21.278503902989293,0.007394795321311576
1,200,0.2,1.087,-21.831982166232745,0.006515725513293246
2,200,0.2,1.087,-12.00725767053066,0.05925771466759419
0,200,0.3,1.087,-21.709378986818667,0.006701038034134063
1,200,0.3,1.087,-22.19705148524923,0.005993548920075158
2,200,0.3,1.087,-22.160734623609596,0.006043574543390742
0,200,0.1,0.0,-22.353117252437382,0.005783215363831844
1,200,0.1,0.0,18.079729960371985,0.9846777991744856
2,200,0.1,0.0,283.5828816195853,1.0
0,200,0.1,1.087,-22.041814201665723,0.006210306977571936
1,200,0.1,1.087,-18.994357131692794,0.012448698607868151
2,200,0.1,1.087,-17.13768108247595,0.018963438383260884
0,200,0.1,1.638,-21.370115552737516,0.007241558332714521
1,200,0.1,1.638,-19.005618803918203,0.01241686006164918
2,200,0.1,1.638,-20.325559820018377,0.009192492970455815
0,50,0.1,1.087,-21.322966282272358,0.007320026147148234
1,50,0.1,1.087,-21.20102413165555,0.007526903184455484
2,50,0.1,1.087,-13.389367941073067,0.043813294136614576
0,100,0.1,1.087,-21.96443023478054,0.00632125017839816
1,100,0.1,1.087,-17.905764537098822,0.015938440067771734
2,100,0.1,1.087,-11.342665896871758,0.06838632489261696
0,200,0.1,1.087,-21.741141011207038,0.006652533760919136
1,200,0.1,1.087,-20.792495479330356,0.008263173891883345
2,200,0.1,1.087,-10.16425863949128,0.08783129835240239
0,200,0.0,1.087,-21.428947471705627,0.00714481782370742
1,200,0.0,1.087,-16.358208369043982,0.022607277443683217
2,200,0.0,1.087,-17.3350959452994,0.018136009647164383
0,200,0.1,1.087,-21.037587556288003,0.007813302600377164
1,200,0.1,1.087,-15.267885344770225,0.028872714861386782
2,200,0.1,1.087,6.742057386963307,0.8252624154655008
0,200,0.2,1.087,-21.278503902989293,0.007394795321311576
1,200,0.2,1.087,-21.831982166232745,0.006515725513293246
2,200,0.2,1.087,-12.00725767053066,0.05925771466759419
0,200,0.3,1.087,-21.709378986818667,0.006701038034134063
1,200,0.3,1.087,-22.19705148524923,0.005993548920075158
2,200,0.3,1.087,-22.160734623609596,0.006043574543390742
0,200,0.1,0.0,-22.353117252437382,0.005783215363831844
1,200,0.1,0.0,18.079729960371985,0.9846777991744856
2,200,0.1,0.0,283.5828816195853,1.0
0,200,0.1,1.087,-22.041814201665723,0.006210306977571936
1,200,0.1,1.087,-18.994357131692794,0.012448698607868151
2,200,0.1,1.087,-17.13768108247595,0.018963438383260884
0,200,0.1,1.638,-21.370115552737516,0.007241558332714521
1,200,0.1,1.638,-19.005618803918203,0.01241686006164918
2,200,0.1,1.638,-20.325559820018377,0.009192492970455815
0,50,0.1,1.087,-21.322966282272358,0.007320026147148234
1,50,0.1,1.087,-21.20102413165555,0.007526903184455484
2,50,0.1,1.087,-13.389367941073067,0.043813294136614576
0,100,0.1,1.087,-21.96443023478054,0.00632125017839816
1,100,0.1,1.087,-17.905764537098822,0.015938440067771734
2,100,0.1,1.087,-11.342665896871758,0.06838632489261696
0,200,0.1,1.087,-21.741141011207038,0.006652533760919136
1,200,0.1,1.087,-20.792495479330356,0.008263173891883345
2,200,0.1,1.087,-10.16425863949128,0.08783129835240239
0,200,0.0,1.087,-21.428947471705627,0.00714481782370742
1,200,0.0,1.087,-16.358208369043982,0.022607277443683217
2,200,0.0,1.087,-17.3350959452994,0.018136009647164383
0,200,0.1,1.087,-21.037587556288003,0.007813302600377164
1,200,0.1,1.087,-15.267885344770225,0.028872714861386782
2,200,0.1,1.087,6.742057386963307,0.8252624154655008
0,200,0.2,1.087,-21.278503902989293,0.007394795321311576
1,200,0.2,1.087,-21.831982166232745,0.006515725513293246
2,200,0.2,1.087,-12.00725767053066,0.05925771466759419
0,200,0.3,1.087,-21.709378986818667,0.006701038034134063
1,200,0.3,1.087,-22.19705148524923,0.005993548920075158
2,200,0.3,1.087,-22.160734623609596,0.006043574543390742
0,200,0.1,0.0,-22.353117252437382,0.005783215363831844
1,200,0.1,0.0,18.079729960371985,0.9846777991744856
2,200,0.1,0.0,283.5828816195853,1.0
0,200,0.1,1.087,-22.041814201665723,0.006210306977571936
1,200,0.1,1.087,-18.994357131692794,0.012448698607868151
2,200,0.1,1.087,-17.13768108247595,0.018963438383260884
0,200,0.1,1.638,-21.370115552737516,0.007241558332714521
1,200,0.1,1.638,-19.005618803918203,0.01241686006164918
2,200,0.1,1.638,-20.325559820018377,0.009192492970455815
0,50,0.1,1.087,-21.322966282272358,0.007320026147148234
1,50,0.1,1.087,-21.20102413165555,0.007526903184455484
2,50,0.1,1.087,-13.389367941073067,0.043813294136614576
0,100,0.1,1.087,-21.96443023478054,0.00632125017839816
1,100,0.1,1.087,-17.905764537098822,0.015938440067771734
2,100,0.1,1.087,-11.342665896871758,0.06838632489261696
0,200,0.1,1.087,-21.741141011207038,0.006652533760919136
1,200,0.1,1.087,-20.792495479330356,0.008263173891883345
2,200,0.1,1.087,-10.16425863949128,0.08783129835240239
0,200,0.0,1.087,-21.428947471705627,0.00714481782370742
1,200,0.0,1.087,-16.358208369043982,0.022607277443683217
2,200,0.0,1.087,-17.3350959452994,0.018136009647164383
0,200,0.1,1.087,-21.037587556288003,0.007813302600377164
1,200,0.1,1.087,-15.267885344770225,0.028872714861386782
2,200,0.1,1.087,6.742057386963307,0.8252624154655008
0,200,0.2,1.087,-21.278503902989293,0.007394795321311576
1,200,0.2,1.087,-21.831982166232745,0.006515725513293246
2,200,0.2,1.087,-12.00725767053066,0.05925771466759419
0,200,0.3,1.087,-21.709378986818667,0.006701038034134063
1,200,0.3,1.087,-22.19705148524923,0.005993548920075158
2,200,0.3,1.087,-22.160734623609596,0.006043574543390742
0,200,0.1,0.0,-22.353117252437382,0.005783215363831844
1,200,0.1,0.0,18.079729960371985,0.9846777991744856
2,200,0.1,0.0,283.5828816195853,1.0
0,200,0.1,1.087,-22.041814201665723,0.006210306977571936
1,200,0.1,1.087,-18.994357131692794,0.012448698607868151
2,200,0.1,1.087,-17.13768108247595,0.018963438383260884
0,200,0.1,1.638,-21.370115552737516,0.007241558332714521
1,200,0.1,1.638,-19.005618803918203,0.01241686006164918
2,200,0.1,1.638,-20.325559820018377,0.009192492970455815
0,50,0.1,1.087,-21.322966282272358,0.007320026147148234
1,50,0.1,1.087,-21.20102413165555,0.007526903184455484
2,50,0.1,1.087,-13.389367941073067,0.043813294136614576
0,100,0.1,1.087,-21.96443023478054,0.00632125017839816
1,100,0.1,1.087,-17.905764537098822,0.015938440067771734
2,100,0.1,1.087,-11.342665896871758,0.06838632489261696
0,200,0.1,1.087,-21.741141011207038,0.006652533760919136
1,200,0.1,1.087,-20.792495479330356,0.008263173891883345
2,200,0.1,1.087,-10.16425863949128,0.08783129835240239
0,200,0.0,1.087,-21.428947471705627,0.00714481782370742
1,200,0.0,1.087,-16.358208369043982,0.022607277443683217
2,200,0.0,1.087,-17.3350959452994,0.018136009647164383
0,200,0.1,1.087,-21.037587556288003,0.007813302600377164
1,200,0.1,1.087,-15.267885344770225,0.028872714861386782
2,200,0.1,1.087,6.742057386963307,0.8252624154655008
0,200,0.2,1.087,-21.278503902989293,0.007394795321311576
1,200,0.2,1.087,-21.831982166232745,0.006515725513293246
2,200,0.2,1.087,-12.00725767053066,0.05925771466759419
0,200,0.3,1.087,-21.709378986818667,0.006701038034134063
1,200,0.3,1.087,-22.19705148524923,0.005993548920075158
2,200,0.3,1.087,-22.160734623609596,0.006043574543390742
0,200,0.1,0.0,-22.353117252437382,0.005783215363831844
1,200,0.1,0.0,18.079729960371985,0.9846777991744856
2,200,0.1,0.0,283.5828816195853,1.0
0,200,0.1,1.087,-22.041814201665723,0.006210306977571936
1,200,0.1,1.087,-18.994357131692794,0.012448698607868151
2,200,0.1,1.087,-17.13768108247595,0.018963438383260884
0,200,0.1,1.638,-21.370115552737516,0.007241558332714521
1,200,0.1,1.638,-19.005618803918203,0.01241686006164918
2,200,0.1,1.638,-20.325559820018377,0.009192492970455815
0,50,0.1,1.087,-21.322966282272358,0.007320026147148234
1,50,0.1,1.087,-21.20102413165555,0.007526903184455484
2,50,0.1,1.087,-13.389367941073067,0.043813294136614576
0,100,0.1,1.087,-21.96443023478054,0.00632125017839816
1,100,0.1,1.087,-17.905764537098822,0.015938440067771734
2,100,0.1,1.087,-11.342665896871758,0.06838632489261696
0,200,0.1,1.087,-21.741141011207038,0.006652533760919136
1,200,0.1,1.087,-20.792495479330356,0.008263173891883345
2,200,0.1,1.087,-10.16425863949128,0.08783129835240239
0,200,0.0,1.087,-21.428947471705627,0.00714481782370742
1,200,0.0,1.087,-16.358208369043982,0.022607277443683217
2,200,0.0,1.087,-17.3350959452994,0.018136009647164383
0,200,0.1,1.087,-21.037587556288003,0.007813302600377164
1,200,0.1,1.087,-15.267885344770225,0.028872714861386782
2,200,0.1,1.087,6.742057386963307,0.8252624154655008
0,200,0.2,1.087,-21.278503902989293,0.007394795321311576
1,200,0.2,1.087,-21.831982166232745,0.006515725513293246
2,200,0.2,1.087,-12.00725767053066,0.05925771466759419
0,200,0.3,1.087,-21.709378986818667,0.006701038034134063
1,200,0.3,1.087,-22.19705148524923,0.005993548920075158
2,200,0.3,1.087,-22.160734623609596,0.006043574543390742
0,200,0.1,0.0,-22.353117252437382,0.005783215363831844
1,200,0.1,0.0,18.079729960371985,0.9846777991744856
2,200,0.1,0.0,283.5828816195853,1.0
0,200,0.1,1.087,-22.041814201665723,0.006210306977571936
1,200,0.1,1.087,-18.994357131692794,0.012448698607868151
2,200,0.1,1.087,-17.13768108247595,0.018963438383260884
0,200,0.1,1.638,-21.370115552737516,0.007241558332714521
1,200,0.1,1.638,-19.005618803918203,0.01241686006164918
2,200,0.1,1.638,-20.325559820018377,0.009192492970455815
0,50,0.1,1.087,-20.639161614197636,0.008557587180050839
1,50,0.1,1.087,-17.81900350525593,0.016254823767401862
2,50,0.1,1.087,-20.129801197159644,0.00961225181135598
0,100,0.1,1.087,-21.38369236642767,0.007219118463480993
1,100,0.1,1.087,-16.644157142026017,0.021197247360376148
2,100,0.1,1.087,-21.26399950389321,0.007419349918493121
0,200,0.1,1.087,-22.09913953844651,0.006129370907302488
1,200,0.1,1.087,-19.193992319014374,0.011896066851794299
2,200,0.1,1.087,-20.79649617609511,0.008255628219572828
0,200,0.0,1.087,-21.947009730549457,0.00634649577705994
1,200,0.0,1.087,-21.64567758259792,0.006799378604661242
2,200,0.0,1.087,7.499665139740797,0.8490105589128706
0,200,0.1,1.087,-21.41071656660124,0.007174657890931168
1,200,0.1,1.087,-19.326703711561116,0.01154217809820762
2,200,0.1,1.087,-14.73127541051274,0.032546374354817956
0,200,0.2,1.087,-18.986972031812343,0.012469621214324829
1,200,0.2,1.087,-13.37042886517683,0.04399635151058841
2,200,0.2,1.087,-12.1307327175343,0.0576925021628271
0,200,0.3,1.087,-21.800790761568383,0.006562382265818226
1,200,0.3,1.087,-19.715562052993082,0.010564074850570667
2,200,0.3,1.087,-10.070961352076964,0.08956771872240002
0,200,0.1,0.0,-22.779761815520896,0.005244933404364666
1,200,0.1,0.0,48.45560315933731,0.9999857296874067
2,200,0.1,0.0,253.9407712855403,1.0
0,200,0.1,1.087,-21.695696788227718,0.006722040425627757
1,200,0.1,1.087,-16.667218817461663,0.021087352500827567
2,200,0.1,1.087,-2.1843306935369364,0.3768451391048324
0,200,0.1,1.638,-22.230044799472374,0.0059484583248611295
1,200,0.1,1.638,-19.9054724357505,0.010116651167243532
2,200,0.1,1.638,-17.350293160943014,0.01807380244617787
0,50,0.1,1.087,-20.639161614197636,0.008557587180050839
1,50,0.1,1.087,-17.81900350525593,0.016254823767401862
2,50,0.1,1.087,-20.129801197159644,0.00961225181135598
0,100,0.1,1.087,-21.38369236642767,0.007219118463480993
1,100,0.1,1.087,-16.644157142026017,0.021197247360376148
2,100,0.1,1.087,-21.26399950389321,0.007419349918493121
0,200,0.1,1.087,-22.09913953844651,0.006129370907302488
1,200,0.1,1.087,-19.193992319014374,0.011896066851794299
2,200,0.1,1.087,-20.79649617609511,0.008255628219572828
0,200,0.0,1.087,-21.947009730549457,0.00634649577705994
1,200,0.0,1.087,-21.64567758259792,0.006799378604661242
2,200,0.0,1.087,7.499665139740797,0.8490105589128706
0,200,0.1,1.087,-21.41071656660124,0.007174657890931168
1,200,0.1,1.087,-19.326703711561116,0.01154217809820762
2,200,0.1,1.087,-14.73127541051274,0.032546374354817956
0,200,0.2,1.087,-18.986972031812343,0.012469621214324829
1,200,0.2,1.087,-13.37042886517683,0.04399635151058841
2,200,0.2,1.087,-12.1307327175343,0.0576925021628271
0,200,0.3,1.087,-21.800790761568383,0.006562382265818226
1,200,0.3,1.087,-19.715562052993082,0.010564074850570667
2,200,0.3,1.087,-10.070961352076964,0.08956771872240002
0,200,0.1,0.0,-22.779761815520896,0.005244933404364666
1,200,0.1,0.0,48.45560315933731,0.9999857296874067
2,200,0.1,0.0,253.9407712855403,1.0
0,200,0.1,1.087,-21.695696788227718,0.006722040425627757
1,200,0.1,1.087,-16.667218817461663,0.021087352500827567
2,200,0.1,1.087,-2.1843306935369364,0.3768451391048324
0,200,0.1,1.638,-22.230044799472374,0.0059484583248611295
1,200,0.1,1.638,-19.9054724357505,0.010116651167243532
2,200,0.1,1.638,-17.350293160943014,0.01807380244617787
0,50,0.1,1.087,-20.639161614197636,0.008557587180050839
1,50,0.1,1.087,-17.81900350525593,0.016254823767401862
2,50,0.1,1.087,-20.129801197159644,0.00961225181135598
0,100,0.1,1.087,-21.38369236642767,0.007219118463480993
1,100,0.1,1.087,-16.644157142026017,0.021197247360376148
2,100,0.1,1.087,-21.26399950389321,0.007419349918493121
0,200,0.1,1.087,-22.09913953844651,0.006129370907302488
1,200,0.1,1.087,-19.193992319014374,0.011896066851794299
2,200,0.1,1.087,-20.79649617609511,0.008255628219572828
0,200,0.0,1.087,-21.947009730549457,0.00634649577705994
1,200,0.0,1.087,-21.64567758259792,0.006799378604661242
2,200,0.0,1.087,7.499665139740797,0.8490105589128706
0,200,0.1,1.087,-21.41071656660124,0.007174657890931168
1,200,0.1,1.087,-19.326703711561116,0.01154217809820762
2,200,0.1,1.087,-14.73127541051274,0.032546374354817956
0,200,0.2,1.087,-18.986972031812343,0.012469621214324829
1,200,0.2,1.087,-13.37042886517683,0.04399635151058841
2,200,0.2,1.087,-12.1307327175343,0.0576925021628271
0,200,0.3,1.087,-21.800790761568383,0.006562382265818226
1,200,0.3,1.087,-19.715562052993082,0.010564074850570667
2,200,0.3,1.087,-10.070961352076964,0.08956771872240002
0,200,0.1,0.0,-22.779761815520896,0.005244933404364666
1,200,0.1,0.0,48.45560315933731,0.9999857296874067
2,200,0.1,0.0,253.9407712855403,1.0
0,200,0.1,1.087,-21.695696788227718,0.006722040425627757
1,200,0.1,1.087,-16.667218817461663,0.021087352500827567
2,200,0.1,1.087,-2.1843306935369364,0.3768451391048324
0,200,0.1,1.638,-22.230044799472374,0.0059484583248611295
1,200,0.1,1.638,-19.9054724357505,0.010116651167243532
2,200,0.1,1.638,-17.350293160943014,0.01807380244617787
0,50,0.1,1.087,-20.639161614197636,0.008557587180050839
1,50,0.1,1.087,-17.81900350525593,0.016254823767401862
2,50,0.1,1.087,-20.129801197159644,0.00961225181135598
0,100,0.1,1.087,-21.38369236642767,0.007219118463480993
1,100,0.1,1.087,-16.644157142026017,0.021197247360376148
2,100,0.1,1.087,-21.26399950389321,0.007419349918493121
0,200,0.1,1.087,-22.09913953844651,0.006129370907302488
1,200,0.1,1.087,-19.193992319014374,0.011896066851794299
2,200,0.1,1.087,-20.79649617609511,0.008255628219572828
0,200,0.0,1.087,-21.947009730549457,0.00634649577705994
1,200,0.0,1.087,-21.64567758259792,0.006799378604661242
2,200,0.0,1.087,7.499665139740797,0.8490105589128706
0,200,0.1,1.087,-21.41071656660124,0.007174657890931168
1,200,0.1,1.087,-19.326703711561116,0.01154217809820762
2,200,0.1,1.087,-14.73127541051274,0.032546374354817956
0,200,0.2,1.087,-18.986972031812343,0.012469621214324829
1,200,0.2,1.087,-13.37042886517683,0.04399635151058841
2,200,0.2,1.087,-12.1307327175343,0.0576925021628271
0,200,0.3,1.087,-21.800790761568383,0.006562382265818226
1,200,0.3,1.087,-19.715562052993082,0.010564074850570667
2,200,0.3,1.087,-10.070961352076964,0.08956771872240002
0,200,0.1,0.0,-22.779761815520896,0.005244933404364666
1,200,0.1,0.0,48.45560315933731,0.9999857296874067
2,200,0.1,0.0,253.9407712855403,1.0
0,200,0.1,1.087,-21.695696788227718,0.006722040425627757
1,200,0.1,1.087,-16.667218817461663,0.021087352500827567
2,200,0.1,1.087,-2.1843306935369364,0.3768451391048324
0,200,0.1,1.638,-22.230044799472374,0.0059484583248611295
1,200,0.1,1.638,-19.9054724357505,0.010116651167243532
2,200,0.1,1.638,-17.350293160943014,0.01807380244617787
nonstationary level,time series length,observation noise,process noise,evidence,significance_level
