nonstationary level,time series length,observation noise,process noise,evidence,significance_level
0,50,0.0,0.0,-22.727425463785277,0.005308184361613997
1,50,0.0,0.0,38.45432489443764,0.9998572732026781
2,50,0.0,0.0,95.19038602646054,0.9999999996973356
0,100,0.0,0.0,-22.78753549936605,0.0052356027060428325
1,100,0.0,0.0,227.14302095564847,1.0
2,100,0.0,0.0,390.1834453923448,1.0
0,200,0.0,0.0,-22.787536009486395,0.005235602094291081
1,200,0.0,0.0,-16.002997056534525,0.024486877587758044
2,200,0.0,0.0,26.265374747062488,0.9976425770842844
0,200,0.0,0.0,-22.787535990803114,0.00523560211669663
1,200,0.0,0.0,-18.855850144333075,0.012846933746605156
2,200,0.0,0.0,117.81536742827748,0.9999999999983463
0,200,0.1,0.0,-22.33271627940927,0.005810287694667251
1,200,0.1,0.0,38.322044428125224,0.9998528596955665
2,200,0.1,0.0,180.64571453214128,1.0
0,200,0.2,0.0,-19.925548148368996,0.01007046368193006
1,200,0.2,0.0,15.73715791809976,0.9740075899731064
2,200,0.2,0.0,128.43800010852877,0.9999999999998567
0,200,0.3,0.0,-21.713953490382668,0.006694030647471185
1,200,0.3,0.0,0.683311736630693,0.5392536407098312
2,200,0.3,0.0,72.51882147716418,0.999999944009051
0,200,0.0,0.0,-22.785463632229096,0.00523808793851783
1,200,0.0,0.0,-0.9889903531147431,0.4433138962717524
2,200,0.0,0.0,17.21672400641181,0.9813722090836908
0,200,0.0,0.1,-19.79167663614593,0.010382447080652493
1,200,0.0,0.1,278.8775305020406,1.0
2,200,0.0,0.1,184.12314688525467,1.0
0,200,0.0,0.2,-21.96503355010211,0.006320377650663593
1,200,0.0,0.2,57.78973165290299,0.9999983364873328
2,200,0.0,0.2,179.65721513272652,1.0
0,50,0.0,0.0,-22.727425463785277,0.005308184361613997
1,50,0.0,0.0,38.45432489443764,0.9998572732026781
2,50,0.0,0.0,95.19038602646054,0.9999999996973356
0,100,0.0,0.0,-22.78753549936605,0.0052356027060428325
1,100,0.0,0.0,227.14302095564847,1.0
2,100,0.0,0.0,390.1834453923448,1.0
0,200,0.0,0.0,-22.787536009486395,0.005235602094291081
1,200,0.0,0.0,-16.002997056534525,0.024486877587758044
2,200,0.0,0.0,26.265374747062488,0.9976425770842844
0,200,0.0,0.0,-22.787535990803114,0.00523560211669663
1,200,0.0,0.0,-18.855850144333075,0.012846933746605156
2,200,0.0,0.0,117.81536742827748,0.9999999999983463
0,200,0.1,0.0,-22.33271627940927,0.005810287694667251
1,200,0.1,0.0,38.322044428125224,0.9998528596955665
2,200,0.1,0.0,180.64571453214128,1.0
0,200,0.2,0.0,-19.925548148368996,0.01007046368193006
1,200,0.2,0.0,15.73715791809976,0.9740075899731064
2,200,0.2,0.0,128.43800010852877,0.9999999999998567
0,200,0.3,0.0,-21.713953490382668,0.006694030647471185
1,200,0.3,0.0,0.683311736630693,0.5392536407098312
2,200,0.3,0.0,72.51882147716418,0.999999944009051
0,200,0.0,0.0,-22.785463632229096,0.00523808793851783
1,200,0.0,0.0,-0.9889903531147431,0.4433138962717524
2,200,0.0,0.0,17.21672400641181,0.9813722090836908
0,200,0.0,0.1,-19.79167663614593,0.010382447080652493
1,200,0.0,0.1,278.8775305020406,1.0
2,200,0.0,0.1,184.12314688525467,1.0
0,200,0.0,0.2,-21.96503355010211,0.006320377650663593
1,200,0.0,0.2,57.78973165290299,0.9999983364873328
2,200,0.0,0.2,179.65721513272652,1.0
0,50,0.0,0.0,-22.727425463785277,0.005308184361613997
1,50,0.0,0.0,38.45432489443764,0.9998572732026781
2,50,0.0,0.0,95.19038602646054,0.9999999996973356
0,100,0.0,0.0,-22.78753549936605,0.0052356027060428325
1,100,0.0,0.0,227.14302095564847,1.0
2,100,0.0,0.0,390.1834453923448,1.0
0,200,0.0,0.0,-22.787536009486395,0.005235602094291081
1,200,0.0,0.0,-16.002997056534525,0.024486877587758044
2,200,0.0,0.0,26.265374747062488,0.9976425770842844
0,200,0.0,0.0,-22.787535990803114,0.00523560211669663
1,200,0.0,0.0,-18.855850144333075,0.012846933746605156
2,200,0.0,0.0,117.81536742827748,0.9999999999983463
0,200,0.1,0.0,-22.33271627940927,0.005810287694667251
1,200,0.1,0.0,38.322044428125224,0.9998528596955665
2,200,0.1,0.0,180.64571453214128,1.0
0,200,0.2,0.0,-19.925548148368996,0.01007046368193006
1,200,0.2,0.0,15.73715791809976,0.9740075899731064
2,200,0.2,0.0,128.43800010852877,0.9999999999998567
0,200,0.3,0.0,-21.713953490382668,0.006694030647471185
1,200,0.3,0.0,0.683311736630693,0.5392536407098312
2,200,0.3,0.0,72.51882147716418,0.999999944009051
0,200,0.0,0.0,-22.785463632229096,0.00523808793851783
1,200,0.0,0.0,-0.9889903531147431,0.4433138962717524
2,200,0.0,0.0,17.21672400641181,0.9813722090836908
0,200,0.0,0.1,-19.79167663614593,0.010382447080652493
1,200,0.0,0.1,278.8775305020406,1.0
2,200,0.0,0.1,184.12314688525467,1.0
0,200,0.0,0.2,-21.96503355010211,0.006320377650663593
1,200,0.0,0.2,57.78973165290299,0.9999983364873328
2,200,0.0,0.2,179.65721513272652,1.0
0,50,0.0,0.0,-22.727425463785277,0.005308184361613997
1,50,0.0,0.0,38.45432489443764,0.9998572732026781
2,50,0.0,0.0,95.19038602646054,0.9999999996973356
0,100,0.0,0.0,-22.78753549936605,0.0052356027060428325
1,100,0.0,0.0,227.14302095564847,1.0
2,100,0.0,0.0,390.1834453923448,1.0
0,200,0.0,0.0,-22.787536009486395,0.005235602094291081
1,200,0.0,0.0,-16.002997056534525,0.024486877587758044
2,200,0.0,0.0,26.265374747062488,0.9976425770842844
0,200,0.0,0.0,-22.787535990803114,0.00523560211669663
1,200,0.0,0.0,-18.855850144333075,0.012846933746605156
2,200,0.0,0.0,117.81536742827748,0.9999999999983463
0,200,0.1,0.0,-22.33271627940927,0.005810287694667251
1,200,0.1,0.0,38.322044428125224,0.9998528596955665
2,200,0.1,0.0,180.64571453214128,1.0
0,200,0.2,0.0,-19.925548148368996,0.01007046368193006
1,200,0.2,0.0,15.73715791809976,0.9740075899731064
2,200,0.2,0.0,128.43800010852877,0.9999999999998567
0,200,0.3,0.0,-21.713953490382668,0.006694030647471185
1,200,0.3,0.0,0.683311736630693,0.5392536407098312
2,200,0.3,0.0,72.51882147716418,0.999999944009051
0,200,0.0,0.0,-22.785463632229096,0.00523808793851783
1,200,0.0,0.0,-0.9889903531147431,0.4433138962717524
2,200,0.0,0.0,17.21672400641181,0.9813722090836908
0,200,0.0,0.1,-19.79167663614593,0.010382447080652493
1,200,0.0,0.1,278.8775305020406,1.0
2,200,0.0,0.1,184.12314688525467,1.0
0,200,0.0,0.2,-21.96503355010211,0.006320377650663593
1,200,0.0,0.2,57.78973165290299,0.9999983364873328
2,200,0.0,0.2,179.65721513272652,1.0
0,50,0.0,0.0,-22.727425463785277,0.005308184361613997
1,50,0.0,0.0,38.45432489443764,0.9998572732026781
2,50,0.0,0.0,95.19038602646054,0.9999999996973356
0,100,0.0,0.0,-22.78753549936605,0.0052356027060428325
1,100,0.0,0.0,227.14302095564847,1.0
2,100,0.0,0.0,390.1834453923448,1.0
0,200,0.0,0.0,-22.787536009486395,0.005235602094291081
1,200,0.0,0.0,-16.002997056534525,0.024486877587758044
2,200,0.0,0.0,26.265374747062488,0.9976425770842844
0,200,0.0,0.0,-22.787535990803114,0.00523560211669663
1,200,0.0,0.0,-18.855850144333075,0.012846933746605156
2,200,0.0,0.0,117.81536742827748,0.9999999999983463
0,200,0.1,0.0,-22.33271627940927,0.005810287694667251
1,200,0.1,0.0,38.322044428125224,0.9998528596955665
2,200,0.1,0.0,180.64571453214128,1.0
0,200,0.2,0.0,-19.925548148368996,0.01007046368193006
1,200,0.2,0.0,15.73715791809976,0.9740075899731064
2,200,0.2,0.0,128.43800010852877,0.9999999999998567
0,200,0.3,0.0,-21.713953490382668,0.006694030647471185
1,200,0.3,0.0,0.683311736630693,0.5392536407098312
2,200,0.3,0.0,72.51882147716418,0.999999944009051
0,200,0.0,0.0,-22.785463632229096,0.00523808793851783
1,200,0.0,0.0,-0.9889903531147431,0.4433138962717524
2,200,0.0,0.0,17.21672400641181,0.9813722090836908
0,200,0.0,0.1,-19.79167663614593,0.010382447080652493
1,200,0.0,0.1,278.8775305020406,1.0
2,200,0.0,0.1,184.12314688525467,1.0
0,200,0.0,0.2,-21.96503355010211,0.006320377650663593
1,200,0.0,0.2,57.78973165290299,0.9999983364873328
2,200,0.0,0.2,179.65721513272652,1.0
0,50,0.0,0.0,-22.727425463785277,0.005308184361613997
1,50,0.0,0.0,38.45432489443764,0.9998572732026781
2,50,0.0,0.0,95.19038602646054,0.9999999996973356
0,100,0.0,0.0,-22.78753549936605,0.0052356027060428325
1,100,0.0,0.0,227.14302095564847,1.0
2,100,0.0,0.0,390.1834453923448,1.0
0,200,0.0,0.0,-22.787536009486395,0.005235602094291081
1,200,0.0,0.0,-16.002997056534525,0.024486877587758044
2,200,0.0,0.0,26.265374747062488,0.9976425770842844
0,200,0.0,0.0,-22.787535990803114,0.00523560211669663
1,200,0.0,0.0,-18.855850144333075,0.012846933746605156
2,200,0.0,0.0,117.81536742827748,0.9999999999983463
0,200,0.1,0.0,-22.33271627940927,0.005810287694667251
1,200,0.1,0.0,38.322044428125224,0.9998528596955665
2,200,0.1,0.0,180.64571453214128,1.0
0,200,0.2,0.0,-19.925548148368996,0.01007046368193006
1,200,0.2,0.0,15.73715791809976,0.9740075899731064
2,200,0.2,0.0,128.43800010852877,0.9999999999998567
0,200,0.3,0.0,-21.713953490382668,0.006694030647471185
1,200,0.3,0.0,0.683311736630693,0.5392536407098312
2,200,0.3,0.0,72.51882147716418,0.999999944009051
0,200,0.0,0.0,-22.785463632229096,0.00523808793851783
1,200,0.0,0.0,-0.9889903531147431,0.4433138962717524
2,200,0.0,0.0,17.21672400641181,0.9813722090836908
0,200,0.0,0.1,-19.79167663614593,0.010382447080652493
1,200,0.0,0.1,278.8775305020406,1.0
2,200,0.0,0.1,184.12314688525467,1.0
0,200,0.0,0.2,-21.96503355010211,0.006320377650663593
1,200,0.0,0.2,57.78973165290299,0.9999983364873328
2,200,0.0,0.2,179.65721513272652,1.0
0,50,0.0,0.0,-22.727425463785277,0.005308184361613997
1,50,0.0,0.0,38.45432489443764,0.9998572732026781
2,50,0.0,0.0,95.19038602646054,0.9999999996973356
0,100,0.0,0.0,-22.78753549936605,0.0052356027060428325
1,100,0.0,0.0,227.14302095564847,1.0
2,100,0.0,0.0,390.1834453923448,1.0
0,200,0.0,0.0,-22.787536009486395,0.005235602094291081
1,200,0.0,0.0,-16.002997056534525,0.024486877587758044
2,200,0.0,0.0,26.265374747062488,0.9976425770842844
0,200,0.0,0.0,-22.787535990803114,0.00523560211669663
1,200,0.0,0.0,-18.855850144333075,0.012846933746605156
2,200,0.0,0.0,117.81536742827748,0.9999999999983463
0,200,0.1,0.0,-22.33271627940927,0.005810287694667251
1,200,0.1,0.0,38.322044428125224,0.9998528596955665
2,200,0.1,0.0,180.64571453214128,1.0
0,200,0.2,0.0,-19.925548148368996,0.01007046368193006
1,200,0.2,0.0,15.73715791809976,0.9740075899731064
2,200,0.2,0.0,128.43800010852877,0.9999999999998567
0,200,0.3,0.0,-21.713953490382668,0.006694030647471185
1,200,0.3,0.0,0.683311736630693,0.5392536407098312
2,200,0.3,0.0,72.51882147716418,0.999999944009051
0,200,0.0,0.0,-22.785463632229096,0.00523808793851783
1,200,0.0,0.0,-0.9889903531147431,0.4433138962717524
2,200,0.0,0.0,17.21672400641181,0.9813722090836908
0,200,0.0,0.1,-19.79167663614593,0.010382447080652493
1,200,0.0,0.1,278.8775305020406,1.0
2,200,0.0,0.1,184.12314688525467,1.0
0,200,0.0,0.2,-21.96503355010211,0.006320377650663593
1,200,0.0,0.2,57.78973165290299,0.9999983364873328
2,200,0.0,0.2,179.65721513272652,1.0
0,50,0.0,0.0,-22.727425463785277,0.005308184361613997
1,50,0.0,0.0,38.45432489443764,0.9998572732026781
2,50,0.0,0.0,95.19038602646054,0.9999999996973356
0,100,0.0,0.0,-22.78753549936605,0.0052356027060428325
1,100,0.0,0.0,227.14302095564847,1.0
2,100,0.0,0.0,390.1834453923448,1.0
0,200,0.0,0.0,-22.787536009486395,0.005235602094291081
1,200,0.0,0.0,-16.002997056534525,0.024486877587758044
2,200,0.0,0.0,26.265374747062488,0.9976425770842844
0,200,0.0,0.0,-22.787535990803114,0.00523560211669663
1,200,0.0,0.0,-18.855850144333075,0.012846933746605156
2,200,0.0,0.0,117.81536742827748,0.9999999999983463
0,200,0.1,0.0,-22.33271627940927,0.005810287694667251
1,200,0.1,0.0,38.322044428125224,0.9998528596955665
2,200,0.1,0.0,180.64571453214128,1.0
0,200,0.2,0.0,-19.925548148368996,0.01007046368193006
1,200,0.2,0.0,15.73715791809976,0.9740075899731064
2,200,0.2,0.0,128.43800010852877,0.9999999999998567
0,200,0.3,0.0,-21.713953490382668,0.006694030647471185
1,200,0.3,0.0,0.683311736630693,0.5392536407098312
2,200,0.3,0.0,72.51882147716418,0.999999944009051
0,200,0.0,0.0,-22.785463632229096,0.00523808793851783
1,200,0.0,0.0,-0.9889903531147431,0.4433138962717524
2,200,0.0,0.0,17.21672400641181,0.9813722090836908
0,200,0.0,0.1,-19.79167663614593,0.010382447080652493
1,200,0.0,0.1,278.8775305020406,1.0
2,200,0.0,0.1,184.12314688525467,1.0
0,200,0.0,0.2,-21.96503355010211,0.006320377650663593
1,200,0.0,0.2,57.78973165290299,0.9999983364873328
2,200,0.0,0.2,179.65721513272652,1.0
0,50,0.0,0.0,-22.727425463785277,0.005308184361613997
1,50,0.0,0.0,38.45432489443764,0.9998572732026781
2,50,0.0,0.0,95.19038602646054,0.9999999996973356
0,100,0.0,0.0,-22.78753549936605,0.0052356027060428325
1,100,0.0,0.0,227.14302095564847,1.0
2,100,0.0,0.0,390.1834453923448,1.0
0,200,0.0,0.0,-22.787536009486395,0.005235602094291081
1,200,0.0,0.0,-16.002997056534525,0.024486877587758044
2,200,0.0,0.0,26.265374747062488,0.9976425770842844
0,200,0.0,0.0,-22.787535990803114,0.00523560211669663
1,200,0.0,0.0,-18.855850144333075,0.012846933746605156
2,200,0.0,0.0,117.81536742827748,0.9999999999983463
0,200,0.1,0.0,-22.33271627940927,0.005810287694667251
1,200,0.1,0.0,38.322044428125224,0.9998528596955665
2,200,0.1,0.0,180.64571453214128,1.0
0,200,0.2,0.0,-19.925548148368996,0.01007046368193006
1,200,0.2,0.0,15.73715791809976,0.9740075899731064
2,200,0.2,0.0,128.43800010852877,0.9999999999998567
0,200,0.3,0.0,-21.713953490382668,0.006694030647471185
1,200,0.3,0.0,0.683311736630693,0.5392536407098312
2,200,0.3,0.0,72.51882147716418,0.999999944009051
0,200,0.0,0.0,-22.785463632229096,0.00523808793851783
1,200,0.0,0.0,-0.9889903531147431,0.4433138962717524
2,200,0.0,0.0,17.21672400641181,0.9813722090836908
0,200,0.0,0.1,-19.79167663614593,0.010382447080652493
1,200,0.0,0.1,278.8775305020406,1.0
2,200,0.0,0.1,184.12314688525467,1.0
0,200,0.0,0.2,-21.96503355010211,0.006320377650663593
1,200,0.0,0.2,57.78973165290299,0.9999983364873328
2,200,0.0,0.2,179.65721513272652,1.0
0,50,0.0,0.0,-22.727425463785277,0.005308184361613997
1,50,0.0,0.0,38.45432489443764,0.9998572732026781
2,50,0.0,0.0,95.19038602646054,0.9999999996973356
0,100,0.0,0.0,-22.78753549936605,0.0052356027060428325
1,100,0.0,0.0,227.14302095564847,1.0
2,100,0.0,0.0,390.1834453923448,1.0
0,200,0.0,0.0,-22.787536009486395,0.005235602094291081
1,200,0.0,0.0,-16.002997056534525,0.024486877587758044
2,200,0.0,0.0,26.265374747062488,0.9976425770842844
0,200,0.0,0.0,-22.787535990803114,0.00523560211669663
1,200,0.0,0.0,-18.855850144333075,0.012846933746605156
2,200,0.0,0.0,117.81536742827748,0.9999999999983463
0,200,0.1,0.0,-22.33271627940927,0.005810287694667251
1,200,0.1,0.0,38.322044428125224,0.9998528596955665
2,200,0.1,0.0,180.64571453214128,1.0
0,200,0.2,0.0,-19.925548148368996,0.01007046368193006
1,200,0.2,0.0,15.73715791809976,0.9740075899731064
2,200,0.2,0.0,128.43800010852877,0.9999999999998567
0,200,0.3,0.0,-21.713953490382668,0.006694030647471185
1,200,0.3,0.0,0.683311736630693,0.5392536407098312
2,200,0.3,0.0,72.51882147716418,0.999999944009051
0,200,0.0,0.0,-22.785463632229096,0.00523808793851783
1,200,0.0,0.0,-0.9889903531147431,0.4433138962717524
2,200,0.0,0.0,17.21672400641181,0.9813722090836908
0,200,0.0,0.1,-19.79167663614593,0.010382447080652493
1,200,0.0,0.1,278.8775305020406,1.0
2,200,0.0,0.1,184.12314688525467,1.0
0,200,0.0,0.2,-21.96503355010211,0.006320377650663593
1,200,0.0,0.2,57.78973165290299,0.9999983364873328
2,200,0.0,0.2,179.65721513272652,1.0
0,50,0.0,0.0,-22.727425463785277,0.005308184361613997
1,50,0.0,0.0,38.45432489443764,0.9998572732026781
2,50,0.0,0.0,95.19038602646054,0.9999999996973356
0,100,0.0,0.0,-22.78753549936605,0.0052356027060428325
1,100,0.0,0.0,227.14302095564847,1.0
2,100,0.0,0.0,390.1834453923448,1.0
0,200,0.0,0.0,-22.787536009486395,0.005235602094291081
1,200,0.0,0.0,-16.002997056534525,0.024486877587758044
2,200,0.0,0.0,26.265374747062488,0.9976425770842844
0,200,0.0,0.0,-22.787535990803114,0.00523560211669663
1,200,0.0,0.0,-18.855850144333075,0.012846933746605156
2,200,0.0,0.0,117.81536742827748,0.9999999999983463
0,200,0.1,0.0,-22.33271627940927,0.005810287694667251
1,200,0.1,0.0,38.322044428125224,0.9998528596955665
2,200,0.1,0.0,180.64571453214128,1.0
0,200,0.2,0.0,-19.925548148368996,0.01007046368193006
1,200,0.2,0.0,15.73715791809976,0.9740075899731064
2,200,0.2,0.0,128.43800010852877,0.9999999999998567
0,200,0.3,0.0,-21.713953490382668,0.006694030647471185
1,200,0.3,0.0,0.683311736630693,0.5392536407098312
2,200,0.3,0.0,72.51882147716418,0.999999944009051
0,200,0.0,0.0,-22.785463632229096,0.00523808793851783
1,200,0.0,0.0,-0.9889903531147431,0.4433138962717524
2,200,0.0,0.0,17.21672400641181,0.9813722090836908
0,200,0.0,0.1,-19.79167663614593,0.010382447080652493
1,200,0.0,0.1,278.8775305020406,1.0
2,200,0.0,0.1,184.12314688525467,1.0
0,200,0.0,0.2,-21.96503355010211,0.006320377650663593
1,200,0.0,0.2,57.78973165290299,0.9999983364873328
2,200,0.0,0.2,179.65721513272652,1.0
0,50,0.0,0.0,-22.727425463785277,0.005308184361613997
1,50,0.0,0.0,38.45432489443764,0.9998572732026781
2,50,0.0,0.0,95.19038602646054,0.9999999996973356
0,100,0.0,0.0,-22.78753549936605,0.0052356027060428325
1,100,0.0,0.0,227.14302095564847,1.0
2,100,0.0,0.0,390.1834453923448,1.0
0,200,0.0,0.0,-22.787536009486395,0.005235602094291081
1,200,0.0,0.0,-16.002997056534525,0.024486877587758044
2,200,0.0,0.0,26.265374747062488,0.9976425770842844
0,200,0.0,0.0,-22.787535990803114,0.00523560211669663
1,200,0.0,0.0,-18.855850144333075,0.012846933746605156
2,200,0.0,0.0,117.81536742827748,0.9999999999983463
0,200,0.1,0.0,-22.33271627940927,0.005810287694667251
1,200,0.1,0.0,38.322044428125224,0.9998528596955665
2,200,0.1,0.0,180.64571453214128,1.0
0,200,0.2,0.0,-19.925548148368996,0.01007046368193006
1,200,0.2,0.0,15.73715791809976,0.9740075899731064
2,200,0.2,0.0,128.43800010852877,0.9999999999998567
0,200,0.3,0.0,-21.713953490382668,0.006694030647471185
1,200,0.3,0.0,0.683311736630693,0.5392536407098312
2,200,0.3,0.0,72.51882147716418,0.999999944009051
0,200,0.0,0.0,-22.785463632229096,0.00523808793851783
1,200,0.0,0.0,-0.9889903531147431,0.4433138962717524
2,200,0.0,0.0,17.21672400641181,0.9813722090836908
0,200,0.0,0.1,-19.79167663614593,0.010382447080652493
1,200,0.0,0.1,278.8775305020406,1.0
2,200,0.0,0.1,184.12314688525467,1.0
0,200,0.0,0.2,-21.96503355010211,0.006320377650663593
1,200,0.0,0.2,57.78973165290299,0.9999983364873328
2,200,0.0,0.2,179.65721513272652,1.0
0,50,0.0,0.0,-22.727425463785277,0.005308184361613997
1,50,0.0,0.0,38.45432489443764,0.9998572732026781
2,50,0.0,0.0,95.19038602646054,0.9999999996973356
0,100,0.0,0.0,-22.78753549936605,0.0052356027060428325
1,100,0.0,0.0,227.14302095564847,1.0
2,100,0.0,0.0,390.1834453923448,1.0
0,200,0.0,0.0,-22.787536009486395,0.005235602094291081
1,200,0.0,0.0,-16.002997056534525,0.024486877587758044
2,200,0.0,0.0,26.265374747062488,0.9976425770842844
0,200,0.0,0.0,-22.787535990803114,0.00523560211669663
1,200,0.0,0.0,-18.855850144333075,0.012846933746605156
2,200,0.0,0.0,117.81536742827748,0.9999999999983463
0,200,0.1,0.0,-22.33271627940927,0.005810287694667251
1,200,0.1,0.0,38.322044428125224,0.9998528596955665
2,200,0.1,0.0,180.64571453214128,1.0
0,200,0.2,0.0,-19.925548148368996,0.01007046368193006
1,200,0.2,0.0,15.73715791809976,0.9740075899731064
2,200,0.2,0.0,128.43800010852877,0.9999999999998567
0,200,0.3,0.0,-21.713953490382668,0.006694030647471185
1,200,0.3,0.0,0.683311736630693,0.5392536407098312
2,200,0.3,0.0,72.51882147716418,0.999999944009051
0,200,0.0,0.0,-22.785463632229096,0.00523808793851783
1,200,0.0,0.0,-0.9889903531147431,0.4433138962717524
2,200,0.0,0.0,17.21672400641181,0.9813722090836908
0,200,0.0,0.1,-19.79167663614593,0.010382447080652493
1,200,0.0,0.1,278.8775305020406,1.0
2,200,0.0,0.1,184.12314688525467,1.0
0,200,0.0,0.2,-21.96503355010211,0.006320377650663593
1,200,0.0,0.2,57.78973165290299,0.9999983364873328
2,200,0.0,0.2,179.65721513272652,1.0
0,50,0.0,0.0,-22.727425463785277,0.005308184361613997
1,50,0.0,0.0,38.45432489443764,0.9998572732026781
2,50,0.0,0.0,95.19038602646054,0.9999999996973356
0,100,0.0,0.0,-22.78753549936605,0.0052356027060428325
1,100,0.0,0.0,227.14302095564847,1.0
2,100,0.0,0.0,390.1834453923448,1.0
0,200,0.0,0.0,-22.787536009486395,0.005235602094291081
1,200,0.0,0.0,-16.002997056534525,0.024486877587758044
2,200,0.0,0.0,26.265374747062488,0.9976425770842844
0,200,0.0,0.0,-22.787535990803114,0.00523560211669663
1,200,0.0,0.0,-18.855850144333075,0.012846933746605156
2,200,0.0,0.0,117.81536742827748,0.9999999999983463
0,200,0.1,0.0,-22.33271627940927,0.005810287694667251
1,200,0.1,0.0,38.322044428125224,0.9998528596955665
2,200,0.1,0.0,180.64571453214128,1.0
0,200,0.2,0.0,-19.925548148368996,0.01007046368193006
1,200,0.2,0.0,15.73715791809976,0.9740075899731064
2,200,0.2,0.0,128.43800010852877,0.9999999999998567
0,200,0.3,0.0,-21.713953490382668,0.006694030647471185
1,200,0.3,0.0,0.683311736630693,0.5392536407098312
2,200,0.3,0.0,72.51882147716418,0.999999944009051
0,200,0.0,0.0,-22.785463632229096,0.00523808793851783
1,200,0.0,0.0,-0.9889903531147431,0.4433138962717524
2,200,0.0,0.0,17.21672400641181,0.9813722090836908
0,200,0.0,0.1,-19.79167663614593,0.010382447080652493
1,200,0.0,0.1,278.8775305020406,1.0
2,200,0.0,0.1,184.12314688525467,1.0
0,200,0.0,0.2,-21.96503355010211,0.006320377650663593
1,200,0.0,0.2,57.78973165290299,0.9999983364873328
2,200,0.0,0.2,179.65721513272652,1.0
0,50,0.0,0.0,-22.727425463785277,0.005308184361613997
1,50,0.0,0.0,38.45432489443764,0.9998572732026781
2,50,0.0,0.0,95.19038602646054,0.9999999996973356
0,100,0.0,0.0,-22.78753549936605,0.0052356027060428325
1,100,0.0,0.0,227.14302095564847,1.0
2,100,0.0,0.0,390.1834453923448,1.0
0,200,0.0,0.0,-22.787536009486395,0.005235602094291081
1,200,0.0,0.0,-16.002997056534525,0.024486877587758044
2,200,0.0,0.0,26.265374747062488,0.9976425770842844
0,200,0.0,0.0,-22.787535990803114,0.00523560211669663
1,200,0.0,0.0,-18.855850144333075,0.012846933746605156
2,200,0.0,0.0,117.81536742827748,0.9999999999983463
0,200,0.1,0.0,-22.33271627940927,0.005810287694667251
1,200,0.1,0.0,38.322044428125224,0.9998528596955665
2,200,0.1,0.0,180.64571453214128,1.0
0,200,0.2,0.0,-19.925548148368996,0.01007046368193006
1,200,0.2,0.0,15.73715791809976,0.9740075899731064
2,200,0.2,0.0,128.43800010852877,0.9999999999998567
0,200,0.3,0.0,-21.713953490382668,0.006694030647471185
1,200,0.3,0.0,0.683311736630693,0.5392536407098312
2,200,0.3,0.0,72.51882147716418,0.999999944009051
0,200,0.0,0.0,-22.785463632229096,0.00523808793851783
1,200,0.0,0.0,-0.9889903531147431,0.4433138962717524
2,200,0.0,0.0,17.21672400641181,0.9813722090836908
0,200,0.0,0.1,-19.79167663614593,0.010382447080652493
1,200,0.0,0.1,278.8775305020406,1.0
2,200,0.0,0.1,184.12314688525467,1.0
0,200,0.0,0.2,-21.96503355010211,0.006320377650663593
1,200,0.0,0.2,57.78973165290299,0.9999983364873328
2,200,0.0,0.2,179.65721513272652,1.0
0,50,0.0,0.0,-22.727425463785277,0.005308184361613997
1,50,0.0,0.0,38.45432489443764,0.9998572732026781
2,50,0.0,0.0,95.19038602646054,0.9999999996973356
0,100,0.0,0.0,-22.78753549936605,0.0052356027060428325
1,100,0.0,0.0,227.14302095564847,1.0
2,100,0.0,0.0,390.1834453923448,1.0
0,200,0.0,0.0,-22.787536009486395,0.005235602094291081
1,200,0.0,0.0,-16.002997056534525,0.024486877587758044
2,200,0.0,0.0,26.265374747062488,0.9976425770842844
0,200,0.0,0.0,-22.787535990803114,0.00523560211669663
1,200,0.0,0.0,-18.855850144333075,0.012846933746605156
2,200,0.0,0.0,117.81536742827748,0.9999999999983463
0,200,0.1,0.0,-22.33271627940927,0.005810287694667251
1,200,0.1,0.0,38.322044428125224,0.9998528596955665
2,200,0.1,0.0,180.64571453214128,1.0
0,200,0.2,0.0,-19.925548148368996,0.01007046368193006
1,200,0.2,0.0,15.73715791809976,0.9740075899731064
2,200,0.2,0.0,128.43800010852877,0.9999999999998567
0,200,0.3,0.0,-21.713953490382668,0.006694030647471185
1,200,0.3,0.0,0.683311736630693,0.5392536407098312
2,200,0.3,0.0,72.51882147716418,0.999999944009051
0,200,0.0,0.0,-22.785463632229096,0.00523808793851783
1,200,0.0,0.0,-0.9889903531147431,0.4433138962717524
2,200,0.0,0.0,17.21672400641181,0.9813722090836908
0,200,0.0,0.1,-19.79167663614593,0.010382447080652493
1,200,0.0,0.1,278.8775305020406,1.0
2,200,0.0,0.1,184.12314688525467,1.0
0,200,0.0,0.2,-21.96503355010211,0.006320377650663593
1,200,0.0,0.2,57.78973165290299,0.9999983364873328
2,200,0.0,0.2,179.65721513272652,1.0
0,50,0.0,0.0,-22.727425463785277,0.005308184361613997
1,50,0.0,0.0,38.45432489443764,0.9998572732026781
2,50,0.0,0.0,95.19038602646054,0.9999999996973356
0,100,0.0,0.0,-22.78753549936605,0.0052356027060428325
1,100,0.0,0.0,227.14302095564847,1.0
2,100,0.0,0.0,390.1834453923448,1.0
0,200,0.0,0.0,-22.787536009486395,0.005235602094291081
1,200,0.0,0.0,-16.002997056534525,0.024486877587758044
2,200,0.0,0.0,26.265374747062488,0.9976425770842844
0,200,0.0,0.0,-22.787535990803114,0.00523560211669663
1,200,0.0,0.0,-18.855850144333075,0.012846933746605156
2,200,0.0,0.0,117.81536742827748,0.9999999999983463
0,200,0.1,0.0,-22.33271627940927,0.005810287694667251
1,200,0.1,0.0,38.322044428125224,0.9998528596955665
2,200,0.1,0.0,180.64571453214128,1.0
0,200,0.2,0.0,-19.925548148368996,0.01007046368193006
1,200,0.2,0.0,15.73715791809976,0.9740075899731064
2,200,0.2,0.0,128.43800010852877,0.9999999999998567
0,200,0.3,0.0,-21.713953490382668,0.006694030647471185
1,200,0.3,0.0,0.683311736630693,0.5392536407098312
2,200,0.3,0.0,72.51882147716418,0.999999944009051
0,200,0.0,0.0,-22.785463632229096,0.00523808793851783
1,200,0.0,0.0,-0.9889903531147431,0.4433138962717524
2,200,0.0,0.0,17.21672400641181,0.9813722090836908
0,200,0.0,0.1,-19.79167663614593,0.010382447080652493
1,200,0.0,0.1,278.8775305020406,1.0
2,200,0.0,0.1,184.12314688525467,1.0
0,200,0.0,0.2,-21.96503355010211,0.006320377650663593
1,200,0.0,0.2,57.78973165290299,0.9999983364873328
2,200,0.0,0.2,179.65721513272652,1.0
0,50,0.0,0.0,-22.727425463785277,0.005308184361613997
1,50,0.0,0.0,38.45432489443764,0.9998572732026781
2,50,0.0,0.0,95.19038602646054,0.9999999996973356
0,100,0.0,0.0,-22.78753549936605,0.0052356027060428325
1,100,0.0,0.0,227.14302095564847,1.0
2,100,0.0,0.0,390.1834453923448,1.0
0,200,0.0,0.0,-22.787536009486395,0.005235602094291081
1,200,0.0,0.0,-16.002997056534525,0.024486877587758044
2,200,0.0,0.0,26.265374747062488,0.9976425770842844
0,200,0.0,0.0,-22.787535990803114,0.00523560211669663
1,200,0.0,0.0,-18.855850144333075,0.012846933746605156
2,200,0.0,0.0,117.81536742827748,0.9999999999983463
0,200,0.1,0.0,-22.33271627940927,0.005810287694667251
1,200,0.1,0.0,38.322044428125224,0.9998528596955665
2,200,0.1,0.0,180.64571453214128,1.0
0,200,0.2,0.0,-19.925548148368996,0.01007046368193006
1,200,0.2,0.0,15.73715791809976,0.9740075899731064
2,200,0.2,0.0,128.43800010852877,0.9999999999998567
0,200,0.3,0.0,-21.713953490382668,0.006694030647471185
1,200,0.3,0.0,0.683311736630693,0.5392536407098312
2,200,0.3,0.0,72.51882147716418,0.999999944009051
0,200,0.0,0.0,-22.785463632229096,0.00523808793851783
1,200,0.0,0.0,-0.9889903531147431,0.4433138962717524
2,200,0.0,0.0,17.21672400641181,0.9813722090836908
0,200,0.0,0.1,-19.79167663614593,0.010382447080652493
1,200,0.0,0.1,278.8775305020406,1.0
2,200,0.0,0.1,184.12314688525467,1.0
0,200,0.0,0.2,-21.96503355010211,0.006320377650663593
1,200,0.0,0.2,57.78973165290299,0.9999983364873328
2,200,0.0,0.2,179.65721513272652,1.0
0,50,0.0,0.0,-22.727425463785277,0.005308184361613997
1,50,0.0,0.0,38.45432489443764,0.9998572732026781
2,50,0.0,0.0,95.19038602646054,0.9999999996973356
0,100,0.0,0.0,-22.78753549936605,0.0052356027060428325
1,100,0.0,0.0,227.14302095564847,1.0
2,100,0.0,0.0,390.1834453923448,1.0
0,200,0.0,0.0,-22.787536009486395,0.005235602094291081
1,200,0.0,0.0,-16.002997056534525,0.024486877587758044
2,200,0.0,0.0,26.265374747062488,0.9976425770842844
0,200,0.0,0.0,-22.787535990803114,0.00523560211669663
1,200,0.0,0.0,-18.855850144333075,0.012846933746605156
2,200,0.0,0.0,117.81536742827748,0.9999999999983463
0,200,0.1,0.0,-22.33271627940927,0.005810287694667251
1,200,0.1,0.0,38.322044428125224,0.9998528596955665
2,200,0.1,0.0,180.64571453214128,1.0
0,200,0.2,0.0,-19.925548148368996,0.01007046368193006
1,200,0.2,0.0,15.73715791809976,0.9740075899731064
2,200,0.2,0.0,128.43800010852877,0.9999999999998567
0,200,0.3,0.0,-21.713953490382668,0.006694030647471185
1,200,0.3,0.0,0.683311736630693,0.5392536407098312
2,200,0.3,0.0,72.51882147716418,0.999999944009051
0,200,0.0,0.0,-22.785463632229096,0.00523808793851783
1,200,0.0,0.0,-0.9889903531147431,0.4433138962717524
2,200,0.0,0.0,17.21672400641181,0.9813722090836908
0,200,0.0,0.1,-19.79167663614593,0.010382447080652493
1,200,0.0,0.1,278.8775305020406,1.0
2,200,0.0,0.1,184.12314688525467,1.0
0,200,0.0,0.2,-21.96503355010211,0.006320377650663593
1,200,0.0,0.2,57.78973165290299,0.9999983364873328
2,200,0.0,0.2,179.65721513272652,1.0
0,50,0.0,0.0,-22.727425463785277,0.005308184361613997
1,50,0.0,0.0,38.45432489443764,0.9998572732026781
2,50,0.0,0.0,95.19038602646054,0.9999999996973356
0,100,0.0,0.0,-22.78753549936605,0.0052356027060428325
1,100,0.0,0.0,227.14302095564847,1.0
2,100,0.0,0.0,390.1834453923448,1.0
0,200,0.0,0.0,-22.787536009486395,0.005235602094291081
1,200,0.0,0.0,-16.002997056534525,0.024486877587758044
2,200,0.0,0.0,26.265374747062488,0.9976425770842844
0,200,0.0,0.0,-22.787535990803114,0.00523560211669663
1,200,0.0,0.0,-18.855850144333075,0.012846933746605156
2,200,0.0,0.0,117.81536742827748,0.9999999999983463
0,200,0.1,0.0,-22.33271627940927,0.005810287694667251
1,200,0.1,0.0,38.322044428125224,0.9998528596955665
2,200,0.1,0.0,180.64571453214128,1.0
0,200,0.2,0.0,-19.925548148368996,0.01007046368193006
1,200,0.2,0.0,15.73715791809976,0.9740075899731064
2,200,0.2,0.0,128.43800010852877,0.9999999999998567
0,200,0.3,0.0,-21.713953490382668,0.006694030647471185
1,200,0.3,0.0,0.683311736630693,0.5392536407098312
2,200,0.3,0.0,72.51882147716418,0.999999944009051
0,200,0.0,0.0,-22.785463632229096,0.00523808793851783
1,200,0.0,0.0,-0.9889903531147431,0.4433138962717524
2,200,0.0,0.0,17.21672400641181,0.9813722090836908
0,200,0.0,0.1,-19.79167663614593,0.010382447080652493
1,200,0.0,0.1,278.8775305020406,1.0
2,200,0.0,0.1,184.12314688525467,1.0
0,200,0.0,0.2,-21.96503355010211,0.006320377650663593
1,200,0.0,0.2,57.78973165290299,0.9999983364873328
2,200,0.0,0.2,179.65721513272652,1.0
0,50,0.0,0.0,-22.727425463785277,0.005308184361613997
1,50,0.0,0.0,38.45432489443764,0.9998572732026781
2,50,0.0,0.0,95.19038602646054,0.9999999996973356
0,100,0.0,0.0,-22.78753549936605,0.0052356027060428325
1,100,0.0,0.0,227.14302095564847,1.0
2,100,0.0,0.0,390.1834453923448,1.0
0,200,0.0,0.0,-22.787536009486395,0.005235602094291081
1,200,0.0,0.0,-16.002997056534525,0.024486877587758044
2,200,0.0,0.0,26.265374747062488,0.9976425770842844
0,200,0.0,0.0,-22.787535990803114,0.00523560211669663
1,200,0.0,0.0,-18.855850144333075,0.012846933746605156
2,200,0.0,0.0,117.81536742827748,0.9999999999983463
0,200,0.1,0.0,-22.33271627940927,0.005810287694667251
1,200,0.1,0.0,38.322044428125224,0.9998528596955665
2,200,0.1,0.0,180.64571453214128,1.0
0,200,0.2,0.0,-19.925548148368996,0.01007046368193006
1,200,0.2,0.0,15.73715791809976,0.9740075899731064
2,200,0.2,0.0,128.43800010852877,0.9999999999998567
0,200,0.3,0.0,-21.713953490382668,0.006694030647471185
1,200,0.3,0.0,0.683311736630693,0.5392536407098312
2,200,0.3,0.0,72.51882147716418,0.999999944009051
0,200,0.0,0.0,-22.785463632229096,0.00523808793851783
1,200,0.0,0.0,-0.9889903531147431,0.4433138962717524
2,200,0.0,0.0,17.21672400641181,0.9813722090836908
0,200,0.0,0.1,-19.79167663614593,0.010382447080652493
1,200,0.0,0.1,278.8775305020406,1.0
2,200,0.0,0.1,184.12314688525467,1.0
0,200,0.0,0.2,-21.96503355010211,0.006320377650663593
1,200,0.0,0.2,57.78973165290299,0.9999983364873328
2,200,0.0,0.2,179.65721513272652,1.0
0,50,0.0,0.0,-22.727425463785277,0.005308184361613997
1,50,0.0,0.0,38.45432489443764,0.9998572732026781
2,50,0.0,0.0,95.19038602646054,0.9999999996973356
0,100,0.0,0.0,-22.78753549936605,0.0052356027060428325
1,100,0.0,0.0,227.14302095564847,1.0
2,100,0.0,0.0,390.1834453923448,1.0
0,200,0.0,0.0,-22.787536009486395,0.005235602094291081
1,200,0.0,0.0,-16.002997056534525,0.024486877587758044
2,200,0.0,0.0,26.265374747062488,0.9976425770842844
0,200,0.0,0.0,-22.787535990803114,0.00523560211669663
1,200,0.0,0.0,-18.855850144333075,0.012846933746605156
2,200,0.0,0.0,117.81536742827748,0.9999999999983463
0,200,0.1,0.0,-22.33271627940927,0.005810287694667251
1,200,0.1,0.0,38.322044428125224,0.9998528596955665
2,200,0.1,0.0,180.64571453214128,1.0
0,200,0.2,0.0,-19.925548148368996,0.01007046368193006
1,200,0.2,0.0,15.73715791809976,0.9740075899731064
2,200,0.2,0.0,128.43800010852877,0.9999999999998567
0,200,0.3,0.0,-21.713953490382668,0.006694030647471185
1,200,0.3,0.0,0.683311736630693,0.5392536407098312
2,200,0.3,0.0,72.51882147716418,0.999999944009051
0,200,0.0,0.0,-22.785463632229096,0.00523808793851783
1,200,0.0,0.0,-0.9889903531147431,0.4433138962717524
2,200,0.0,0.0,17.21672400641181,0.9813722090836908
0,200,0.0,0.1,-19.79167663614593,0.010382447080652493
1,200,0.0,0.1,278.8775305020406,1.0
2,200,0.0,0.1,184.12314688525467,1.0
0,200,0.0,0.2,-21.96503355010211,0.006320377650663593
1,200,0.0,0.2,57.78973165290299,0.9999983364873328
2,200,0.0,0.2,179.65721513272652,1.0
0,50,0.0,0.0,-22.727425463785277,0.005308184361613997
1,50,0.0,0.0,38.45432489443764,0.9998572732026781
2,50,0.0,0.0,95.19038602646054,0.9999999996973356
0,100,0.0,0.0,-22.78753549936605,0.0052356027060428325
1,100,0.0,0.0,227.14302095564847,1.0
2,100,0.0,0.0,390.1834453923448,1.0
0,200,0.0,0.0,-22.787536009486395,0.005235602094291081
1,200,0.0,0.0,-16.002997056534525,0.024486877587758044
2,200,0.0,0.0,26.265374747062488,0.9976425770842844
0,200,0.0,0.0,-22.787535990803114,0.00523560211669663
1,200,0.0,0.0,-18.855850144333075,0.012846933746605156
2,200,0.0,0.0,117.81536742827748,0.9999999999983463
0,200,0.1,0.0,-22.33271627940927,0.005810287694667251
1,200,0.1,0.0,38.322044428125224,0.9998528596955665
2,200,0.1,0.0,180.64571453214128,1.0
0,200,0.2,0.0,-19.925548148368996,0.01007046368193006
1,200,0.2,0.0,15.73715791809976,0.9740075899731064
2,200,0.2,0.0,128.43800010852877,0.9999999999998567
0,200,0.3,0.0,-21.713953490382668,0.006694030647471185
1,200,0.3,0.0,0.683311736630693,0.5392536407098312
2,200,0.3,0.0,72.51882147716418,0.999999944009051
0,200,0.0,0.0,-22.785463632229096,0.00523808793851783
1,200,0.0,0.0,-0.9889903531147431,0.4433138962717524
2,200,0.0,0.0,17.21672400641181,0.9813722090836908
0,200,0.0,0.1,-19.79167663614593,0.010382447080652493
1,200,0.0,0.1,278.8775305020406,1.0
2,200,0.0,0.1,184.12314688525467,1.0
0,200,0.0,0.2,-21.96503355010211,0.006320377650663593
1,200,0.0,0.2,57.78973165290299,0.9999983364873328
2,200,0.0,0.2,179.65721513272652,1.0
0,50,0.0,0.0,-22.727425463785277,0.005308184361613997
1,50,0.0,0.0,38.45432489443764,0.9998572732026781
2,50,0.0,0.0,95.19038602646054,0.9999999996973356
0,100,0.0,0.0,-22.78753549936605,0.0052356027060428325
1,100,0.0,0.0,227.14302095564847,1.0
2,100,0.0,0.0,390.1834453923448,1.0
0,200,0.0,0.0,-22.787536009486395,0.005235602094291081
1,200,0.0,0.0,-16.002997056534525,0.024486877587758044
2,200,0.0,0.0,26.265374747062488,0.9976425770842844
0,200,0.0,0.0,-22.787535990803114,0.00523560211669663
1,200,0.0,0.0,-18.855850144333075,0.012846933746605156
2,200,0.0,0.0,117.81536742827748,0.9999999999983463
0,200,0.1,0.0,-22.33271627940927,0.005810287694667251
1,200,0.1,0.0,38.322044428125224,0.9998528596955665
2,200,0.1,0.0,180.64571453214128,1.0
0,200,0.2,0.0,-19.925548148368996,0.01007046368193006
1,200,0.2,0.0,15.73715791809976,0.9740075899731064
2,200,0.2,0.0,128.43800010852877,0.9999999999998567
0,200,0.3,0.0,-21.713953490382668,0.006694030647471185
1,200,0.3,0.0,0.683311736630693,0.5392536407098312
2,200,0.3,0.0,72.51882147716418,0.999999944009051
0,200,0.0,0.0,-22.785463632229096,0.00523808793851783
1,200,0.0,0.0,-0.9889903531147431,0.4433138962717524
2,200,0.0,0.0,17.21672400641181,0.9813722090836908
0,200,0.0,0.1,-19.79167663614593,0.010382447080652493
1,200,0.0,0.1,278.8775305020406,1.0
2,200,0.0,0.1,184.12314688525467,1.0
0,200,0.0,0.2,-21.96503355010211,0.006320377650663593
1,200,0.0,0.2,57.78973165290299,0.9999983364873328
2,200,0.0,0.2,179.65721513272652,1.0
0,50,0.0,0.0,-22.727425463785277,0.005308184361613997
1,50,0.0,0.0,38.45432489443764,0.9998572732026781
2,50,0.0,0.0,95.19038602646054,0.9999999996973356
0,100,0.0,0.0,-22.78753549936605,0.0052356027060428325
1,100,0.0,0.0,227.14302095564847,1.0
2,100,0.0,0.0,390.1834453923448,1.0
0,200,0.0,0.0,-22.787536009486395,0.005235602094291081
1,200,0.0,0.0,-16.002997056534525,0.024486877587758044
2,200,0.0,0.0,26.265374747062488,0.9976425770842844
0,200,0.0,0.0,-22.787535990803114,0.00523560211669663
1,200,0.0,0.0,-18.855850144333075,0.012846933746605156
2,200,0.0,0.0,117.81536742827748,0.9999999999983463
0,200,0.1,0.0,-22.33271627940927,0.005810287694667251
1,200,0.1,0.0,38.322044428125224,0.9998528596955665
2,200,0.1,0.0,180.64571453214128,1.0
0,200,0.2,0.0,-19.925548148368996,0.01007046368193006
1,200,0.2,0.0,15.73715791809976,0.9740075899731064
2,200,0.2,0.0,128.43800010852877,0.9999999999998567
0,200,0.3,0.0,-21.713953490382668,0.006694030647471185
1,200,0.3,0.0,0.683311736630693,0.5392536407098312
2,200,0.3,0.0,72.51882147716418,0.999999944009051
0,200,0.0,0.0,-22.785463632229096,0.00523808793851783
1,200,0.0,0.0,-0.9889903531147431,0.4433138962717524
2,200,0.0,0.0,17.21672400641181,0.9813722090836908
0,200,0.0,0.1,-19.79167663614593,0.010382447080652493
1,200,0.0,0.1,278.8775305020406,1.0
2,200,0.0,0.1,184.12314688525467,1.0
0,200,0.0,0.2,-21.96503355010211,0.006320377650663593
1,200,0.0,0.2,57.78973165290299,0.9999983364873328
2,200,0.0,0.2,179.65721513272652,1.0
0,50,0.0,0.0,-22.727425463785277,0.005308184361613997
1,50,0.0,0.0,38.45432489443764,0.9998572732026781
2,50,0.0,0.0,95.19038602646054,0.9999999996973356
0,100,0.0,0.0,-22.78753549936605,0.0052356027060428325
1,100,0.0,0.0,227.14302095564847,1.0
2,100,0.0,0.0,390.1834453923448,1.0
0,200,0.0,0.0,-22.787536009486395,0.005235602094291081
1,200,0.0,0.0,-16.002997056534525,0.024486877587758044
2,200,0.0,0.0,26.265374747062488,0.9976425770842844
0,200,0.0,0.0,-22.787535990803114,0.00523560211669663
1,200,0.0,0.0,-18.855850144333075,0.012846933746605156
2,200,0.0,0.0,117.81536742827748,0.9999999999983463
0,200,0.1,0.0,-22.33271627940927,0.005810287694667251
1,200,0.1,0.0,38.322044428125224,0.9998528596955665
2,200,0.1,0.0,180.64571453214128,1.0
0,200,0.2,0.0,-19.925548148368996,0.01007046368193006
1,200,0.2,0.0,15.73715791809976,0.9740075899731064
2,200,0.2,0.0,128.43800010852877,0.9999999999998567
0,200,0.3,0.0,-21.713953490382668,0.006694030647471185
1,200,0.3,0.0,0.683311736630693,0.5392536407098312
2,200,0.3,0.0,72.51882147716418,0.999999944009051
0,200,0.0,0.0,-22.785463632229096,0.00523808793851783
1,200,0.0,0.0,-0.9889903531147431,0.4433138962717524
2,200,0.0,0.0,17.21672400641181,0.9813722090836908
0,200,0.0,0.1,-19.79167663614593,0.010382447080652493
1,200,0.0,0.1,278.8775305020406,1.0
2,200,0.0,0.1,184.12314688525467,1.0
0,200,0.0,0.2,-21.96503355010211,0.006320377650663593
1,200,0.0,0.2,57.78973165290299,0.9999983364873328
2,200,0.0,0.2,179.65721513272652,1.0
0,50,0.0,0.0,-22.727425463785277,0.005308184361613997
1,50,0.0,0.0,38.45432489443764,0.9998572732026781
2,50,0.0,0.0,95.19038602646054,0.9999999996973356
0,100,0.0,0.0,-22.78753549936605,0.0052356027060428325
1,100,0.0,0.0,227.14302095564847,1.0
2,100,0.0,0.0,390.1834453923448,1.0
0,200,0.0,0.0,-22.787536009486395,0.005235602094291081
1,200,0.0,0.0,-16.002997056534525,0.024486877587758044
2,200,0.0,0.0,26.265374747062488,0.9976425770842844
0,200,0.0,0.0,-22.787535990803114,0.00523560211669663
1,200,0.0,0.0,-18.855850144333075,0.012846933746605156
2,200,0.0,0.0,117.81536742827748,0.9999999999983463
0,200,0.1,0.0,-22.33271627940927,0.005810287694667251
1,200,0.1,0.0,38.322044428125224,0.9998528596955665
2,200,0.1,0.0,180.64571453214128,1.0
0,200,0.2,0.0,-19.925548148368996,0.01007046368193006
1,200,0.2,0.0,15.73715791809976,0.9740075899731064
2,200,0.2,0.0,128.43800010852877,0.9999999999998567
0,200,0.3,0.0,-21.713953490382668,0.006694030647471185
1,200,0.3,0.0,0.683311736630693,0.5392536407098312
2,200,0.3,0.0,72.51882147716418,0.999999944009051
0,200,0.0,0.0,-22.785463632229096,0.00523808793851783
1,200,0.0,0.0,-0.9889903531147431,0.4433138962717524
2,200,0.0,0.0,17.21672400641181,0.9813722090836908
0,200,0.0,0.1,-19.79167663614593,0.010382447080652493
1,200,0.0,0.1,278.8775305020406,1.0
2,200,0.0,0.1,184.12314688525467,1.0
0,200,0.0,0.2,-21.96503355010211,0.006320377650663593
1,200,0.0,0.2,57.78973165290299,0.9999983364873328
2,200,0.0,0.2,179.65721513272652,1.0
0,50,0.0,0.0,-22.727425463785277,0.005308184361613997
1,50,0.0,0.0,38.45432489443764,0.9998572732026781
2,50,0.0,0.0,95.19038602646054,0.9999999996973356
0,100,0.0,0.0,-22.78753549936605,0.0052356027060428325
1,100,0.0,0.0,227.14302095564847,1.0
2,100,0.0,0.0,390.1834453923448,1.0
0,200,0.0,0.0,-22.787536009486395,0.005235602094291081
1,200,0.0,0.0,-16.002997056534525,0.024486877587758044
2,200,0.0,0.0,26.265374747062488,0.9976425770842844
0,200,0.0,0.0,-22.787535990803114,0.00523560211669663
1,200,0.0,0.0,-18.855850144333075,0.012846933746605156
2,200,0.0,0.0,117.81536742827748,0.9999999999983463
0,200,0.1,0.0,-22.33271627940927,0.005810287694667251
1,200,0.1,0.0,38.322044428125224,0.9998528596955665
2,200,0.1,0.0,180.64571453214128,1.0
0,200,0.2,0.0,-19.925548148368996,0.01007046368193006
1,200,0.2,0.0,15.73715791809976,0.9740075899731064
2,200,0.2,0.0,128.43800010852877,0.9999999999998567
0,200,0.3,0.0,-21.713953490382668,0.006694030647471185
1,200,0.3,0.0,0.683311736630693,0.5392536407098312
2,200,0.3,0.0,72.51882147716418,0.999999944009051
0,200,0.0,0.0,-22.785463632229096,0.00523808793851783
1,200,0.0,0.0,-0.9889903531147431,0.4433138962717524
2,200,0.0,0.0,17.21672400641181,0.9813722090836908
0,200,0.0,0.1,-19.79167663614593,0.010382447080652493
1,200,0.0,0.1,278.8775305020406,1.0
2,200,0.0,0.1,184.12314688525467,1.0
0,200,0.0,0.2,-21.96503355010211,0.006320377650663593
1,200,0.0,0.2,57.78973165290299,0.9999983364873328
2,200,0.0,0.2,179.65721513272652,1.0
0,50,0.0,0.0,-22.727425463785277,0.005308184361613997
1,50,0.0,0.0,38.45432489443764,0.9998572732026781
2,50,0.0,0.0,95.19038602646054,0.9999999996973356
0,100,0.0,0.0,-22.78753549936605,0.0052356027060428325
1,100,0.0,0.0,227.14302095564847,1.0
2,100,0.0,0.0,390.1834453923448,1.0
0,200,0.0,0.0,-22.787536009486395,0.005235602094291081
1,200,0.0,0.0,-16.002997056534525,0.024486877587758044
2,200,0.0,0.0,26.265374747062488,0.9976425770842844
0,200,0.0,0.0,-22.787535990803114,0.00523560211669663
1,200,0.0,0.0,-18.855850144333075,0.012846933746605156
2,200,0.0,0.0,117.81536742827748,0.9999999999983463
0,200,0.1,0.0,-22.33271627940927,0.005810287694667251
1,200,0.1,0.0,38.322044428125224,0.9998528596955665
2,200,0.1,0.0,180.64571453214128,1.0
0,200,0.2,0.0,-19.925548148368996,0.01007046368193006
1,200,0.2,0.0,15.73715791809976,0.9740075899731064
2,200,0.2,0.0,128.43800010852877,0.9999999999998567
0,200,0.3,0.0,-21.713953490382668,0.006694030647471185
1,200,0.3,0.0,0.683311736630693,0.5392536407098312
2,200,0.3,0.0,72.51882147716418,0.999999944009051
0,200,0.0,0.0,-22.785463632229096,0.00523808793851783
1,200,0.0,0.0,-0.9889903531147431,0.4433138962717524
2,200,0.0,0.0,17.21672400641181,0.9813722090836908
0,200,0.0,0.1,-19.79167663614593,0.010382447080652493
1,200,0.0,0.1,278.8775305020406,1.0
2,200,0.0,0.1,184.12314688525467,1.0
0,200,0.0,0.2,-21.96503355010211,0.006320377650663593
1,200,0.0,0.2,57.78973165290299,0.9999983364873328
2,200,0.0,0.2,179.65721513272652,1.0
0,50,0.0,0.0,-22.727425463785277,0.005308184361613997
1,50,0.0,0.0,38.45432489443764,0.9998572732026781
2,50,0.0,0.0,95.19038602646054,0.9999999996973356
0,100,0.0,0.0,-22.78753549936605,0.0052356027060428325
1,100,0.0,0.0,227.14302095564847,1.0
2,100,0.0,0.0,390.1834453923448,1.0
0,200,0.0,0.0,-22.787536009486395,0.005235602094291081
1,200,0.0,0.0,-16.002997056534525,0.024486877587758044
2,200,0.0,0.0,26.265374747062488,0.9976425770842844
0,200,0.0,0.0,-22.787535990803114,0.00523560211669663
1,200,0.0,0.0,-18.855850144333075,0.012846933746605156
2,200,0.0,0.0,117.81536742827748,0.9999999999983463
0,200,0.1,0.0,-22.33271627940927,0.005810287694667251
1,200,0.1,0.0,38.322044428125224,0.9998528596955665
2,200,0.1,0.0,180.64571453214128,1.0
0,200,0.2,0.0,-19.925548148368996,0.01007046368193006
1,200,0.2,0.0,15.73715791809976,0.9740075899731064
2,200,0.2,0.0,128.43800010852877,0.9999999999998567
0,200,0.3,0.0,-21.713953490382668,0.006694030647471185
1,200,0.3,0.0,0.683311736630693,0.5392536407098312
2,200,0.3,0.0,72.51882147716418,0.999999944009051
0,200,0.0,0.0,-22.785463632229096,0.00523808793851783
1,200,0.0,0.0,-0.9889903531147431,0.4433138962717524
2,200,0.0,0.0,17.21672400641181,0.9813722090836908
0,200,0.0,0.1,-19.79167663614593,0.010382447080652493
1,200,0.0,0.1,278.8775305020406,1.0
2,200,0.0,0.1,184.12314688525467,1.0
0,200,0.0,0.2,-21.96503355010211,0.006320377650663593
1,200,0.0,0.2,57.78973165290299,0.9999983364873328
2,200,0.0,0.2,179.65721513272652,1.0
0,50,0.0,0.0,-22.727425463785277,0.005308184361613997
1,50,0.0,0.0,38.45432489443764,0.9998572732026781
2,50,0.0,0.0,95.19038602646054,0.9999999996973356
0,100,0.0,0.0,-22.78753549936605,0.0052356027060428325
1,100,0.0,0.0,227.14302095564847,1.0
2,100,0.0,0.0,390.1834453923448,1.0
0,200,0.0,0.0,-22.787536009486395,0.005235602094291081
1,200,0.0,0.0,-16.002997056534525,0.024486877587758044
2,200,0.0,0.0,26.265374747062488,0.9976425770842844
0,200,0.0,0.0,-22.787535990803114,0.00523560211669663
1,200,0.0,0.0,-18.855850144333075,0.012846933746605156
2,200,0.0,0.0,117.81536742827748,0.9999999999983463
0,200,0.1,0.0,-22.33271627940927,0.005810287694667251
1,200,0.1,0.0,38.322044428125224,0.9998528596955665
2,200,0.1,0.0,180.64571453214128,1.0
0,200,0.2,0.0,-19.925548148368996,0.01007046368193006
1,200,0.2,0.0,15.73715791809976,0.9740075899731064
2,200,0.2,0.0,128.43800010852877,0.9999999999998567
0,200,0.3,0.0,-21.713953490382668,0.006694030647471185
1,200,0.3,0.0,0.683311736630693,0.5392536407098312
2,200,0.3,0.0,72.51882147716418,0.999999944009051
0,200,0.0,0.0,-22.785463632229096,0.00523808793851783
1,200,0.0,0.0,-0.9889903531147431,0.4433138962717524
2,200,0.0,0.0,17.21672400641181,0.9813722090836908
0,200,0.0,0.1,-19.79167663614593,0.010382447080652493
1,200,0.0,0.1,278.8775305020406,1.0
2,200,0.0,0.1,184.12314688525467,1.0
0,200,0.0,0.2,-21.96503355010211,0.006320377650663593
1,200,0.0,0.2,57.78973165290299,0.9999983364873328
2,200,0.0,0.2,179.65721513272652,1.0
0,50,0.0,0.0,-22.727425463785277,0.005308184361613997
1,50,0.0,0.0,38.45432489443764,0.9998572732026781
2,50,0.0,0.0,95.19038602646054,0.9999999996973356
0,100,0.0,0.0,-22.78753549936605,0.0052356027060428325
1,100,0.0,0.0,227.14302095564847,1.0
2,100,0.0,0.0,390.1834453923448,1.0
0,200,0.0,0.0,-22.787536009486395,0.005235602094291081
1,200,0.0,0.0,-16.002997056534525,0.024486877587758044
2,200,0.0,0.0,26.265374747062488,0.9976425770842844
0,200,0.0,0.0,-22.787535990803114,0.00523560211669663
1,200,0.0,0.0,-18.855850144333075,0.012846933746605156
2,200,0.0,0.0,117.81536742827748,0.9999999999983463
0,200,0.1,0.0,-22.33271627940927,0.005810287694667251
1,200,0.1,0.0,38.322044428125224,0.9998528596955665
2,200,0.1,0.0,180.64571453214128,1.0
0,200,0.2,0.0,-19.925548148368996,0.01007046368193006
1,200,0.2,0.0,15.73715791809976,0.9740075899731064
2,200,0.2,0.0,128.43800010852877,0.9999999999998567
0,200,0.3,0.0,-21.713953490382668,0.006694030647471185
1,200,0.3,0.0,0.683311736630693,0.5392536407098312
2,200,0.3,0.0,72.51882147716418,0.999999944009051
0,200,0.0,0.0,-22.785463632229096,0.00523808793851783
1,200,0.0,0.0,-0.9889903531147431,0.4433138962717524
2,200,0.0,0.0,17.21672400641181,0.9813722090836908
0,200,0.0,0.1,-19.79167663614593,0.010382447080652493
1,200,0.0,0.1,278.8775305020406,1.0
2,200,0.0,0.1,184.12314688525467,1.0
0,200,0.0,0.2,-21.96503355010211,0.006320377650663593
1,200,0.0,0.2,57.78973165290299,0.9999983364873328
2,200,0.0,0.2,179.65721513272652,1.0
0,50,0.0,0.0,-22.4093257588218,0.005709273040195226
1,50,0.0,0.0,40.24037364341689,0.9999053933756847
2,50,0.0,0.0,108.8561744535181,0.9999999999869869
0,100,0.0,0.0,-22.783532093737694,0.005240405901830804
1,100,0.0,0.0,-11.119664776791716,0.07173107423298744
2,100,0.0,0.0,292.3065338601311,1.0
0,200,0.0,0.0,-22.78753576576517,0.005235602386568936
1,200,0.0,0.0,655.6677332310815,1.0
2,200,0.0,0.0,251.40479381576372,1.0
0,200,0.0,0.0,-22.787535347825553,0.0052356028877748005
1,200,0.0,0.0,85.46971718110629,0.9999999971618961
2,200,0.0,0.0,54.79924936251149,0.999996688127375
0,200,0.1,0.0,-21.26707803836365,0.0074141314900356544
1,200,0.1,0.0,13.112117875760706,0.9534329865232827
2,200,0.1,0.0,165.31592492473357,1.0
0,200,0.2,0.0,-22.397496599322416,0.005724755808264232
1,200,0.2,0.0,57.84039910944863,0.9999983557820883
2,200,0.2,0.0,70.94179130550354,0.9999999194953744
0,200,0.3,0.0,-21.602168621096855,0.006867369090771572
1,200,0.3,0.0,-14.146759249692254,0.03706146986636228
2,200,0.3,0.0,45.258068683863954,0.9999702024751577
0,200,0.0,0.0,-22.786059115970417,0.0052373735276234346
1,200,0.0,0.0,-11.5564504023117,0.06531602640901933
2,200,0.0,0.0,18.0226257575112,0.9844781491663022
0,200,0.0,0.1,-22.112009710413997,0.006111344452456862
1,200,0.0,0.1,288.1053104149371,1.0
2,200,0.0,0.1,513.9187811754176,1.0
0,200,0.0,0.2,-22.73749076424378,0.005295961324123571
1,200,0.0,0.2,89.8099102829033,0.9999999989552582
2,200,0.0,0.2,172.5952542351415,1.0
0,50,0.0,0.0,-22.4093257588218,0.005709273040195226
1,50,0.0,0.0,40.24037364341689,0.9999053933756847
2,50,0.0,0.0,108.8561744535181,0.9999999999869869
0,100,0.0,0.0,-22.783532093737694,0.005240405901830804
1,100,0.0,0.0,-11.119664776791716,0.07173107423298744
2,100,0.0,0.0,292.3065338601311,1.0
0,200,0.0,0.0,-22.78753576576517,0.005235602386568936
1,200,0.0,0.0,655.6677332310815,1.0
2,200,0.0,0.0,251.40479381576372,1.0
0,200,0.0,0.0,-22.787535347825553,0.0052356028877748005
1,200,0.0,0.0,85.46971718110629,0.9999999971618961
2,200,0.0,0.0,54.79924936251149,0.999996688127375
0,200,0.1,0.0,-21.26707803836365,0.0074141314900356544
1,200,0.1,0.0,13.112117875760706,0.9534329865232827
2,200,0.1,0.0,165.31592492473357,1.0
0,200,0.2,0.0,-22.397496599322416,0.005724755808264232
1,200,0.2,0.0,57.84039910944863,0.9999983557820883
2,200,0.2,0.0,70.94179130550354,0.9999999194953744
0,200,0.3,0.0,-21.602168621096855,0.006867369090771572
1,200,0.3,0.0,-14.146759249692254,0.03706146986636228
2,200,0.3,0.0,45.258068683863954,0.9999702024751577
0,200,0.0,0.0,-22.786059115970417,0.0052373735276234346
1,200,0.0,0.0,-11.5564504023117,0.06531602640901933
2,200,0.0,0.0,18.0226257575112,0.9844781491663022
0,200,0.0,0.1,-22.112009710413997,0.006111344452456862
1,200,0.0,0.1,288.1053104149371,1.0
2,200,0.0,0.1,513.9187811754176,1.0
0,200,0.0,0.2,-22.73749076424378,0.005295961324123571
1,200,0.0,0.2,89.8099102829033,0.9999999989552582
2,200,0.0,0.2,172.5952542351415,1.0
0,50,0.0,0.0,-22.4093257588218,0.005709273040195226
1,50,0.0,0.0,40.24037364341689,0.9999053933756847
2,50,0.0,0.0,108.8561744535181,0.9999999999869869
0,100,0.0,0.0,-22.783532093737694,0.005240405901830804
1,100,0.0,0.0,-11.119664776791716,0.07173107423298744
2,100,0.0,0.0,292.3065338601311,1.0
0,200,0.0,0.0,-22.78753576576517,0.005235602386568936
1,200,0.0,0.0,655.6677332310815,1.0
2,200,0.0,0.0,251.40479381576372,1.0
0,200,0.0,0.0,-22.787535347825553,0.0052356028877748005
1,200,0.0,0.0,85.46971718110629,0.9999999971618961
2,200,0.0,0.0,54.79924936251149,0.999996688127375
0,200,0.1,0.0,-21.26707803836365,0.0074141314900356544
1,200,0.1,0.0,13.112117875760706,0.9534329865232827
2,200,0.1,0.0,165.31592492473357,1.0
0,200,0.2,0.0,-22.397496599322416,0.005724755808264232
1,200,0.2,0.0,57.84039910944863,0.9999983557820883
2,200,0.2,0.0,70.94179130550354,0.9999999194953744
0,200,0.3,0.0,-21.602168621096855,0.006867369090771572
1,200,0.3,0.0,-14.146759249692254,0.03706146986636228
2,200,0.3,0.0,45.258068683863954,0.9999702024751577
0,200,0.0,0.0,-22.786059115970417,0.0052373735276234346
1,200,0.0,0.0,-11.5564504023117,0.06531602640901933
2,200,0.0,0.0,18.0226257575112,0.9844781491663022
0,200,0.0,0.1,-22.112009710413997,0.006111344452456862
1,200,0.0,0.1,288.1053104149371,1.0
2,200,0.0,0.1,513.9187811754176,1.0
0,200,0.0,0.2,-22.73749076424378,0.005295961324123571
1,200,0.0,0.2,89.8099102829033,0.9999999989552582
2,200,0.0,0.2,172.5952542351415,1.0
0,50,0.0,0.0,-22.4093257588218,0.005709273040195226
1,50,0.0,0.0,40.24037364341689,0.9999053933756847
2,50,0.0,0.0,108.8561744535181,0.9999999999869869
0,100,0.0,0.0,-22.783532093737694,0.005240405901830804
1,100,0.0,0.0,-11.119664776791716,0.07173107423298744
2,100,0.0,0.0,292.3065338601311,1.0
0,200,0.0,0.0,-22.78753576576517,0.005235602386568936
1,200,0.0,0.0,655.6677332310815,1.0
2,200,0.0,0.0,251.40479381576372,1.0
0,200,0.0,0.0,-22.787535347825553,0.0052356028877748005
1,200,0.0,0.0,85.46971718110629,0.9999999971618961
2,200,0.0,0.0,54.79924936251149,0.999996688127375
0,200,0.1,0.0,-21.26707803836365,0.0074141314900356544
1,200,0.1,0.0,13.112117875760706,0.9534329865232827
2,200,0.1,0.0,165.31592492473357,1.0
0,200,0.2,0.0,-22.397496599322416,0.005724755808264232
1,200,0.2,0.0,57.84039910944863,0.9999983557820883
2,200,0.2,0.0,70.94179130550354,0.9999999194953744
0,200,0.3,0.0,-21.602168621096855,0.006867369090771572
1,200,0.3,0.0,-14.146759249692254,0.03706146986636228
2,200,0.3,0.0,45.258068683863954,0.9999702024751577
0,200,0.0,0.0,-22.786059115970417,0.0052373735276234346
1,200,0.0,0.0,-11.5564504023117,0.06531602640901933
2,200,0.0,0.0,18.0226257575112,0.9844781491663022
0,200,0.0,0.1,-22.112009710413997,0.006111344452456862
1,200,0.0,0.1,288.1053104149371,1.0
2,200,0.0,0.1,513.9187811754176,1.0
0,200,0.0,0.2,-22.73749076424378,0.005295961324123571
1,200,0.0,0.2,89.8099102829033,0.9999999989552582
2,200,0.0,0.2,172.5952542351415,1.0
0,50,0.0,0.0,-22.4093257588218,0.005709273040195226
1,50,0.0,0.0,40.24037364341689,0.9999053933756847
2,50,0.0,0.0,108.8561744535181,0.9999999999869869
0,100,0.0,0.0,-22.783532093737694,0.005240405901830804
1,100,0.0,0.0,-11.119664776791716,0.07173107423298744
2,100,0.0,0.0,292.3065338601311,1.0
0,200,0.0,0.0,-22.78753576576517,0.005235602386568936
1,200,0.0,0.0,655.6677332310815,1.0
2,200,0.0,0.0,251.40479381576372,1.0
0,200,0.0,0.0,-22.787535347825553,0.0052356028877748005
1,200,0.0,0.0,85.46971718110629,0.9999999971618961
2,200,0.0,0.0,54.79924936251149,0.999996688127375
0,200,0.1,0.0,-21.26707803836365,0.0074141314900356544
1,200,0.1,0.0,13.112117875760706,0.9534329865232827
2,200,0.1,0.0,165.31592492473357,1.0
0,200,0.2,0.0,-22.397496599322416,0.005724755808264232
1,200,0.2,0.0,57.84039910944863,0.9999983557820883
2,200,0.2,0.0,70.94179130550354,0.9999999194953744
0,200,0.3,0.0,-21.602168621096855,0.006867369090771572
1,200,0.3,0.0,-14.146759249692254,0.03706146986636228
2,200,0.3,0.0,45.258068683863954,0.9999702024751577
0,200,0.0,0.0,-22.786059115970417,0.0052373735276234346
1,200,0.0,0.0,-11.5564504023117,0.06531602640901933
2,200,0.0,0.0,18.0226257575112,0.9844781491663022
0,200,0.0,0.1,-22.112009710413997,0.006111344452456862
1,200,0.0,0.1,288.1053104149371,1.0
2,200,0.0,0.1,513.9187811754176,1.0
0,200,0.0,0.2,-22.73749076424378,0.005295961324123571
1,200,0.0,0.2,89.8099102829033,0.9999999989552582
2,200,0.0,0.2,172.5952542351415,1.0
0,50,0.0,0.0,-22.4093257588218,0.005709273040195226
1,50,0.0,0.0,40.24037364341689,0.9999053933756847
2,50,0.0,0.0,108.8561744535181,0.9999999999869869
0,100,0.0,0.0,-22.783532093737694,0.005240405901830804
1,100,0.0,0.0,-11.119664776791716,0.07173107423298744
2,100,0.0,0.0,292.3065338601311,1.0
0,200,0.0,0.0,-22.78753576576517,0.005235602386568936
1,200,0.0,0.0,655.6677332310815,1.0
2,200,0.0,0.0,251.40479381576372,1.0
0,200,0.0,0.0,-22.787535347825553,0.0052356028877748005
1,200,0.0,0.0,85.46971718110629,0.9999999971618961
2,200,0.0,0.0,54.79924936251149,0.999996688127375
0,200,0.1,0.0,-21.26707803836365,0.0074141314900356544
1,200,0.1,0.0,13.112117875760706,0.9534329865232827
2,200,0.1,0.0,165.31592492473357,1.0
0,200,0.2,0.0,-22.397496599322416,0.005724755808264232
1,200,0.2,0.0,57.84039910944863,0.9999983557820883
2,200,0.2,0.0,70.94179130550354,0.9999999194953744
0,200,0.3,0.0,-21.602168621096855,0.006867369090771572
1,200,0.3,0.0,-14.146759249692254,0.03706146986636228
2,200,0.3,0.0,45.258068683863954,0.9999702024751577
0,200,0.0,0.0,-22.786059115970417,0.0052373735276234346
1,200,0.0,0.0,-11.5564504023117,0.06531602640901933
2,200,0.0,0.0,18.0226257575112,0.9844781491663022
0,200,0.0,0.1,-22.112009710413997,0.006111344452456862
1,200,0.0,0.1,288.1053104149371,1.0
2,200,0.0,0.1,513.9187811754176,1.0
0,200,0.0,0.2,-22.73749076424378,0.005295961324123571
1,200,0.0,0.2,89.8099102829033,0.9999999989552582
2,200,0.0,0.2,172.5952542351415,1.0
0,50,0.0,0.0,-22.4093257588218,0.005709273040195226
1,50,0.0,0.0,40.24037364341689,0.9999053933756847
2,50,0.0,0.0,108.8561744535181,0.9999999999869869
0,100,0.0,0.0,-22.783532093737694,0.005240405901830804
1,100,0.0,0.0,-11.119664776791716,0.07173107423298744
2,100,0.0,0.0,292.3065338601311,1.0
0,200,0.0,0.0,-22.78753576576517,0.005235602386568936
1,200,0.0,0.0,655.6677332310815,1.0
2,200,0.0,0.0,251.40479381576372,1.0
0,200,0.0,0.0,-22.787535347825553,0.0052356028877748005
1,200,0.0,0.0,85.46971718110629,0.9999999971618961
2,200,0.0,0.0,54.79924936251149,0.999996688127375
0,200,0.1,0.0,-21.26707803836365,0.0074141314900356544
1,200,0.1,0.0,13.112117875760706,0.9534329865232827
2,200,0.1,0.0,165.31592492473357,1.0
0,200,0.2,0.0,-22.397496599322416,0.005724755808264232
1,200,0.2,0.0,57.84039910944863,0.9999983557820883
2,200,0.2,0.0,70.94179130550354,0.9999999194953744
0,200,0.3,0.0,-21.602168621096855,0.006867369090771572
1,200,0.3,0.0,-14.146759249692254,0.03706146986636228
2,200,0.3,0.0,45.258068683863954,0.9999702024751577
0,200,0.0,0.0,-22.786059115970417,0.0052373735276234346
1,200,0.0,0.0,-11.5564504023117,0.06531602640901933
2,200,0.0,0.0,18.0226257575112,0.9844781491663022
0,200,0.0,0.1,-22.112009710413997,0.006111344452456862
1,200,0.0,0.1,288.1053104149371,1.0
2,200,0.0,0.1,513.9187811754176,1.0
0,200,0.0,0.2,-22.73749076424378,0.005295961324123571
1,200,0.0,0.2,89.8099102829033,0.9999999989552582
2,200,0.0,0.2,172.5952542351415,1.0
0,50,0.0,0.0,-22.4093257588218,0.005709273040195226
1,50,0.0,0.0,40.24037364341689,0.9999053933756847
2,50,0.0,0.0,108.8561744535181,0.9999999999869869
0,100,0.0,0.0,-22.783532093737694,0.005240405901830804
1,100,0.0,0.0,-11.119664776791716,0.07173107423298744
2,100,0.0,0.0,292.3065338601311,1.0
0,200,0.0,0.0,-22.78753576576517,0.005235602386568936
1,200,0.0,0.0,655.6677332310815,1.0
2,200,0.0,0.0,251.40479381576372,1.0
0,200,0.0,0.0,-22.787535347825553,0.0052356028877748005
1,200,0.0,0.0,85.46971718110629,0.9999999971618961
2,200,0.0,0.0,54.79924936251149,0.999996688127375
0,200,0.1,0.0,-21.26707803836365,0.0074141314900356544
1,200,0.1,0.0,13.112117875760706,0.9534329865232827
2,200,0.1,0.0,165.31592492473357,1.0
0,200,0.2,0.0,-22.397496599322416,0.005724755808264232
1,200,0.2,0.0,57.84039910944863,0.9999983557820883
2,200,0.2,0.0,70.94179130550354,0.9999999194953744
0,200,0.3,0.0,-21.602168621096855,0.006867369090771572
1,200,0.3,0.0,-14.146759249692254,0.03706146986636228
2,200,0.3,0.0,45.258068683863954,0.9999702024751577
0,200,0.0,0.0,-22.786059115970417,0.0052373735276234346
1,200,0.0,0.0,-11.5564504023117,0.06531602640901933
2,200,0.0,0.0,18.0226257575112,0.9844781491663022
0,200,0.0,0.1,-22.112009710413997,0.006111344452456862
1,200,0.0,0.1,288.1053104149371,1.0
2,200,0.0,0.1,513.9187811754176,1.0
0,200,0.0,0.2,-22.73749076424378,0.005295961324123571
1,200,0.0,0.2,89.8099102829033,0.9999999989552582
2,200,0.0,0.2,172.5952542351415,1.0
0,50,0.0,0.0,-22.4093257588218,0.005709273040195226
1,50,0.0,0.0,40.24037364341689,0.9999053933756847
2,50,0.0,0.0,108.8561744535181,0.9999999999869869
0,100,0.0,0.0,-22.783532093737694,0.005240405901830804
1,100,0.0,0.0,-11.119664776791716,0.07173107423298744
2,100,0.0,0.0,292.3065338601311,1.0
0,200,0.0,0.0,-22.78753576576517,0.005235602386568936
1,200,0.0,0.0,655.6677332310815,1.0
2,200,0.0,0.0,251.40479381576372,1.0
0,200,0.0,0.0,-22.787535347825553,0.0052356028877748005
1,200,0.0,0.0,85.46971718110629,0.9999999971618961
2,200,0.0,0.0,54.79924936251149,0.999996688127375
0,200,0.1,0.0,-21.26707803836365,0.0074141314900356544
1,200,0.1,0.0,13.112117875760706,0.9534329865232827
2,200,0.1,0.0,165.31592492473357,1.0
0,200,0.2,0.0,-22.397496599322416,0.005724755808264232
1,200,0.2,0.0,57.84039910944863,0.9999983557820883
2,200,0.2,0.0,70.94179130550354,0.9999999194953744
0,200,0.3,0.0,-21.602168621096855,0.006867369090771572
1,200,0.3,0.0,-14.146759249692254,0.03706146986636228
2,200,0.3,0.0,45.258068683863954,0.9999702024751577
0,200,0.0,0.0,-22.786059115970417,0.0052373735276234346
1,200,0.0,0.0,-11.5564504023117,0.06531602640901933
2,200,0.0,0.0,18.0226257575112,0.9844781491663022
0,200,0.0,0.1,-22.112009710413997,0.006111344452456862
1,200,0.0,0.1,288.1053104149371,1.0
2,200,0.0,0.1,513.9187811754176,1.0
0,200,0.0,0.2,-22.73749076424378,0.005295961324123571
1,200,0.0,0.2,89.8099102829033,0.9999999989552582
2,200,0.0,0.2,172.5952542351415,1.0
0,50,0.0,0.0,-22.4093257588218,0.005709273040195226
1,50,0.0,0.0,40.24037364341689,0.9999053933756847
2,50,0.0,0.0,108.8561744535181,0.9999999999869869
0,100,0.0,0.0,-22.783532093737694,0.005240405901830804
1,100,0.0,0.0,-11.119664776791716,0.07173107423298744
2,100,0.0,0.0,292.3065338601311,1.0
0,200,0.0,0.0,-22.78753576576517,0.005235602386568936
1,200,0.0,0.0,655.6677332310815,1.0
2,200,0.0,0.0,251.40479381576372,1.0
0,200,0.0,0.0,-22.787535347825553,0.0052356028877748005
1,200,0.0,0.0,85.46971718110629,0.9999999971618961
2,200,0.0,0.0,54.79924936251149,0.999996688127375
0,200,0.1,0.0,-21.26707803836365,0.0074141314900356544
1,200,0.1,0.0,13.112117875760706,0.9534329865232827
2,200,0.1,0.0,165.31592492473357,1.0
0,200,0.2,0.0,-22.397496599322416,0.005724755808264232
1,200,0.2,0.0,57.84039910944863,0.9999983557820883
2,200,0.2,0.0,70.94179130550354,0.9999999194953744
0,200,0.3,0.0,-21.602168621096855,0.006867369090771572
1,200,0.3,0.0,-14.146759249692254,0.03706146986636228
2,200,0.3,0.0,45.258068683863954,0.9999702024751577
0,200,0.0,0.0,-22.786059115970417,0.0052373735276234346
1,200,0.0,0.0,-11.5564504023117,0.06531602640901933
2,200,0.0,0.0,18.0226257575112,0.9844781491663022
0,200,0.0,0.1,-22.112009710413997,0.006111344452456862
1,200,0.0,0.1,288.1053104149371,1.0
2,200,0.0,0.1,513.9187811754176,1.0
0,200,0.0,0.2,-22.73749076424378,0.005295961324123571
1,200,0.0,0.2,89.8099102829033,0.9999999989552582
2,200,0.0,0.2,172.5952542351415,1.0
0,50,0.0,0.0,-22.4093257588218,0.005709273040195226
1,50,0.0,0.0,40.24037364341689,0.9999053933756847
2,50,0.0,0.0,108.8561744535181,0.9999999999869869
0,100,0.0,0.0,-22.783532093737694,0.005240405901830804
1,100,0.0,0.0,-11.119664776791716,0.07173107423298744
2,100,0.0,0.0,292.3065338601311,1.0
0,200,0.0,0.0,-22.78753576576517,0.005235602386568936
1,200,0.0,0.0,655.6677332310815,1.0
2,200,0.0,0.0,251.40479381576372,1.0
0,200,0.0,0.0,-22.787535347825553,0.0052356028877748005
1,200,0.0,0.0,85.46971718110629,0.9999999971618961
2,200,0.0,0.0,54.79924936251149,0.999996688127375
0,200,0.1,0.0,-21.26707803836365,0.0074141314900356544
1,200,0.1,0.0,13.112117875760706,0.9534329865232827
2,200,0.1,0.0,165.31592492473357,1.0
0,200,0.2,0.0,-22.397496599322416,0.005724755808264232
1,200,0.2,0.0,57.84039910944863,0.9999983557820883
2,200,0.2,0.0,70.94179130550354,0.9999999194953744
0,200,0.3,0.0,-21.602168621096855,0.006867369090771572
1,200,0.3,0.0,-14.146759249692254,0.03706146986636228
2,200,0.3,0.0,45.258068683863954,0.9999702024751577
0,200,0.0,0.0,-22.786059115970417,0.0052373735276234346
1,200,0.0,0.0,-11.5564504023117,0.06531602640901933
2,200,0.0,0.0,18.0226257575112,0.9844781491663022
0,200,0.0,0.1,-22.112009710413997,0.006111344452456862
1,200,0.0,0.1,288.1053104149371,1.0
2,200,0.0,0.1,513.9187811754176,1.0
0,200,0.0,0.2,-22.73749076424378,0.005295961324123571
1,200,0.0,0.2,89.8099102829033,0.9999999989552582
2,200,0.0,0.2,172.5952542351415,1.0
0,50,0.0,0.0,-22.4093257588218,0.005709273040195226
1,50,0.0,0.0,40.24037364341689,0.9999053933756847
2,50,0.0,0.0,108.8561744535181,0.9999999999869869
0,100,0.0,0.0,-22.783532093737694,0.005240405901830804
1,100,0.0,0.0,-11.119664776791716,0.07173107423298744
2,100,0.0,0.0,292.3065338601311,1.0
0,200,0.0,0.0,-22.78753576576517,0.005235602386568936
1,200,0.0,0.0,655.6677332310815,1.0
2,200,0.0,0.0,251.40479381576372,1.0
0,200,0.0,0.0,-22.787535347825553,0.0052356028877748005
1,200,0.0,0.0,85.46971718110629,0.9999999971618961
2,200,0.0,0.0,54.79924936251149,0.999996688127375
0,200,0.1,0.0,-21.26707803836365,0.0074141314900356544
1,200,0.1,0.0,13.112117875760706,0.9534329865232827
2,200,0.1,0.0,165.31592492473357,1.0
0,200,0.2,0.0,-22.397496599322416,0.005724755808264232
1,200,0.2,0.0,57.84039910944863,0.9999983557820883
2,200,0.2,0.0,70.94179130550354,0.9999999194953744
0,200,0.3,0.0,-21.602168621096855,0.006867369090771572
1,200,0.3,0.0,-14.146759249692254,0.03706146986636228
2,200,0.3,0.0,45.258068683863954,0.9999702024751577
0,200,0.0,0.0,-22.786059115970417,0.0052373735276234346
1,200,0.0,0.0,-11.5564504023117,0.06531602640901933
2,200,0.0,0.0,18.0226257575112,0.9844781491663022
0,200,0.0,0.1,-22.112009710413997,0.006111344452456862
1,200,0.0,0.1,288.1053104149371,1.0
2,200,0.0,0.1,513.9187811754176,1.0
0,200,0.0,0.2,-22.73749076424378,0.005295961324123571
1,200,0.0,0.2,89.8099102829033,0.9999999989552582
2,200,0.0,0.2,172.5952542351415,1.0
0,50,0.0,0.0,-22.4093257588218,0.005709273040195226
1,50,0.0,0.0,40.24037364341689,0.9999053933756847
2,50,0.0,0.0,108.8561744535181,0.9999999999869869
0,100,0.0,0.0,-22.783532093737694,0.005240405901830804
1,100,0.0,0.0,-11.119664776791716,0.07173107423298744
2,100,0.0,0.0,292.3065338601311,1.0
0,200,0.0,0.0,-22.78753576576517,0.005235602386568936
1,200,0.0,0.0,655.6677332310815,1.0
2,200,0.0,0.0,251.40479381576372,1.0
0,200,0.0,0.0,-22.787535347825553,0.0052356028877748005
1,200,0.0,0.0,85.46971718110629,0.9999999971618961
2,200,0.0,0.0,54.79924936251149,0.999996688127375
0,200,0.1,0.0,-21.26707803836365,0.0074141314900356544
1,200,0.1,0.0,13.112117875760706,0.9534329865232827
2,200,0.1,0.0,165.31592492473357,1.0
0,200,0.2,0.0,-22.397496599322416,0.005724755808264232
1,200,0.2,0.0,57.84039910944863,0.9999983557820883
2,200,0.2,0.0,70.94179130550354,0.9999999194953744
0,200,0.3,0.0,-21.602168621096855,0.006867369090771572
1,200,0.3,0.0,-14.146759249692254,0.03706146986636228
2,200,0.3,0.0,45.258068683863954,0.9999702024751577
0,200,0.0,0.0,-22.786059115970417,0.0052373735276234346
1,200,0.0,0.0,-11.5564504023117,0.06531602640901933
2,200,0.0,0.0,18.0226257575112,0.9844781491663022
0,200,0.0,0.1,-22.112009710413997,0.006111344452456862
1,200,0.0,0.1,288.1053104149371,1.0
2,200,0.0,0.1,513.9187811754176,1.0
0,200,0.0,0.2,-22.73749076424378,0.005295961324123571
1,200,0.0,0.2,89.8099102829033,0.9999999989552582
2,200,0.0,0.2,172.5952542351415,1.0
0,50,0.0,0.0,-22.4093257588218,0.005709273040195226
1,50,0.0,0.0,40.24037364341689,0.9999053933756847
2,50,0.0,0.0,108.8561744535181,0.9999999999869869
0,100,0.0,0.0,-22.783532093737694,0.005240405901830804
1,100,0.0,0.0,-11.119664776791716,0.07173107423298744
2,100,0.0,0.0,292.3065338601311,1.0
0,200,0.0,0.0,-22.78753576576517,0.005235602386568936
1,200,0.0,0.0,655.6677332310815,1.0
2,200,0.0,0.0,251.40479381576372,1.0
0,200,0.0,0.0,-22.787535347825553,0.0052356028877748005
1,200,0.0,0.0,85.46971718110629,0.9999999971618961
2,200,0.0,0.0,54.79924936251149,0.999996688127375
0,200,0.1,0.0,-21.26707803836365,0.0074141314900356544
1,200,0.1,0.0,13.112117875760706,0.9534329865232827
2,200,0.1,0.0,165.31592492473357,1.0
0,200,0.2,0.0,-22.397496599322416,0.005724755808264232
1,200,0.2,0.0,57.84039910944863,0.9999983557820883
2,200,0.2,0.0,70.94179130550354,0.9999999194953744
0,200,0.3,0.0,-21.602168621096855,0.006867369090771572
1,200,0.3,0.0,-14.146759249692254,0.03706146986636228
2,200,0.3,0.0,45.258068683863954,0.9999702024751577
0,200,0.0,0.0,-22.786059115970417,0.0052373735276234346
1,200,0.0,0.0,-11.5564504023117,0.06531602640901933
2,200,0.0,0.0,18.0226257575112,0.9844781491663022
0,200,0.0,0.1,-22.112009710413997,0.006111344452456862
1,200,0.0,0.1,288.1053104149371,1.0
2,200,0.0,0.1,513.9187811754176,1.0
0,200,0.0,0.2,-22.73749076424378,0.005295961324123571
1,200,0.0,0.2,89.8099102829033,0.9999999989552582
2,200,0.0,0.2,172.5952542351415,1.0
0,50,0.0,0.0,-22.4093257588218,0.005709273040195226
1,50,0.0,0.0,40.24037364341689,0.9999053933756847
2,50,0.0,0.0,108.8561744535181,0.9999999999869869
0,100,0.0,0.0,-22.783532093737694,0.005240405901830804
1,100,0.0,0.0,-11.119664776791716,0.07173107423298744
2,100,0.0,0.0,292.3065338601311,1.0
0,200,0.0,0.0,-22.78753576576517,0.005235602386568936
1,200,0.0,0.0,655.6677332310815,1.0
2,200,0.0,0.0,251.40479381576372,1.0
0,200,0.0,0.0,-22.787535347825553,0.0052356028877748005
1,200,0.0,0.0,85.46971718110629,0.9999999971618961
2,200,0.0,0.0,54.79924936251149,0.999996688127375
0,200,0.1,0.0,-21.26707803836365,0.0074141314900356544
1,200,0.1,0.0,13.112117875760706,0.9534329865232827
2,200,0.1,0.0,165.31592492473357,1.0
0,200,0.2,0.0,-22.397496599322416,0.005724755808264232
1,200,0.2,0.0,57.84039910944863,0.9999983557820883
2,200,0.2,0.0,70.94179130550354,0.9999999194953744
0,200,0.3,0.0,-21.602168621096855,0.006867369090771572
1,200,0.3,0.0,-14.146759249692254,0.03706146986636228
2,200,0.3,0.0,45.258068683863954,0.9999702024751577
0,200,0.0,0.0,-22.786059115970417,0.0052373735276234346
1,200,0.0,0.0,-11.5564504023117,0.06531602640901933
2,200,0.0,0.0,18.0226257575112,0.9844781491663022
0,200,0.0,0.1,-22.112009710413997,0.006111344452456862
1,200,0.0,0.1,288.1053104149371,1.0
2,200,0.0,0.1,513.9187811754176,1.0
0,200,0.0,0.2,-22.73749076424378,0.005295961324123571
1,200,0.0,0.2,89.8099102829033,0.9999999989552582
2,200,0.0,0.2,172.5952542351415,1.0
0,50,0.0,0.0,-22.4093257588218,0.005709273040195226
1,50,0.0,0.0,40.24037364341689,0.9999053933756847
2,50,0.0,0.0,108.8561744535181,0.9999999999869869
0,100,0.0,0.0,-22.783532093737694,0.005240405901830804
1,100,0.0,0.0,-11.119664776791716,0.07173107423298744
2,100,0.0,0.0,292.3065338601311,1.0
0,200,0.0,0.0,-22.78753576576517,0.005235602386568936
1,200,0.0,0.0,655.6677332310815,1.0
2,200,0.0,0.0,251.40479381576372,1.0
0,200,0.0,0.0,-22.787535347825553,0.0052356028877748005
1,200,0.0,0.0,85.46971718110629,0.9999999971618961
2,200,0.0,0.0,54.79924936251149,0.999996688127375
0,200,0.1,0.0,-21.26707803836365,0.0074141314900356544
1,200,0.1,0.0,13.112117875760706,0.9534329865232827
2,200,0.1,0.0,165.31592492473357,1.0
0,200,0.2,0.0,-22.397496599322416,0.005724755808264232
1,200,0.2,0.0,57.84039910944863,0.9999983557820883
2,200,0.2,0.0,70.94179130550354,0.9999999194953744
0,200,0.3,0.0,-21.602168621096855,0.006867369090771572
1,200,0.3,0.0,-14.146759249692254,0.03706146986636228
2,200,0.3,0.0,45.258068683863954,0.9999702024751577
0,200,0.0,0.0,-22.786059115970417,0.0052373735276234346
1,200,0.0,0.0,-11.5564504023117,0.06531602640901933
2,200,0.0,0.0,18.0226257575112,0.9844781491663022
0,200,0.0,0.1,-22.112009710413997,0.006111344452456862
1,200,0.0,0.1,288.1053104149371,1.0
2,200,0.0,0.1,513.9187811754176,1.0
0,200,0.0,0.2,-22.73749076424378,0.005295961324123571
1,200,0.0,0.2,89.8099102829033,0.9999999989552582
2,200,0.0,0.2,172.5952542351415,1.0
0,50,0.0,0.0,-22.4093257588218,0.005709273040195226
1,50,0.0,0.0,40.24037364341689,0.9999053933756847
2,50,0.0,0.0,108.8561744535181,0.9999999999869869
0,100,0.0,0.0,-22.783532093737694,0.005240405901830804
1,100,0.0,0.0,-11.119664776791716,0.07173107423298744
2,100,0.0,0.0,292.3065338601311,1.0
0,200,0.0,0.0,-22.78753576576517,0.005235602386568936
1,200,0.0,0.0,655.6677332310815,1.0
2,200,0.0,0.0,251.40479381576372,1.0
0,200,0.0,0.0,-22.787535347825553,0.0052356028877748005
1,200,0.0,0.0,85.46971718110629,0.9999999971618961
2,200,0.0,0.0,54.79924936251149,0.999996688127375
0,200,0.1,0.0,-21.26707803836365,0.0074141314900356544
1,200,0.1,0.0,13.112117875760706,0.9534329865232827
2,200,0.1,0.0,165.31592492473357,1.0
0,200,0.2,0.0,-22.397496599322416,0.005724755808264232
1,200,0.2,0.0,57.84039910944863,0.9999983557820883
2,200,0.2,0.0,70.94179130550354,0.9999999194953744
0,200,0.3,0.0,-21.602168621096855,0.006867369090771572
1,200,0.3,0.0,-14.146759249692254,0.03706146986636228
2,200,0.3,0.0,45.258068683863954,0.9999702024751577
0,200,0.0,0.0,-22.786059115970417,0.0052373735276234346
1,200,0.0,0.0,-11.5564504023117,0.06531602640901933
2,200,0.0,0.0,18.0226257575112,0.9844781491663022
0,200,0.0,0.1,-22.112009710413997,0.006111344452456862
1,200,0.0,0.1,288.1053104149371,1.0
2,200,0.0,0.1,513.9187811754176,1.0
0,200,0.0,0.2,-22.73749076424378,0.005295961324123571
1,200,0.0,0.2,89.8099102829033,0.9999999989552582
2,200,0.0,0.2,172.5952542351415,1.0
0,50,0.0,0.0,-22.4093257588218,0.005709273040195226
1,50,0.0,0.0,40.24037364341689,0.9999053933756847
2,50,0.0,0.0,108.8561744535181,0.9999999999869869
0,100,0.0,0.0,-22.783532093737694,0.005240405901830804
1,100,0.0,0.0,-11.119664776791716,0.07173107423298744
2,100,0.0,0.0,292.3065338601311,1.0
0,200,0.0,0.0,-22.78753576576517,0.005235602386568936
1,200,0.0,0.0,655.6677332310815,1.0
2,200,0.0,0.0,251.40479381576372,1.0
0,200,0.0,0.0,-22.787535347825553,0.0052356028877748005
1,200,0.0,0.0,85.46971718110629,0.9999999971618961
2,200,0.0,0.0,54.79924936251149,0.999996688127375
0,200,0.1,0.0,-21.26707803836365,0.0074141314900356544
1,200,0.1,0.0,13.112117875760706,0.9534329865232827
2,200,0.1,0.0,165.31592492473357,1.0
0,200,0.2,0.0,-22.397496599322416,0.005724755808264232
1,200,0.2,0.0,57.84039910944863,0.9999983557820883
2,200,0.2,0.0,70.94179130550354,0.9999999194953744
0,200,0.3,0.0,-21.602168621096855,0.006867369090771572
1,200,0.3,0.0,-14.146759249692254,0.03706146986636228
2,200,0.3,0.0,45.258068683863954,0.9999702024751577
0,200,0.0,0.0,-22.786059115970417,0.0052373735276234346
1,200,0.0,0.0,-11.5564504023117,0.06531602640901933
2,200,0.0,0.0,18.0226257575112,0.9844781491663022
0,200,0.0,0.1,-22.112009710413997,0.006111344452456862
1,200,0.0,0.1,288.1053104149371,1.0
2,200,0.0,0.1,513.9187811754176,1.0
0,200,0.0,0.2,-22.73749076424378,0.005295961324123571
1,200,0.0,0.2,89.8099102829033,0.9999999989552582
2,200,0.0,0.2,172.5952542351415,1.0
0,50,0.0,0.0,-22.4093257588218,0.005709273040195226
1,50,0.0,0.0,40.24037364341689,0.9999053933756847
2,50,0.0,0.0,108.8561744535181,0.9999999999869869
0,100,0.0,0.0,-22.783532093737694,0.005240405901830804
1,100,0.0,0.0,-11.119664776791716,0.07173107423298744
2,100,0.0,0.0,292.3065338601311,1.0
0,200,0.0,0.0,-22.78753576576517,0.005235602386568936
1,200,0.0,0.0,655.6677332310815,1.0
2,200,0.0,0.0,251.40479381576372,1.0
0,200,0.0,0.0,-22.787535347825553,0.0052356028877748005
1,200,0.0,0.0,85.46971718110629,0.9999999971618961
2,200,0.0,0.0,54.79924936251149,0.999996688127375
0,200,0.1,0.0,-21.26707803836365,0.0074141314900356544
1,200,0.1,0.0,13.112117875760706,0.9534329865232827
2,200,0.1,0.0,165.31592492473357,1.0
0,200,0.2,0.0,-22.397496599322416,0.005724755808264232
1,200,0.2,0.0,57.84039910944863,0.9999983557820883
2,200,0.2,0.0,70.94179130550354,0.9999999194953744
0,200,0.3,0.0,-21.602168621096855,0.006867369090771572
1,200,0.3,0.0,-14.146759249692254,0.03706146986636228
2,200,0.3,0.0,45.258068683863954,0.9999702024751577
0,200,0.0,0.0,-22.786059115970417,0.0052373735276234346
1,200,0.0,0.0,-11.5564504023117,0.06531602640901933
2,200,0.0,0.0,18.0226257575112,0.9844781491663022
0,200,0.0,0.1,-22.112009710413997,0.006111344452456862
1,200,0.0,0.1,288.1053104149371,1.0
2,200,0.0,0.1,513.9187811754176,1.0
0,200,0.0,0.2,-22.73749076424378,0.005295961324123571
1,200,0.0,0.2,89.8099102829033,0.9999999989552582
2,200,0.0,0.2,172.5952542351415,1.0
0,50,0.0,0.0,-22.4093257588218,0.005709273040195226
1,50,0.0,0.0,40.24037364341689,0.9999053933756847
2,50,0.0,0.0,108.8561744535181,0.9999999999869869
0,100,0.0,0.0,-22.783532093737694,0.005240405901830804
1,100,0.0,0.0,-11.119664776791716,0.07173107423298744
2,100,0.0,0.0,292.3065338601311,1.0
0,200,0.0,0.0,-22.78753576576517,0.005235602386568936
1,200,0.0,0.0,655.6677332310815,1.0
2,200,0.0,0.0,251.40479381576372,1.0
0,200,0.0,0.0,-22.787535347825553,0.0052356028877748005
1,200,0.0,0.0,85.46971718110629,0.9999999971618961
2,200,0.0,0.0,54.79924936251149,0.999996688127375
0,200,0.1,0.0,-21.26707803836365,0.0074141314900356544
1,200,0.1,0.0,13.112117875760706,0.9534329865232827
2,200,0.1,0.0,165.31592492473357,1.0
0,200,0.2,0.0,-22.397496599322416,0.005724755808264232
1,200,0.2,0.0,57.84039910944863,0.9999983557820883
2,200,0.2,0.0,70.94179130550354,0.9999999194953744
0,200,0.3,0.0,-21.602168621096855,0.006867369090771572
1,200,0.3,0.0,-14.146759249692254,0.03706146986636228
2,200,0.3,0.0,45.258068683863954,0.9999702024751577
0,200,0.0,0.0,-22.786059115970417,0.0052373735276234346
1,200,0.0,0.0,-11.5564504023117,0.06531602640901933
2,200,0.0,0.0,18.0226257575112,0.9844781491663022
0,200,0.0,0.1,-22.112009710413997,0.006111344452456862
1,200,0.0,0.1,288.1053104149371,1.0
2,200,0.0,0.1,513.9187811754176,1.0
0,200,0.0,0.2,-22.73749076424378,0.005295961324123571
1,200,0.0,0.2,89.8099102829033,0.9999999989552582
2,200,0.0,0.2,172.5952542351415,1.0
0,50,0.0,0.0,-22.4093257588218,0.005709273040195226
1,50,0.0,0.0,40.24037364341689,0.9999053933756847
2,50,0.0,0.0,108.8561744535181,0.9999999999869869
0,100,0.0,0.0,-22.783532093737694,0.005240405901830804
1,100,0.0,0.0,-11.119664776791716,0.07173107423298744
2,100,0.0,0.0,292.3065338601311,1.0
0,200,0.0,0.0,-22.78753576576517,0.005235602386568936
1,200,0.0,0.0,655.6677332310815,1.0
2,200,0.0,0.0,251.40479381576372,1.0
0,200,0.0,0.0,-22.787535347825553,0.0052356028877748005
1,200,0.0,0.0,85.46971718110629,0.9999999971618961
2,200,0.0,0.0,54.79924936251149,0.999996688127375
0,200,0.1,0.0,-21.26707803836365,0.0074141314900356544
1,200,0.1,0.0,13.112117875760706,0.9534329865232827
2,200,0.1,0.0,165.31592492473357,1.0
0,200,0.2,0.0,-22.397496599322416,0.005724755808264232
1,200,0.2,0.0,57.84039910944863,0.9999983557820883
2,200,0.2,0.0,70.94179130550354,0.9999999194953744
0,200,0.3,0.0,-21.602168621096855,0.006867369090771572
1,200,0.3,0.0,-14.146759249692254,0.03706146986636228
2,200,0.3,0.0,45.258068683863954,0.9999702024751577
0,200,0.0,0.0,-22.786059115970417,0.0052373735276234346
1,200,0.0,0.0,-11.5564504023117,0.06531602640901933
2,200,0.0,0.0,18.0226257575112,0.9844781491663022
0,200,0.0,0.1,-22.112009710413997,0.006111344452456862
1,200,0.0,0.1,288.1053104149371,1.0
2,200,0.0,0.1,513.9187811754176,1.0
0,200,0.0,0.2,-22.73749076424378,0.005295961324123571
1,200,0.0,0.2,89.8099102829033,0.9999999989552582
2,200,0.0,0.2,172.5952542351415,1.0
0,50,0.0,0.0,-22.4093257588218,0.005709273040195226
1,50,0.0,0.0,40.24037364341689,0.9999053933756847
2,50,0.0,0.0,108.8561744535181,0.9999999999869869
0,100,0.0,0.0,-22.783532093737694,0.005240405901830804
1,100,0.0,0.0,-11.119664776791716,0.07173107423298744
2,100,0.0,0.0,292.3065338601311,1.0
0,200,0.0,0.0,-22.78753576576517,0.005235602386568936
1,200,0.0,0.0,655.6677332310815,1.0
2,200,0.0,0.0,251.40479381576372,1.0
0,200,0.0,0.0,-22.787535347825553,0.0052356028877748005
1,200,0.0,0.0,85.46971718110629,0.9999999971618961
2,200,0.0,0.0,54.79924936251149,0.999996688127375
0,200,0.1,0.0,-21.26707803836365,0.0074141314900356544
1,200,0.1,0.0,13.112117875760706,0.9534329865232827
2,200,0.1,0.0,165.31592492473357,1.0
0,200,0.2,0.0,-22.397496599322416,0.005724755808264232
1,200,0.2,0.0,57.84039910944863,0.9999983557820883
2,200,0.2,0.0,70.94179130550354,0.9999999194953744
0,200,0.3,0.0,-21.602168621096855,0.006867369090771572
1,200,0.3,0.0,-14.146759249692254,0.03706146986636228
2,200,0.3,0.0,45.258068683863954,0.9999702024751577
0,200,0.0,0.0,-22.786059115970417,0.0052373735276234346
1,200,0.0,0.0,-11.5564504023117,0.06531602640901933
2,200,0.0,0.0,18.0226257575112,0.9844781491663022
0,200,0.0,0.1,-22.112009710413997,0.006111344452456862
1,200,0.0,0.1,288.1053104149371,1.0
2,200,0.0,0.1,513.9187811754176,1.0
0,200,0.0,0.2,-22.73749076424378,0.005295961324123571
1,200,0.0,0.2,89.8099102829033,0.9999999989552582
2,200,0.0,0.2,172.5952542351415,1.0
0,50,0.0,0.0,-22.4093257588218,0.005709273040195226
1,50,0.0,0.0,40.24037364341689,0.9999053933756847
2,50,0.0,0.0,108.8561744535181,0.9999999999869869
0,100,0.0,0.0,-22.783532093737694,0.005240405901830804
1,100,0.0,0.0,-11.119664776791716,0.07173107423298744
2,100,0.0,0.0,292.3065338601311,1.0
0,200,0.0,0.0,-22.78753576576517,0.005235602386568936
1,200,0.0,0.0,655.6677332310815,1.0
2,200,0.0,0.0,251.40479381576372,1.0
0,200,0.0,0.0,-22.787535347825553,0.0052356028877748005
1,200,0.0,0.0,85.46971718110629,0.9999999971618961
2,200,0.0,0.0,54.79924936251149,0.999996688127375
0,200,0.1,0.0,-21.26707803836365,0.0074141314900356544
1,200,0.1,0.0,13.112117875760706,0.9534329865232827
2,200,0.1,0.0,165.31592492473357,1.0
0,200,0.2,0.0,-22.397496599322416,0.005724755808264232
1,200,0.2,0.0,57.84039910944863,0.9999983557820883
2,200,0.2,0.0,70.94179130550354,0.9999999194953744
0,200,0.3,0.0,-21.602168621096855,0.006867369090771572
1,200,0.3,0.0,-14.146759249692254,0.03706146986636228
2,200,0.3,0.0,45.258068683863954,0.9999702024751577
0,200,0.0,0.0,-22.786059115970417,0.0052373735276234346
1,200,0.0,0.0,-11.5564504023117,0.06531602640901933
2,200,0.0,0.0,18.0226257575112,0.9844781491663022
0,200,0.0,0.1,-22.112009710413997,0.006111344452456862
1,200,0.0,0.1,288.1053104149371,1.0
2,200,0.0,0.1,513.9187811754176,1.0
0,200,0.0,0.2,-22.73749076424378,0.005295961324123571
1,200,0.0,0.2,89.8099102829033,0.9999999989552582
2,200,0.0,0.2,172.5952542351415,1.0
0,50,0.0,0.0,-22.4093257588218,0.005709273040195226
1,50,0.0,0.0,40.24037364341689,0.9999053933756847
2,50,0.0,0.0,108.8561744535181,0.9999999999869869
0,100,0.0,0.0,-22.783532093737694,0.005240405901830804
1,100,0.0,0.0,-11.119664776791716,0.07173107423298744
2,100,0.0,0.0,292.3065338601311,1.0
0,200,0.0,0.0,-22.78753576576517,0.005235602386568936
1,200,0.0,0.0,655.6677332310815,1.0
2,200,0.0,0.0,251.40479381576372,1.0
0,200,0.0,0.0,-22.787535347825553,0.0052356028877748005
1,200,0.0,0.0,85.46971718110629,0.9999999971618961
2,200,0.0,0.0,54.79924936251149,0.999996688127375
0,200,0.1,0.0,-21.26707803836365,0.0074141314900356544
1,200,0.1,0.0,13.112117875760706,0.9534329865232827
2,200,0.1,0.0,165.31592492473357,1.0
0,200,0.2,0.0,-22.397496599322416,0.005724755808264232
1,200,0.2,0.0,57.84039910944863,0.9999983557820883
2,200,0.2,0.0,70.94179130550354,0.9999999194953744
0,200,0.3,0.0,-21.602168621096855,0.006867369090771572
1,200,0.3,0.0,-14.146759249692254,0.03706146986636228
2,200,0.3,0.0,45.258068683863954,0.9999702024751577
0,200,0.0,0.0,-22.786059115970417,0.0052373735276234346
1,200,0.0,0.0,-11.5564504023117,0.06531602640901933
2,200,0.0,0.0,18.0226257575112,0.9844781491663022
0,200,0.0,0.1,-22.112009710413997,0.006111344452456862
1,200,0.0,0.1,288.1053104149371,1.0
2,200,0.0,0.1,513.9187811754176,1.0
0,200,0.0,0.2,-22.73749076424378,0.005295961324123571
1,200,0.0,0.2,89.8099102829033,0.9999999989552582
2,200,0.0,0.2,172.5952542351415,1.0
0,50,0.0,0.0,-22.4093257588218,0.005709273040195226
1,50,0.0,0.0,40.24037364341689,0.9999053933756847
2,50,0.0,0.0,108.8561744535181,0.9999999999869869
0,100,0.0,0.0,-22.783532093737694,0.005240405901830804
1,100,0.0,0.0,-11.119664776791716,0.07173107423298744
2,100,0.0,0.0,292.3065338601311,1.0
0,200,0.0,0.0,-22.78753576576517,0.005235602386568936
1,200,0.0,0.0,655.6677332310815,1.0
2,200,0.0,0.0,251.40479381576372,1.0
0,200,0.0,0.0,-22.787535347825553,0.0052356028877748005
1,200,0.0,0.0,85.46971718110629,0.9999999971618961
2,200,0.0,0.0,54.79924936251149,0.999996688127375
0,200,0.1,0.0,-21.26707803836365,0.0074141314900356544
1,200,0.1,0.0,13.112117875760706,0.9534329865232827
2,200,0.1,0.0,165.31592492473357,1.0
0,200,0.2,0.0,-22.397496599322416,0.005724755808264232
1,200,0.2,0.0,57.84039910944863,0.9999983557820883
2,200,0.2,0.0,70.94179130550354,0.9999999194953744
0,200,0.3,0.0,-21.602168621096855,0.006867369090771572
1,200,0.3,0.0,-14.146759249692254,0.03706146986636228
2,200,0.3,0.0,45.258068683863954,0.9999702024751577
0,200,0.0,0.0,-22.786059115970417,0.0052373735276234346
1,200,0.0,0.0,-11.5564504023117,0.06531602640901933
2,200,0.0,0.0,18.0226257575112,0.9844781491663022
0,200,0.0,0.1,-22.112009710413997,0.006111344452456862
1,200,0.0,0.1,288.1053104149371,1.0
2,200,0.0,0.1,513.9187811754176,1.0
0,200,0.0,0.2,-22.73749076424378,0.005295961324123571
1,200,0.0,0.2,89.8099102829033,0.9999999989552582
2,200,0.0,0.2,172.5952542351415,1.0
0,50,0.0,0.0,-22.4093257588218,0.005709273040195226
1,50,0.0,0.0,40.24037364341689,0.9999053933756847
2,50,0.0,0.0,108.8561744535181,0.9999999999869869
0,100,0.0,0.0,-22.783532093737694,0.005240405901830804
1,100,0.0,0.0,-11.119664776791716,0.07173107423298744
2,100,0.0,0.0,292.3065338601311,1.0
0,200,0.0,0.0,-22.78753576576517,0.005235602386568936
1,200,0.0,0.0,655.6677332310815,1.0
2,200,0.0,0.0,251.40479381576372,1.0
0,200,0.0,0.0,-22.787535347825553,0.0052356028877748005
1,200,0.0,0.0,85.46971718110629,0.9999999971618961
2,200,0.0,0.0,54.79924936251149,0.999996688127375
0,200,0.1,0.0,-21.26707803836365,0.0074141314900356544
1,200,0.1,0.0,13.112117875760706,0.9534329865232827
2,200,0.1,0.0,165.31592492473357,1.0
0,200,0.2,0.0,-22.397496599322416,0.005724755808264232
1,200,0.2,0.0,57.84039910944863,0.9999983557820883
2,200,0.2,0.0,70.94179130550354,0.9999999194953744
0,200,0.3,0.0,-21.602168621096855,0.006867369090771572
1,200,0.3,0.0,-14.146759249692254,0.03706146986636228
2,200,0.3,0.0,45.258068683863954,0.9999702024751577
0,200,0.0,0.0,-22.786059115970417,0.0052373735276234346
1,200,0.0,0.0,-11.5564504023117,0.06531602640901933
2,200,0.0,0.0,18.0226257575112,0.9844781491663022
0,200,0.0,0.1,-22.112009710413997,0.006111344452456862
1,200,0.0,0.1,288.1053104149371,1.0
2,200,0.0,0.1,513.9187811754176,1.0
0,200,0.0,0.2,-22.73749076424378,0.005295961324123571
1,200,0.0,0.2,89.8099102829033,0.9999999989552582
2,200,0.0,0.2,172.5952542351415,1.0
0,50,0.0,0.0,-22.4093257588218,0.005709273040195226
1,50,0.0,0.0,40.24037364341689,0.9999053933756847
2,50,0.0,0.0,108.8561744535181,0.9999999999869869
0,100,0.0,0.0,-22.783532093737694,0.005240405901830804
1,100,0.0,0.0,-11.119664776791716,0.07173107423298744
2,100,0.0,0.0,292.3065338601311,1.0
0,200,0.0,0.0,-22.78753576576517,0.005235602386568936
1,200,0.0,0.0,655.6677332310815,1.0
2,200,0.0,0.0,251.40479381576372,1.0
0,200,0.0,0.0,-22.787535347825553,0.0052356028877748005
1,200,0.0,0.0,85.46971718110629,0.9999999971618961
2,200,0.0,0.0,54.79924936251149,0.999996688127375
0,200,0.1,0.0,-21.26707803836365,0.0074141314900356544
1,200,0.1,0.0,13.112117875760706,0.9534329865232827
2,200,0.1,0.0,165.31592492473357,1.0
0,200,0.2,0.0,-22.397496599322416,0.005724755808264232
1,200,0.2,0.0,57.84039910944863,0.9999983557820883
2,200,0.2,0.0,70.94179130550354,0.9999999194953744
0,200,0.3,0.0,-21.602168621096855,0.006867369090771572
1,200,0.3,0.0,-14.146759249692254,0.03706146986636228
2,200,0.3,0.0,45.258068683863954,0.9999702024751577
0,200,0.0,0.0,-22.786059115970417,0.0052373735276234346
1,200,0.0,0.0,-11.5564504023117,0.06531602640901933
2,200,0.0,0.0,18.0226257575112,0.9844781491663022
0,200,0.0,0.1,-22.112009710413997,0.006111344452456862
1,200,0.0,0.1,288.1053104149371,1.0
2,200,0.0,0.1,513.9187811754176,1.0
0,200,0.0,0.2,-22.73749076424378,0.005295961324123571
1,200,0.0,0.2,89.8099102829033,0.9999999989552582
2,200,0.0,0.2,172.5952542351415,1.0
0,50,0.0,0.0,-22.4093257588218,0.005709273040195226
1,50,0.0,0.0,40.24037364341689,0.9999053933756847
2,50,0.0,0.0,108.8561744535181,0.9999999999869869
0,100,0.0,0.0,-22.783532093737694,0.005240405901830804
1,100,0.0,0.0,-11.119664776791716,0.07173107423298744
2,100,0.0,0.0,292.3065338601311,1.0
0,200,0.0,0.0,-22.78753576576517,0.005235602386568936
1,200,0.0,0.0,655.6677332310815,1.0
2,200,0.0,0.0,251.40479381576372,1.0
0,200,0.0,0.0,-22.787535347825553,0.0052356028877748005
1,200,0.0,0.0,85.46971718110629,0.9999999971618961
2,200,0.0,0.0,54.79924936251149,0.999996688127375
0,200,0.1,0.0,-21.26707803836365,0.0074141314900356544
1,200,0.1,0.0,13.112117875760706,0.9534329865232827
2,200,0.1,0.0,165.31592492473357,1.0
0,200,0.2,0.0,-22.397496599322416,0.005724755808264232
1,200,0.2,0.0,57.84039910944863,0.9999983557820883
2,200,0.2,0.0,70.94179130550354,0.9999999194953744
0,200,0.3,0.0,-21.602168621096855,0.006867369090771572
1,200,0.3,0.0,-14.146759249692254,0.03706146986636228
2,200,0.3,0.0,45.258068683863954,0.9999702024751577
0,200,0.0,0.0,-22.786059115970417,0.0052373735276234346
1,200,0.0,0.0,-11.5564504023117,0.06531602640901933
2,200,0.0,0.0,18.0226257575112,0.9844781491663022
0,200,0.0,0.1,-22.112009710413997,0.006111344452456862
1,200,0.0,0.1,288.1053104149371,1.0
2,200,0.0,0.1,513.9187811754176,1.0
0,200,0.0,0.2,-22.73749076424378,0.005295961324123571
1,200,0.0,0.2,89.8099102829033,0.9999999989552582
2,200,0.0,0.2,172.5952542351415,1.0
0,50,0.0,0.0,-22.4093257588218,0.005709273040195226
1,50,0.0,0.0,40.24037364341689,0.9999053933756847
2,50,0.0,0.0,108.8561744535181,0.9999999999869869
0,100,0.0,0.0,-22.783532093737694,0.005240405901830804
1,100,0.0,0.0,-11.119664776791716,0.07173107423298744
2,100,0.0,0.0,292.3065338601311,1.0
0,200,0.0,0.0,-22.78753576576517,0.005235602386568936
1,200,0.0,0.0,655.6677332310815,1.0
2,200,0.0,0.0,251.40479381576372,1.0
0,200,0.0,0.0,-22.787535347825553,0.0052356028877748005
1,200,0.0,0.0,85.46971718110629,0.9999999971618961
2,200,0.0,0.0,54.79924936251149,0.999996688127375
0,200,0.1,0.0,-21.26707803836365,0.0074141314900356544
1,200,0.1,0.0,13.112117875760706,0.9534329865232827
2,200,0.1,0.0,165.31592492473357,1.0
0,200,0.2,0.0,-22.397496599322416,0.005724755808264232
1,200,0.2,0.0,57.84039910944863,0.9999983557820883
2,200,0.2,0.0,70.94179130550354,0.9999999194953744
0,200,0.3,0.0,-21.602168621096855,0.006867369090771572
1,200,0.3,0.0,-14.146759249692254,0.03706146986636228
2,200,0.3,0.0,45.258068683863954,0.9999702024751577
0,200,0.0,0.0,-22.786059115970417,0.0052373735276234346
1,200,0.0,0.0,-11.5564504023117,0.06531602640901933
2,200,0.0,0.0,18.0226257575112,0.9844781491663022
0,200,0.0,0.1,-22.112009710413997,0.006111344452456862
1,200,0.0,0.1,288.1053104149371,1.0
2,200,0.0,0.1,513.9187811754176,1.0
0,200,0.0,0.2,-22.73749076424378,0.005295961324123571
1,200,0.0,0.2,89.8099102829033,0.9999999989552582
2,200,0.0,0.2,172.5952542351415,1.0
0,50,0.0,0.0,-22.4093257588218,0.005709273040195226
1,50,0.0,0.0,40.24037364341689,0.9999053933756847
2,50,0.0,0.0,108.8561744535181,0.9999999999869869
0,100,0.0,0.0,-22.783532093737694,0.005240405901830804
1,100,0.0,0.0,-11.119664776791716,0.07173107423298744
2,100,0.0,0.0,292.3065338601311,1.0
0,200,0.0,0.0,-22.78753576576517,0.005235602386568936
1,200,0.0,0.0,655.6677332310815,1.0
2,200,0.0,0.0,251.40479381576372,1.0
0,200,0.0,0.0,-22.787535347825553,0.0052356028877748005
1,200,0.0,0.0,85.46971718110629,0.9999999971618961
2,200,0.0,0.0,54.79924936251149,0.999996688127375
0,200,0.1,0.0,-21.26707803836365,0.0074141314900356544
1,200,0.1,0.0,13.112117875760706,0.9534329865232827
2,200,0.1,0.0,165.31592492473357,1.0
0,200,0.2,0.0,-22.397496599322416,0.005724755808264232
1,200,0.2,0.0,57.84039910944863,0.9999983557820883
2,200,0.2,0.0,70.94179130550354,0.9999999194953744
0,200,0.3,0.0,-21.602168621096855,0.006867369090771572
1,200,0.3,0.0,-14.146759249692254,0.03706146986636228
2,200,0.3,0.0,45.258068683863954,0.9999702024751577
0,200,0.0,0.0,-22.786059115970417,0.0052373735276234346
1,200,0.0,0.0,-11.5564504023117,0.06531602640901933
2,200,0.0,0.0,18.0226257575112,0.9844781491663022
0,200,0.0,0.1,-22.112009710413997,0.006111344452456862
1,200,0.0,0.1,288.1053104149371,1.0
2,200,0.0,0.1,513.9187811754176,1.0
0,200,0.0,0.2,-22.73749076424378,0.005295961324123571
1,200,0.0,0.2,89.8099102829033,0.9999999989552582
2,200,0.0,0.2,172.5952542351415,1.0
0,50,0.0,0.0,-22.4093257588218,0.005709273040195226
1,50,0.0,0.0,40.24037364341689,0.9999053933756847
2,50,0.0,0.0,108.8561744535181,0.9999999999869869
0,100,0.0,0.0,-22.783532093737694,0.005240405901830804
1,100,0.0,0.0,-11.119664776791716,0.07173107423298744
2,100,0.0,0.0,292.3065338601311,1.0
0,200,0.0,0.0,-22.78753576576517,0.005235602386568936
1,200,0.0,0.0,655.6677332310815,1.0
2,200,0.0,0.0,251.40479381576372,1.0
0,200,0.0,0.0,-22.787535347825553,0.0052356028877748005
1,200,0.0,0.0,85.46971718110629,0.9999999971618961
2,200,0.0,0.0,54.79924936251149,0.999996688127375
0,200,0.1,0.0,-21.26707803836365,0.0074141314900356544
1,200,0.1,0.0,13.112117875760706,0.9534329865232827
2,200,0.1,0.0,165.31592492473357,1.0
0,200,0.2,0.0,-22.397496599322416,0.005724755808264232
1,200,0.2,0.0,57.84039910944863,0.9999983557820883
2,200,0.2,0.0,70.94179130550354,0.9999999194953744
0,200,0.3,0.0,-21.602168621096855,0.006867369090771572
1,200,0.3,0.0,-14.146759249692254,0.03706146986636228
2,200,0.3,0.0,45.258068683863954,0.9999702024751577
0,200,0.0,0.0,-22.786059115970417,0.0052373735276234346
1,200,0.0,0.0,-11.5564504023117,0.06531602640901933
2,200,0.0,0.0,18.0226257575112,0.9844781491663022
0,200,0.0,0.1,-22.112009710413997,0.006111344452456862
1,200,0.0,0.1,288.1053104149371,1.0
2,200,0.0,0.1,513.9187811754176,1.0
0,200,0.0,0.2,-22.73749076424378,0.005295961324123571
1,200,0.0,0.2,89.8099102829033,0.9999999989552582
2,200,0.0,0.2,172.5952542351415,1.0
0,50,0.0,0.0,-22.4093257588218,0.005709273040195226
1,50,0.0,0.0,40.24037364341689,0.9999053933756847
2,50,0.0,0.0,108.8561744535181,0.9999999999869869
0,100,0.0,0.0,-22.783532093737694,0.005240405901830804
1,100,0.0,0.0,-11.119664776791716,0.07173107423298744
2,100,0.0,0.0,292.3065338601311,1.0
0,200,0.0,0.0,-22.78753576576517,0.005235602386568936
1,200,0.0,0.0,655.6677332310815,1.0
2,200,0.0,0.0,251.40479381576372,1.0
0,200,0.0,0.0,-22.787535347825553,0.0052356028877748005
1,200,0.0,0.0,85.46971718110629,0.9999999971618961
2,200,0.0,0.0,54.79924936251149,0.999996688127375
0,200,0.1,0.0,-21.26707803836365,0.0074141314900356544
1,200,0.1,0.0,13.112117875760706,0.9534329865232827
2,200,0.1,0.0,165.31592492473357,1.0
0,200,0.2,0.0,-22.397496599322416,0.005724755808264232
1,200,0.2,0.0,57.84039910944863,0.9999983557820883
2,200,0.2,0.0,70.94179130550354,0.9999999194953744
0,200,0.3,0.0,-21.602168621096855,0.006867369090771572
1,200,0.3,0.0,-14.146759249692254,0.03706146986636228
2,200,0.3,0.0,45.258068683863954,0.9999702024751577
0,200,0.0,0.0,-22.786059115970417,0.0052373735276234346
1,200,0.0,0.0,-11.5564504023117,0.06531602640901933
2,200,0.0,0.0,18.0226257575112,0.9844781491663022
0,200,0.0,0.1,-22.112009710413997,0.006111344452456862
1,200,0.0,0.1,288.1053104149371,1.0
2,200,0.0,0.1,513.9187811754176,1.0
0,200,0.0,0.2,-22.73749076424378,0.005295961324123571
1,200,0.0,0.2,89.8099102829033,0.9999999989552582
2,200,0.0,0.2,172.5952542351415,1.0
0,50,0.0,0.0,-21.839582507746464,0.006504406786948711
1,50,0.0,0.0,50.856739601728485,0.999991790390981
2,50,0.0,0.0,78.1564306604478,0.9999999847117799
0,100,0.0,0.0,-22.787438653830385,0.005235718847428402
1,100,0.0,0.0,208.0698903096726,1.0
2,100,0.0,0.0,295.71436284137883,1.0
0,200,0.0,0.0,-22.78753538113543,0.005235602847828583
1,200,0.0,0.0,84.63606465888077,0.999999996561306
2,200,0.0,0.0,49.90284338065912,0.9999897738720873
0,200,0.0,0.0,-22.787535994223962,0.005235602112594248
1,200,0.0,0.0,-5.959668522814833,0.20225424650905952
2,200,0.0,0.0,6.104493137111723,0.8030728375140782
0,200,0.1,0.0,-22.32691319938658,0.005818011440290344
1,200,0.1,0.0,51.948851264640545,0.9999936157174283
2,200,0.1,0.0,305.47747419488877,1.0
0,200,0.2,0.0,-21.95798270812853,0.006330582208985207
1,200,0.2,0.0,-17.014611252019563,0.01949788081989307
2,200,0.2,0.0,132.04531479467838,0.9999999999999376
0,200,0.3,0.0,-22.224634013626098,0.005955829839074514
1,200,0.3,0.0,3.1294548552350285,0.6727355189952455
2,200,0.3,0.0,94.34590154101308,0.999999999632371
0,200,0.0,0.0,-22.787534490188477,0.0052356039162793295
1,200,0.0,0.0,27.482635689486536,0.9982177782827947
2,200,0.0,0.0,-11.239902546722034,0.06990931401839887
0,200,0.0,0.1,-22.78234596823897,0.005241829829996071
1,200,0.0,0.1,260.29305710322865,1.0
2,200,0.0,0.1,333.8337021213008,1.0
0,200,0.0,0.2,-22.755655823656745,0.0052739729629860685
1,200,0.0,0.2,64.57630952020031,0.999999651366676
2,200,0.0,0.2,239.22557316434504,1.0
0,50,0.0,0.0,-21.839582507746464,0.006504406786948711
1,50,0.0,0.0,50.856739601728485,0.999991790390981
2,50,0.0,0.0,78.1564306604478,0.9999999847117799
0,100,0.0,0.0,-22.787438653830385,0.005235718847428402
1,100,0.0,0.0,208.0698903096726,1.0
2,100,0.0,0.0,295.71436284137883,1.0
0,200,0.0,0.0,-22.78753538113543,0.005235602847828583
1,200,0.0,0.0,84.63606465888077,0.999999996561306
2,200,0.0,0.0,49.90284338065912,0.9999897738720873
0,200,0.0,0.0,-22.787535994223962,0.005235602112594248
1,200,0.0,0.0,-5.959668522814833,0.20225424650905952
2,200,0.0,0.0,6.104493137111723,0.8030728375140782
0,200,0.1,0.0,-22.32691319938658,0.005818011440290344
1,200,0.1,0.0,51.948851264640545,0.9999936157174283
2,200,0.1,0.0,305.47747419488877,1.0
0,200,0.2,0.0,-21.95798270812853,0.006330582208985207
1,200,0.2,0.0,-17.014611252019563,0.01949788081989307
2,200,0.2,0.0,132.04531479467838,0.9999999999999376
0,200,0.3,0.0,-22.224634013626098,0.005955829839074514
1,200,0.3,0.0,3.1294548552350285,0.6727355189952455
2,200,0.3,0.0,94.34590154101308,0.999999999632371
0,200,0.0,0.0,-22.787534490188477,0.0052356039162793295
1,200,0.0,0.0,27.482635689486536,0.9982177782827947
2,200,0.0,0.0,-11.239902546722034,0.06990931401839887
0,200,0.0,0.1,-22.78234596823897,0.005241829829996071
1,200,0.0,0.1,260.29305710322865,1.0
2,200,0.0,0.1,333.8337021213008,1.0
0,200,0.0,0.2,-22.755655823656745,0.0052739729629860685
1,200,0.0,0.2,64.57630952020031,0.999999651366676
2,200,0.0,0.2,239.22557316434504,1.0
0,50,0.0,0.0,-21.839582507746464,0.006504406786948711
1,50,0.0,0.0,50.856739601728485,0.999991790390981
2,50,0.0,0.0,78.1564306604478,0.9999999847117799
0,100,0.0,0.0,-22.787438653830385,0.005235718847428402
1,100,0.0,0.0,208.0698903096726,1.0
2,100,0.0,0.0,295.71436284137883,1.0
0,200,0.0,0.0,-22.78753538113543,0.005235602847828583
1,200,0.0,0.0,84.63606465888077,0.999999996561306
2,200,0.0,0.0,49.90284338065912,0.9999897738720873
0,200,0.0,0.0,-22.787535994223962,0.005235602112594248
1,200,0.0,0.0,-5.959668522814833,0.20225424650905952
2,200,0.0,0.0,6.104493137111723,0.8030728375140782
0,200,0.1,0.0,-22.32691319938658,0.005818011440290344
1,200,0.1,0.0,51.948851264640545,0.9999936157174283
2,200,0.1,0.0,305.47747419488877,1.0
0,200,0.2,0.0,-21.95798270812853,0.006330582208985207
1,200,0.2,0.0,-17.014611252019563,0.01949788081989307
2,200,0.2,0.0,132.04531479467838,0.9999999999999376
0,200,0.3,0.0,-22.224634013626098,0.005955829839074514
1,200,0.3,0.0,3.1294548552350285,0.6727355189952455
2,200,0.3,0.0,94.34590154101308,0.999999999632371
0,200,0.0,0.0,-22.787534490188477,0.0052356039162793295
1,200,0.0,0.0,27.482635689486536,0.9982177782827947
2,200,0.0,0.0,-11.239902546722034,0.06990931401839887
0,200,0.0,0.1,-22.78234596823897,0.005241829829996071
1,200,0.0,0.1,260.29305710322865,1.0
2,200,0.0,0.1,333.8337021213008,1.0
0,200,0.0,0.2,-22.755655823656745,0.0052739729629860685
1,200,0.0,0.2,64.57630952020031,0.999999651366676
2,200,0.0,0.2,239.22557316434504,1.0
0,50,0.0,0.0,-21.839582507746464,0.006504406786948711
1,50,0.0,0.0,50.856739601728485,0.999991790390981
2,50,0.0,0.0,78.1564306604478,0.9999999847117799
0,100,0.0,0.0,-22.787438653830385,0.005235718847428402
1,100,0.0,0.0,208.0698903096726,1.0
2,100,0.0,0.0,295.71436284137883,1.0
0,200,0.0,0.0,-22.78753538113543,0.005235602847828583
1,200,0.0,0.0,84.63606465888077,0.999999996561306
2,200,0.0,0.0,49.90284338065912,0.9999897738720873
0,200,0.0,0.0,-22.787535994223962,0.005235602112594248
1,200,0.0,0.0,-5.959668522814833,0.20225424650905952
2,200,0.0,0.0,6.104493137111723,0.8030728375140782
0,200,0.1,0.0,-22.32691319938658,0.005818011440290344
1,200,0.1,0.0,51.948851264640545,0.9999936157174283
2,200,0.1,0.0,305.47747419488877,1.0
0,200,0.2,0.0,-21.95798270812853,0.006330582208985207
1,200,0.2,0.0,-17.014611252019563,0.01949788081989307
2,200,0.2,0.0,132.04531479467838,0.9999999999999376
0,200,0.3,0.0,-22.224634013626098,0.005955829839074514
1,200,0.3,0.0,3.1294548552350285,0.6727355189952455
2,200,0.3,0.0,94.34590154101308,0.999999999632371
0,200,0.0,0.0,-22.787534490188477,0.0052356039162793295
1,200,0.0,0.0,27.482635689486536,0.9982177782827947
2,200,0.0,0.0,-11.239902546722034,0.06990931401839887
0,200,0.0,0.1,-22.78234596823897,0.005241829829996071
1,200,0.0,0.1,260.29305710322865,1.0
2,200,0.0,0.1,333.8337021213008,1.0
0,200,0.0,0.2,-22.755655823656745,0.0052739729629860685
1,200,0.0,0.2,64.57630952020031,0.999999651366676
2,200,0.0,0.2,239.22557316434504,1.0
0,50,0.0,0.0,-21.839582507746464,0.006504406786948711
1,50,0.0,0.0,50.856739601728485,0.999991790390981
2,50,0.0,0.0,78.1564306604478,0.9999999847117799
0,100,0.0,0.0,-22.787438653830385,0.005235718847428402
1,100,0.0,0.0,208.0698903096726,1.0
2,100,0.0,0.0,295.71436284137883,1.0
0,200,0.0,0.0,-22.78753538113543,0.005235602847828583
1,200,0.0,0.0,84.63606465888077,0.999999996561306
2,200,0.0,0.0,49.90284338065912,0.9999897738720873
0,200,0.0,0.0,-22.787535994223962,0.005235602112594248
1,200,0.0,0.0,-5.959668522814833,0.20225424650905952
2,200,0.0,0.0,6.104493137111723,0.8030728375140782
0,200,0.1,0.0,-22.32691319938658,0.005818011440290344
1,200,0.1,0.0,51.948851264640545,0.9999936157174283
2,200,0.1,0.0,305.47747419488877,1.0
0,200,0.2,0.0,-21.95798270812853,0.006330582208985207
1,200,0.2,0.0,-17.014611252019563,0.01949788081989307
2,200,0.2,0.0,132.04531479467838,0.9999999999999376
0,200,0.3,0.0,-22.224634013626098,0.005955829839074514
1,200,0.3,0.0,3.1294548552350285,0.6727355189952455
2,200,0.3,0.0,94.34590154101308,0.999999999632371
0,200,0.0,0.0,-22.787534490188477,0.0052356039162793295
1,200,0.0,0.0,27.482635689486536,0.9982177782827947
2,200,0.0,0.0,-11.239902546722034,0.06990931401839887
0,200,0.0,0.1,-22.78234596823897,0.005241829829996071
1,200,0.0,0.1,260.29305710322865,1.0
2,200,0.0,0.1,333.8337021213008,1.0
0,200,0.0,0.2,-22.755655823656745,0.0052739729629860685
1,200,0.0,0.2,64.57630952020031,0.999999651366676
2,200,0.0,0.2,239.22557316434504,1.0
0,50,0.0,0.0,-21.839582507746464,0.006504406786948711
1,50,0.0,0.0,50.856739601728485,0.999991790390981
2,50,0.0,0.0,78.1564306604478,0.9999999847117799
0,100,0.0,0.0,-22.787438653830385,0.005235718847428402
1,100,0.0,0.0,208.0698903096726,1.0
2,100,0.0,0.0,295.71436284137883,1.0
0,200,0.0,0.0,-22.78753538113543,0.005235602847828583
1,200,0.0,0.0,84.63606465888077,0.999999996561306
2,200,0.0,0.0,49.90284338065912,0.9999897738720873
0,200,0.0,0.0,-22.787535994223962,0.005235602112594248
1,200,0.0,0.0,-5.959668522814833,0.20225424650905952
2,200,0.0,0.0,6.104493137111723,0.8030728375140782
0,200,0.1,0.0,-22.32691319938658,0.005818011440290344
1,200,0.1,0.0,51.948851264640545,0.9999936157174283
2,200,0.1,0.0,305.47747419488877,1.0
0,200,0.2,0.0,-21.95798270812853,0.006330582208985207
1,200,0.2,0.0,-17.014611252019563,0.01949788081989307
2,200,0.2,0.0,132.04531479467838,0.9999999999999376
0,200,0.3,0.0,-22.224634013626098,0.005955829839074514
1,200,0.3,0.0,3.1294548552350285,0.6727355189952455
2,200,0.3,0.0,94.34590154101308,0.999999999632371
0,200,0.0,0.0,-22.787534490188477,0.0052356039162793295
1,200,0.0,0.0,27.482635689486536,0.9982177782827947
2,200,0.0,0.0,-11.239902546722034,0.06990931401839887
0,200,0.0,0.1,-22.78234596823897,0.005241829829996071
1,200,0.0,0.1,260.29305710322865,1.0
2,200,0.0,0.1,333.8337021213008,1.0
0,200,0.0,0.2,-22.755655823656745,0.0052739729629860685
1,200,0.0,0.2,64.57630952020031,0.999999651366676
2,200,0.0,0.2,239.22557316434504,1.0
0,50,0.0,0.0,-21.839582507746464,0.006504406786948711
1,50,0.0,0.0,50.856739601728485,0.999991790390981
2,50,0.0,0.0,78.1564306604478,0.9999999847117799
0,100,0.0,0.0,-22.787438653830385,0.005235718847428402
1,100,0.0,0.0,208.0698903096726,1.0
2,100,0.0,0.0,295.71436284137883,1.0
0,200,0.0,0.0,-22.78753538113543,0.005235602847828583
1,200,0.0,0.0,84.63606465888077,0.999999996561306
2,200,0.0,0.0,49.90284338065912,0.9999897738720873
0,200,0.0,0.0,-22.787535994223962,0.005235602112594248
1,200,0.0,0.0,-5.959668522814833,0.20225424650905952
2,200,0.0,0.0,6.104493137111723,0.8030728375140782
0,200,0.1,0.0,-22.32691319938658,0.005818011440290344
1,200,0.1,0.0,51.948851264640545,0.9999936157174283
2,200,0.1,0.0,305.47747419488877,1.0
0,200,0.2,0.0,-21.95798270812853,0.006330582208985207
1,200,0.2,0.0,-17.014611252019563,0.01949788081989307
2,200,0.2,0.0,132.04531479467838,0.9999999999999376
0,200,0.3,0.0,-22.224634013626098,0.005955829839074514
1,200,0.3,0.0,3.1294548552350285,0.6727355189952455
2,200,0.3,0.0,94.34590154101308,0.999999999632371
0,200,0.0,0.0,-22.787534490188477,0.0052356039162793295
1,200,0.0,0.0,27.482635689486536,0.9982177782827947
2,200,0.0,0.0,-11.239902546722034,0.06990931401839887
0,200,0.0,0.1,-22.78234596823897,0.005241829829996071
1,200,0.0,0.1,260.29305710322865,1.0
2,200,0.0,0.1,333.8337021213008,1.0
0,200,0.0,0.2,-22.755655823656745,0.0052739729629860685
1,200,0.0,0.2,64.57630952020031,0.999999651366676
2,200,0.0,0.2,239.22557316434504,1.0
0,50,0.0,0.0,-21.839582507746464,0.006504406786948711
1,50,0.0,0.0,50.856739601728485,0.999991790390981
2,50,0.0,0.0,78.1564306604478,0.9999999847117799
0,100,0.0,0.0,-22.787438653830385,0.005235718847428402
1,100,0.0,0.0,208.0698903096726,1.0
2,100,0.0,0.0,295.71436284137883,1.0
0,200,0.0,0.0,-22.78753538113543,0.005235602847828583
1,200,0.0,0.0,84.63606465888077,0.999999996561306
2,200,0.0,0.0,49.90284338065912,0.9999897738720873
0,200,0.0,0.0,-22.787535994223962,0.005235602112594248
1,200,0.0,0.0,-5.959668522814833,0.20225424650905952
2,200,0.0,0.0,6.104493137111723,0.8030728375140782
0,200,0.1,0.0,-22.32691319938658,0.005818011440290344
1,200,0.1,0.0,51.948851264640545,0.9999936157174283
2,200,0.1,0.0,305.47747419488877,1.0
0,200,0.2,0.0,-21.95798270812853,0.006330582208985207
1,200,0.2,0.0,-17.014611252019563,0.01949788081989307
2,200,0.2,0.0,132.04531479467838,0.9999999999999376
0,200,0.3,0.0,-22.224634013626098,0.005955829839074514
1,200,0.3,0.0,3.1294548552350285,0.6727355189952455
2,200,0.3,0.0,94.34590154101308,0.999999999632371
0,200,0.0,0.0,-22.787534490188477,0.0052356039162793295
1,200,0.0,0.0,27.482635689486536,0.9982177782827947
2,200,0.0,0.0,-11.239902546722034,0.06990931401839887
0,200,0.0,0.1,-22.78234596823897,0.005241829829996071
1,200,0.0,0.1,260.29305710322865,1.0
2,200,0.0,0.1,333.8337021213008,1.0
0,200,0.0,0.2,-22.755655823656745,0.0052739729629860685
1,200,0.0,0.2,64.57630952020031,0.999999651366676
2,200,0.0,0.2,239.22557316434504,1.0
0,50,0.0,0.0,-21.839582507746464,0.006504406786948711
1,50,0.0,0.0,50.856739601728485,0.999991790390981
2,50,0.0,0.0,78.1564306604478,0.9999999847117799
0,100,0.0,0.0,-22.787438653830385,0.005235718847428402
1,100,0.0,0.0,208.0698903096726,1.0
2,100,0.0,0.0,295.71436284137883,1.0
0,200,0.0,0.0,-22.78753538113543,0.005235602847828583
1,200,0.0,0.0,84.63606465888077,0.999999996561306
2,200,0.0,0.0,49.90284338065912,0.9999897738720873
0,200,0.0,0.0,-22.787535994223962,0.005235602112594248
1,200,0.0,0.0,-5.959668522814833,0.20225424650905952
2,200,0.0,0.0,6.104493137111723,0.8030728375140782
0,200,0.1,0.0,-22.32691319938658,0.005818011440290344
1,200,0.1,0.0,51.948851264640545,0.9999936157174283
2,200,0.1,0.0,305.47747419488877,1.0
0,200,0.2,0.0,-21.95798270812853,0.006330582208985207
1,200,0.2,0.0,-17.014611252019563,0.01949788081989307
2,200,0.2,0.0,132.04531479467838,0.9999999999999376
0,200,0.3,0.0,-22.224634013626098,0.005955829839074514
1,200,0.3,0.0,3.1294548552350285,0.6727355189952455
2,200,0.3,0.0,94.34590154101308,0.999999999632371
0,200,0.0,0.0,-22.787534490188477,0.0052356039162793295
1,200,0.0,0.0,27.482635689486536,0.9982177782827947
2,200,0.0,0.0,-11.239902546722034,0.06990931401839887
0,200,0.0,0.1,-22.78234596823897,0.005241829829996071
1,200,0.0,0.1,260.29305710322865,1.0
2,200,0.0,0.1,333.8337021213008,1.0
0,200,0.0,0.2,-22.755655823656745,0.0052739729629860685
1,200,0.0,0.2,64.57630952020031,0.999999651366676
2,200,0.0,0.2,239.22557316434504,1.0
0,50,0.0,0.0,-21.839582507746464,0.006504406786948711
1,50,0.0,0.0,50.856739601728485,0.999991790390981
2,50,0.0,0.0,78.1564306604478,0.9999999847117799
0,100,0.0,0.0,-22.787438653830385,0.005235718847428402
1,100,0.0,0.0,208.0698903096726,1.0
2,100,0.0,0.0,295.71436284137883,1.0
0,200,0.0,0.0,-22.78753538113543,0.005235602847828583
1,200,0.0,0.0,84.63606465888077,0.999999996561306
2,200,0.0,0.0,49.90284338065912,0.9999897738720873
0,200,0.0,0.0,-22.787535994223962,0.005235602112594248
1,200,0.0,0.0,-5.959668522814833,0.20225424650905952
2,200,0.0,0.0,6.104493137111723,0.8030728375140782
0,200,0.1,0.0,-22.32691319938658,0.005818011440290344
1,200,0.1,0.0,51.948851264640545,0.9999936157174283
2,200,0.1,0.0,305.47747419488877,1.0
0,200,0.2,0.0,-21.95798270812853,0.006330582208985207
1,200,0.2,0.0,-17.014611252019563,0.01949788081989307
2,200,0.2,0.0,132.04531479467838,0.9999999999999376
0,200,0.3,0.0,-22.224634013626098,0.005955829839074514
1,200,0.3,0.0,3.1294548552350285,0.6727355189952455
2,200,0.3,0.0,94.34590154101308,0.999999999632371
0,200,0.0,0.0,-22.787534490188477,0.0052356039162793295
1,200,0.0,0.0,27.482635689486536,0.9982177782827947
2,200,0.0,0.0,-11.239902546722034,0.06990931401839887
0,200,0.0,0.1,-22.78234596823897,0.005241829829996071
1,200,0.0,0.1,260.29305710322865,1.0
2,200,0.0,0.1,333.8337021213008,1.0
0,200,0.0,0.2,-22.755655823656745,0.0052739729629860685
1,200,0.0,0.2,64.57630952020031,0.999999651366676
2,200,0.0,0.2,239.22557316434504,1.0
0,50,0.0,0.0,-21.839582507746464,0.006504406786948711
1,50,0.0,0.0,50.856739601728485,0.999991790390981
2,50,0.0,0.0,78.1564306604478,0.9999999847117799
0,100,0.0,0.0,-22.787438653830385,0.005235718847428402
1,100,0.0,0.0,208.0698903096726,1.0
2,100,0.0,0.0,295.71436284137883,1.0
0,200,0.0,0.0,-22.78753538113543,0.005235602847828583
1,200,0.0,0.0,84.63606465888077,0.999999996561306
2,200,0.0,0.0,49.90284338065912,0.9999897738720873
0,200,0.0,0.0,-22.787535994223962,0.005235602112594248
1,200,0.0,0.0,-5.959668522814833,0.20225424650905952
2,200,0.0,0.0,6.104493137111723,0.8030728375140782
0,200,0.1,0.0,-22.32691319938658,0.005818011440290344
1,200,0.1,0.0,51.948851264640545,0.9999936157174283
2,200,0.1,0.0,305.47747419488877,1.0
0,200,0.2,0.0,-21.95798270812853,0.006330582208985207
1,200,0.2,0.0,-17.014611252019563,0.01949788081989307
2,200,0.2,0.0,132.04531479467838,0.9999999999999376
0,200,0.3,0.0,-22.224634013626098,0.005955829839074514
1,200,0.3,0.0,3.1294548552350285,0.6727355189952455
2,200,0.3,0.0,94.34590154101308,0.999999999632371
0,200,0.0,0.0,-22.787534490188477,0.0052356039162793295
1,200,0.0,0.0,27.482635689486536,0.9982177782827947
2,200,0.0,0.0,-11.239902546722034,0.06990931401839887
0,200,0.0,0.1,-22.78234596823897,0.005241829829996071
1,200,0.0,0.1,260.29305710322865,1.0
2,200,0.0,0.1,333.8337021213008,1.0
0,200,0.0,0.2,-22.755655823656745,0.0052739729629860685
1,200,0.0,0.2,64.57630952020031,0.999999651366676
2,200,0.0,0.2,239.22557316434504,1.0
0,50,0.0,0.0,-21.839582507746464,0.006504406786948711
1,50,0.0,0.0,50.856739601728485,0.999991790390981
2,50,0.0,0.0,78.1564306604478,0.9999999847117799
0,100,0.0,0.0,-22.787438653830385,0.005235718847428402
1,100,0.0,0.0,208.0698903096726,1.0
2,100,0.0,0.0,295.71436284137883,1.0
0,200,0.0,0.0,-22.78753538113543,0.005235602847828583
1,200,0.0,0.0,84.63606465888077,0.999999996561306
2,200,0.0,0.0,49.90284338065912,0.9999897738720873
0,200,0.0,0.0,-22.787535994223962,0.005235602112594248
1,200,0.0,0.0,-5.959668522814833,0.20225424650905952
2,200,0.0,0.0,6.104493137111723,0.8030728375140782
0,200,0.1,0.0,-22.32691319938658,0.005818011440290344
1,200,0.1,0.0,51.948851264640545,0.9999936157174283
2,200,0.1,0.0,305.47747419488877,1.0
0,200,0.2,0.0,-21.95798270812853,0.006330582208985207
1,200,0.2,0.0,-17.014611252019563,0.01949788081989307
2,200,0.2,0.0,132.04531479467838,0.9999999999999376
0,200,0.3,0.0,-22.224634013626098,0.005955829839074514
1,200,0.3,0.0,3.1294548552350285,0.6727355189952455
2,200,0.3,0.0,94.34590154101308,0.999999999632371
0,200,0.0,0.0,-22.787534490188477,0.0052356039162793295
1,200,0.0,0.0,27.482635689486536,0.9982177782827947
2,200,0.0,0.0,-11.239902546722034,0.06990931401839887
0,200,0.0,0.1,-22.78234596823897,0.005241829829996071
1,200,0.0,0.1,260.29305710322865,1.0
2,200,0.0,0.1,333.8337021213008,1.0
0,200,0.0,0.2,-22.755655823656745,0.0052739729629860685
1,200,0.0,0.2,64.57630952020031,0.999999651366676
2,200,0.0,0.2,239.22557316434504,1.0
0,50,0.0,0.0,-21.839582507746464,0.006504406786948711
1,50,0.0,0.0,50.856739601728485,0.999991790390981
2,50,0.0,0.0,78.1564306604478,0.9999999847117799
0,100,0.0,0.0,-22.787438653830385,0.005235718847428402
1,100,0.0,0.0,208.0698903096726,1.0
2,100,0.0,0.0,295.71436284137883,1.0
0,200,0.0,0.0,-22.78753538113543,0.005235602847828583
1,200,0.0,0.0,84.63606465888077,0.999999996561306
2,200,0.0,0.0,49.90284338065912,0.9999897738720873
0,200,0.0,0.0,-22.787535994223962,0.005235602112594248
1,200,0.0,0.0,-5.959668522814833,0.20225424650905952
2,200,0.0,0.0,6.104493137111723,0.8030728375140782
0,200,0.1,0.0,-22.32691319938658,0.005818011440290344
1,200,0.1,0.0,51.948851264640545,0.9999936157174283
2,200,0.1,0.0,305.47747419488877,1.0
0,200,0.2,0.0,-21.95798270812853,0.006330582208985207
1,200,0.2,0.0,-17.014611252019563,0.01949788081989307
2,200,0.2,0.0,132.04531479467838,0.9999999999999376
0,200,0.3,0.0,-22.224634013626098,0.005955829839074514
1,200,0.3,0.0,3.1294548552350285,0.6727355189952455
2,200,0.3,0.0,94.34590154101308,0.999999999632371
0,200,0.0,0.0,-22.787534490188477,0.0052356039162793295
1,200,0.0,0.0,27.482635689486536,0.9982177782827947
2,200,0.0,0.0,-11.239902546722034,0.06990931401839887
0,200,0.0,0.1,-22.78234596823897,0.005241829829996071
1,200,0.0,0.1,260.29305710322865,1.0
2,200,0.0,0.1,333.8337021213008,1.0
0,200,0.0,0.2,-22.755655823656745,0.0052739729629860685
1,200,0.0,0.2,64.57630952020031,0.999999651366676
2,200,0.0,0.2,239.22557316434504,1.0
0,50,0.0,0.0,-21.839582507746464,0.006504406786948711
1,50,0.0,0.0,50.856739601728485,0.999991790390981
2,50,0.0,0.0,78.1564306604478,0.9999999847117799
0,100,0.0,0.0,-22.787438653830385,0.005235718847428402
1,100,0.0,0.0,208.0698903096726,1.0
2,100,0.0,0.0,295.71436284137883,1.0
0,200,0.0,0.0,-22.78753538113543,0.005235602847828583
1,200,0.0,0.0,84.63606465888077,0.999999996561306
2,200,0.0,0.0,49.90284338065912,0.9999897738720873
0,200,0.0,0.0,-22.787535994223962,0.005235602112594248
1,200,0.0,0.0,-5.959668522814833,0.20225424650905952
2,200,0.0,0.0,6.104493137111723,0.8030728375140782
0,200,0.1,0.0,-22.32691319938658,0.005818011440290344
1,200,0.1,0.0,51.948851264640545,0.9999936157174283
2,200,0.1,0.0,305.47747419488877,1.0
0,200,0.2,0.0,-21.95798270812853,0.006330582208985207
1,200,0.2,0.0,-17.014611252019563,0.01949788081989307
2,200,0.2,0.0,132.04531479467838,0.9999999999999376
0,200,0.3,0.0,-22.224634013626098,0.005955829839074514
1,200,0.3,0.0,3.1294548552350285,0.6727355189952455
2,200,0.3,0.0,94.34590154101308,0.999999999632371
0,200,0.0,0.0,-22.787534490188477,0.0052356039162793295
1,200,0.0,0.0,27.482635689486536,0.9982177782827947
2,200,0.0,0.0,-11.239902546722034,0.06990931401839887
0,200,0.0,0.1,-22.78234596823897,0.005241829829996071
1,200,0.0,0.1,260.29305710322865,1.0
2,200,0.0,0.1,333.8337021213008,1.0
0,200,0.0,0.2,-22.755655823656745,0.0052739729629860685
1,200,0.0,0.2,64.57630952020031,0.999999651366676
2,200,0.0,0.2,239.22557316434504,1.0
0,50,0.0,0.0,-21.839582507746464,0.006504406786948711
1,50,0.0,0.0,50.856739601728485,0.999991790390981
2,50,0.0,0.0,78.1564306604478,0.9999999847117799
0,100,0.0,0.0,-22.787438653830385,0.005235718847428402
1,100,0.0,0.0,208.0698903096726,1.0
2,100,0.0,0.0,295.71436284137883,1.0
0,200,0.0,0.0,-22.78753538113543,0.005235602847828583
1,200,0.0,0.0,84.63606465888077,0.999999996561306
2,200,0.0,0.0,49.90284338065912,0.9999897738720873
0,200,0.0,0.0,-22.787535994223962,0.005235602112594248
1,200,0.0,0.0,-5.959668522814833,0.20225424650905952
2,200,0.0,0.0,6.104493137111723,0.8030728375140782
0,200,0.1,0.0,-22.32691319938658,0.005818011440290344
1,200,0.1,0.0,51.948851264640545,0.9999936157174283
2,200,0.1,0.0,305.47747419488877,1.0
0,200,0.2,0.0,-21.95798270812853,0.006330582208985207
1,200,0.2,0.0,-17.014611252019563,0.01949788081989307
2,200,0.2,0.0,132.04531479467838,0.9999999999999376
0,200,0.3,0.0,-22.224634013626098,0.005955829839074514
1,200,0.3,0.0,3.1294548552350285,0.6727355189952455
2,200,0.3,0.0,94.34590154101308,0.999999999632371
0,200,0.0,0.0,-22.787534490188477,0.0052356039162793295
1,200,0.0,0.0,27.482635689486536,0.9982177782827947
2,200,0.0,0.0,-11.239902546722034,0.06990931401839887
0,200,0.0,0.1,-22.78234596823897,0.005241829829996071
1,200,0.0,0.1,260.29305710322865,1.0
2,200,0.0,0.1,333.8337021213008,1.0
0,200,0.0,0.2,-22.755655823656745,0.0052739729629860685
1,200,0.0,0.2,64.57630952020031,0.999999651366676
2,200,0.0,0.2,239.22557316434504,1.0
0,50,0.0,0.0,-21.839582507746464,0.006504406786948711
1,50,0.0,0.0,50.856739601728485,0.999991790390981
2,50,0.0,0.0,78.1564306604478,0.9999999847117799
0,100,0.0,0.0,-22.787438653830385,0.005235718847428402
1,100,0.0,0.0,208.0698903096726,1.0
2,100,0.0,0.0,295.71436284137883,1.0
0,200,0.0,0.0,-22.78753538113543,0.005235602847828583
1,200,0.0,0.0,84.63606465888077,0.999999996561306
2,200,0.0,0.0,49.90284338065912,0.9999897738720873
0,200,0.0,0.0,-22.787535994223962,0.005235602112594248
1,200,0.0,0.0,-5.959668522814833,0.20225424650905952
2,200,0.0,0.0,6.104493137111723,0.8030728375140782
0,200,0.1,0.0,-22.32691319938658,0.005818011440290344
1,200,0.1,0.0,51.948851264640545,0.9999936157174283
2,200,0.1,0.0,305.47747419488877,1.0
0,200,0.2,0.0,-21.95798270812853,0.006330582208985207
1,200,0.2,0.0,-17.014611252019563,0.01949788081989307
2,200,0.2,0.0,132.04531479467838,0.9999999999999376
0,200,0.3,0.0,-22.224634013626098,0.005955829839074514
1,200,0.3,0.0,3.1294548552350285,0.6727355189952455
2,200,0.3,0.0,94.34590154101308,0.999999999632371
0,200,0.0,0.0,-22.787534490188477,0.0052356039162793295
1,200,0.0,0.0,27.482635689486536,0.9982177782827947
2,200,0.0,0.0,-11.239902546722034,0.06990931401839887
0,200,0.0,0.1,-22.78234596823897,0.005241829829996071
1,200,0.0,0.1,260.29305710322865,1.0
2,200,0.0,0.1,333.8337021213008,1.0
0,200,0.0,0.2,-22.755655823656745,0.0052739729629860685
1,200,0.0,0.2,64.57630952020031,0.999999651366676
2,200,0.0,0.2,239.22557316434504,1.0
0,50,0.0,0.0,-21.839582507746464,0.006504406786948711
1,50,0.0,0.0,50.856739601728485,0.999991790390981
2,50,0.0,0.0,78.1564306604478,0.9999999847117799
0,100,0.0,0.0,-22.787438653830385,0.005235718847428402
1,100,0.0,0.0,208.0698903096726,1.0
2,100,0.0,0.0,295.71436284137883,1.0
0,200,0.0,0.0,-22.78753538113543,0.005235602847828583
1,200,0.0,0.0,84.63606465888077,0.999999996561306
2,200,0.0,0.0,49.90284338065912,0.9999897738720873
0,200,0.0,0.0,-22.787535994223962,0.005235602112594248
1,200,0.0,0.0,-5.959668522814833,0.20225424650905952
2,200,0.0,0.0,6.104493137111723,0.8030728375140782
0,200,0.1,0.0,-22.32691319938658,0.005818011440290344
1,200,0.1,0.0,51.948851264640545,0.9999936157174283
2,200,0.1,0.0,305.47747419488877,1.0
0,200,0.2,0.0,-21.95798270812853,0.006330582208985207
1,200,0.2,0.0,-17.014611252019563,0.01949788081989307
2,200,0.2,0.0,132.04531479467838,0.9999999999999376
0,200,0.3,0.0,-22.224634013626098,0.005955829839074514
1,200,0.3,0.0,3.1294548552350285,0.6727355189952455
2,200,0.3,0.0,94.34590154101308,0.999999999632371
0,200,0.0,0.0,-22.787534490188477,0.0052356039162793295
1,200,0.0,0.0,27.482635689486536,0.9982177782827947
2,200,0.0,0.0,-11.239902546722034,0.06990931401839887
0,200,0.0,0.1,-22.78234596823897,0.005241829829996071
1,200,0.0,0.1,260.29305710322865,1.0
2,200,0.0,0.1,333.8337021213008,1.0
0,200,0.0,0.2,-22.755655823656745,0.0052739729629860685
1,200,0.0,0.2,64.57630952020031,0.999999651366676
2,200,0.0,0.2,239.22557316434504,1.0
0,50,0.0,0.0,-21.839582507746464,0.006504406786948711
1,50,0.0,0.0,50.856739601728485,0.999991790390981
2,50,0.0,0.0,78.1564306604478,0.9999999847117799
0,100,0.0,0.0,-22.787438653830385,0.005235718847428402
1,100,0.0,0.0,208.0698903096726,1.0
2,100,0.0,0.0,295.71436284137883,1.0
0,200,0.0,0.0,-22.78753538113543,0.005235602847828583
1,200,0.0,0.0,84.63606465888077,0.999999996561306
2,200,0.0,0.0,49.90284338065912,0.9999897738720873
0,200,0.0,0.0,-22.787535994223962,0.005235602112594248
1,200,0.0,0.0,-5.959668522814833,0.20225424650905952
2,200,0.0,0.0,6.104493137111723,0.8030728375140782
0,200,0.1,0.0,-22.32691319938658,0.005818011440290344
1,200,0.1,0.0,51.948851264640545,0.9999936157174283
2,200,0.1,0.0,305.47747419488877,1.0
0,200,0.2,0.0,-21.95798270812853,0.006330582208985207
1,200,0.2,0.0,-17.014611252019563,0.01949788081989307
2,200,0.2,0.0,132.04531479467838,0.9999999999999376
0,200,0.3,0.0,-22.224634013626098,0.005955829839074514
1,200,0.3,0.0,3.1294548552350285,0.6727355189952455
2,200,0.3,0.0,94.34590154101308,0.999999999632371
0,200,0.0,0.0,-22.787534490188477,0.0052356039162793295
1,200,0.0,0.0,27.482635689486536,0.9982177782827947
2,200,0.0,0.0,-11.239902546722034,0.06990931401839887
0,200,0.0,0.1,-22.78234596823897,0.005241829829996071
1,200,0.0,0.1,260.29305710322865,1.0
2,200,0.0,0.1,333.8337021213008,1.0
0,200,0.0,0.2,-22.755655823656745,0.0052739729629860685
1,200,0.0,0.2,64.57630952020031,0.999999651366676
2,200,0.0,0.2,239.22557316434504,1.0
0,50,0.0,0.0,-21.839582507746464,0.006504406786948711
1,50,0.0,0.0,50.856739601728485,0.999991790390981
2,50,0.0,0.0,78.1564306604478,0.9999999847117799
0,100,0.0,0.0,-22.787438653830385,0.005235718847428402
1,100,0.0,0.0,208.0698903096726,1.0
2,100,0.0,0.0,295.71436284137883,1.0
0,200,0.0,0.0,-22.78753538113543,0.005235602847828583
1,200,0.0,0.0,84.63606465888077,0.999999996561306
2,200,0.0,0.0,49.90284338065912,0.9999897738720873
0,200,0.0,0.0,-22.787535994223962,0.005235602112594248
1,200,0.0,0.0,-5.959668522814833,0.20225424650905952
2,200,0.0,0.0,6.104493137111723,0.8030728375140782
0,200,0.1,0.0,-22.32691319938658,0.005818011440290344
1,200,0.1,0.0,51.948851264640545,0.9999936157174283
2,200,0.1,0.0,305.47747419488877,1.0
0,200,0.2,0.0,-21.95798270812853,0.006330582208985207
1,200,0.2,0.0,-17.014611252019563,0.01949788081989307
2,200,0.2,0.0,132.04531479467838,0.9999999999999376
0,200,0.3,0.0,-22.224634013626098,0.005955829839074514
1,200,0.3,0.0,3.1294548552350285,0.6727355189952455
2,200,0.3,0.0,94.34590154101308,0.999999999632371
0,200,0.0,0.0,-22.787534490188477,0.0052356039162793295
1,200,0.0,0.0,27.482635689486536,0.9982177782827947
2,200,0.0,0.0,-11.239902546722034,0.06990931401839887
0,200,0.0,0.1,-22.78234596823897,0.005241829829996071
1,200,0.0,0.1,260.29305710322865,1.0
2,200,0.0,0.1,333.8337021213008,1.0
0,200,0.0,0.2,-22.755655823656745,0.0052739729629860685
1,200,0.0,0.2,64.57630952020031,0.999999651366676
2,200,0.0,0.2,239.22557316434504,1.0
0,50,0.0,0.0,-21.839582507746464,0.006504406786948711
1,50,0.0,0.0,50.856739601728485,0.999991790390981
2,50,0.0,0.0,78.1564306604478,0.9999999847117799
0,100,0.0,0.0,-22.787438653830385,0.005235718847428402
1,100,0.0,0.0,208.0698903096726,1.0
2,100,0.0,0.0,295.71436284137883,1.0
0,200,0.0,0.0,-22.78753538113543,0.005235602847828583
1,200,0.0,0.0,84.63606465888077,0.999999996561306
2,200,0.0,0.0,49.90284338065912,0.9999897738720873
0,200,0.0,0.0,-22.787535994223962,0.005235602112594248
1,200,0.0,0.0,-5.959668522814833,0.20225424650905952
2,200,0.0,0.0,6.104493137111723,0.8030728375140782
0,200,0.1,0.0,-22.32691319938658,0.005818011440290344
1,200,0.1,0.0,51.948851264640545,0.9999936157174283
2,200,0.1,0.0,305.47747419488877,1.0
0,200,0.2,0.0,-21.95798270812853,0.006330582208985207
1,200,0.2,0.0,-17.014611252019563,0.01949788081989307
2,200,0.2,0.0,132.04531479467838,0.9999999999999376
0,200,0.3,0.0,-22.224634013626098,0.005955829839074514
1,200,0.3,0.0,3.1294548552350285,0.6727355189952455
2,200,0.3,0.0,94.34590154101308,0.999999999632371
0,200,0.0,0.0,-22.787534490188477,0.0052356039162793295
1,200,0.0,0.0,27.482635689486536,0.9982177782827947
2,200,0.0,0.0,-11.239902546722034,0.06990931401839887
0,200,0.0,0.1,-22.78234596823897,0.005241829829996071
1,200,0.0,0.1,260.29305710322865,1.0
2,200,0.0,0.1,333.8337021213008,1.0
0,200,0.0,0.2,-22.755655823656745,0.0052739729629860685
1,200,0.0,0.2,64.57630952020031,0.999999651366676
2,200,0.0,0.2,239.22557316434504,1.0
0,50,0.0,0.0,-21.839582507746464,0.006504406786948711
1,50,0.0,0.0,50.856739601728485,0.999991790390981
2,50,0.0,0.0,78.1564306604478,0.9999999847117799
0,100,0.0,0.0,-22.787438653830385,0.005235718847428402
1,100,0.0,0.0,208.0698903096726,1.0
2,100,0.0,0.0,295.71436284137883,1.0
0,200,0.0,0.0,-22.78753538113543,0.005235602847828583
1,200,0.0,0.0,84.63606465888077,0.999999996561306
2,200,0.0,0.0,49.90284338065912,0.9999897738720873
0,200,0.0,0.0,-22.787535994223962,0.005235602112594248
1,200,0.0,0.0,-5.959668522814833,0.20225424650905952
2,200,0.0,0.0,6.104493137111723,0.8030728375140782
0,200,0.1,0.0,-22.32691319938658,0.005818011440290344
1,200,0.1,0.0,51.948851264640545,0.9999936157174283
2,200,0.1,0.0,305.47747419488877,1.0
0,200,0.2,0.0,-21.95798270812853,0.006330582208985207
1,200,0.2,0.0,-17.014611252019563,0.01949788081989307
2,200,0.2,0.0,132.04531479467838,0.9999999999999376
0,200,0.3,0.0,-22.224634013626098,0.005955829839074514
1,200,0.3,0.0,3.1294548552350285,0.6727355189952455
2,200,0.3,0.0,94.34590154101308,0.999999999632371
0,200,0.0,0.0,-22.787534490188477,0.0052356039162793295
1,200,0.0,0.0,27.482635689486536,0.9982177782827947
2,200,0.0,0.0,-11.239902546722034,0.06990931401839887
0,200,0.0,0.1,-22.78234596823897,0.005241829829996071
1,200,0.0,0.1,260.29305710322865,1.0
2,200,0.0,0.1,333.8337021213008,1.0
0,200,0.0,0.2,-22.755655823656745,0.0052739729629860685
1,200,0.0,0.2,64.57630952020031,0.999999651366676
2,200,0.0,0.2,239.22557316434504,1.0
0,50,0.0,0.0,-21.839582507746464,0.006504406786948711
1,50,0.0,0.0,50.856739601728485,0.999991790390981
2,50,0.0,0.0,78.1564306604478,0.9999999847117799
0,100,0.0,0.0,-22.787438653830385,0.005235718847428402
1,100,0.0,0.0,208.0698903096726,1.0
2,100,0.0,0.0,295.71436284137883,1.0
0,200,0.0,0.0,-22.78753538113543,0.005235602847828583
1,200,0.0,0.0,84.63606465888077,0.999999996561306
2,200,0.0,0.0,49.90284338065912,0.9999897738720873
0,200,0.0,0.0,-22.787535994223962,0.005235602112594248
1,200,0.0,0.0,-5.959668522814833,0.20225424650905952
2,200,0.0,0.0,6.104493137111723,0.8030728375140782
0,200,0.1,0.0,-22.32691319938658,0.005818011440290344
1,200,0.1,0.0,51.948851264640545,0.9999936157174283
2,200,0.1,0.0,305.47747419488877,1.0
0,200,0.2,0.0,-21.95798270812853,0.006330582208985207
1,200,0.2,0.0,-17.014611252019563,0.01949788081989307
2,200,0.2,0.0,132.04531479467838,0.9999999999999376
0,200,0.3,0.0,-22.224634013626098,0.005955829839074514
1,200,0.3,0.0,3.1294548552350285,0.6727355189952455
2,200,0.3,0.0,94.34590154101308,0.999999999632371
0,200,0.0,0.0,-22.787534490188477,0.0052356039162793295
1,200,0.0,0.0,27.482635689486536,0.9982177782827947
2,200,0.0,0.0,-11.239902546722034,0.06990931401839887
0,200,0.0,0.1,-22.78234596823897,0.005241829829996071
1,200,0.0,0.1,260.29305710322865,1.0
2,200,0.0,0.1,333.8337021213008,1.0
0,200,0.0,0.2,-22.755655823656745,0.0052739729629860685
1,200,0.0,0.2,64.57630952020031,0.999999651366676
2,200,0.0,0.2,239.22557316434504,1.0
0,50,0.0,0.0,-21.839582507746464,0.006504406786948711
1,50,0.0,0.0,50.856739601728485,0.999991790390981
2,50,0.0,0.0,78.1564306604478,0.9999999847117799
0,100,0.0,0.0,-22.787438653830385,0.005235718847428402
1,100,0.0,0.0,208.0698903096726,1.0
2,100,0.0,0.0,295.71436284137883,1.0
0,200,0.0,0.0,-22.78753538113543,0.005235602847828583
1,200,0.0,0.0,84.63606465888077,0.999999996561306
2,200,0.0,0.0,49.90284338065912,0.9999897738720873
0,200,0.0,0.0,-22.787535994223962,0.005235602112594248
1,200,0.0,0.0,-5.959668522814833,0.20225424650905952
2,200,0.0,0.0,6.104493137111723,0.8030728375140782
0,200,0.1,0.0,-22.32691319938658,0.005818011440290344
1,200,0.1,0.0,51.948851264640545,0.9999936157174283
2,200,0.1,0.0,305.47747419488877,1.0
0,200,0.2,0.0,-21.95798270812853,0.006330582208985207
1,200,0.2,0.0,-17.014611252019563,0.01949788081989307
2,200,0.2,0.0,132.04531479467838,0.9999999999999376
0,200,0.3,0.0,-22.224634013626098,0.005955829839074514
1,200,0.3,0.0,3.1294548552350285,0.6727355189952455
2,200,0.3,0.0,94.34590154101308,0.999999999632371
0,200,0.0,0.0,-22.787534490188477,0.0052356039162793295
1,200,0.0,0.0,27.482635689486536,0.9982177782827947
2,200,0.0,0.0,-11.239902546722034,0.06990931401839887
0,200,0.0,0.1,-22.78234596823897,0.005241829829996071
1,200,0.0,0.1,260.29305710322865,1.0
2,200,0.0,0.1,333.8337021213008,1.0
0,200,0.0,0.2,-22.755655823656745,0.0052739729629860685
1,200,0.0,0.2,64.57630952020031,0.999999651366676
2,200,0.0,0.2,239.22557316434504,1.0
0,50,0.0,0.0,-21.839582507746464,0.006504406786948711
1,50,0.0,0.0,50.856739601728485,0.999991790390981
2,50,0.0,0.0,78.1564306604478,0.9999999847117799
0,100,0.0,0.0,-22.787438653830385,0.005235718847428402
1,100,0.0,0.0,208.0698903096726,1.0
2,100,0.0,0.0,295.71436284137883,1.0
0,200,0.0,0.0,-22.78753538113543,0.005235602847828583
1,200,0.0,0.0,84.63606465888077,0.999999996561306
2,200,0.0,0.0,49.90284338065912,0.9999897738720873
0,200,0.0,0.0,-22.787535994223962,0.005235602112594248
1,200,0.0,0.0,-5.959668522814833,0.20225424650905952
2,200,0.0,0.0,6.104493137111723,0.8030728375140782
0,200,0.1,0.0,-22.32691319938658,0.005818011440290344
1,200,0.1,0.0,51.948851264640545,0.9999936157174283
2,200,0.1,0.0,305.47747419488877,1.0
0,200,0.2,0.0,-21.95798270812853,0.006330582208985207
1,200,0.2,0.0,-17.014611252019563,0.01949788081989307
2,200,0.2,0.0,132.04531479467838,0.9999999999999376
0,200,0.3,0.0,-22.224634013626098,0.005955829839074514
1,200,0.3,0.0,3.1294548552350285,0.6727355189952455
2,200,0.3,0.0,94.34590154101308,0.999999999632371
0,200,0.0,0.0,-22.787534490188477,0.0052356039162793295
1,200,0.0,0.0,27.482635689486536,0.9982177782827947
2,200,0.0,0.0,-11.239902546722034,0.06990931401839887
0,200,0.0,0.1,-22.78234596823897,0.005241829829996071
1,200,0.0,0.1,260.29305710322865,1.0
2,200,0.0,0.1,333.8337021213008,1.0
0,200,0.0,0.2,-22.755655823656745,0.0052739729629860685
1,200,0.0,0.2,64.57630952020031,0.999999651366676
2,200,0.0,0.2,239.22557316434504,1.0
0,50,0.0,0.0,-21.839582507746464,0.006504406786948711
1,50,0.0,0.0,50.856739601728485,0.999991790390981
2,50,0.0,0.0,78.1564306604478,0.9999999847117799
0,100,0.0,0.0,-22.787438653830385,0.005235718847428402
1,100,0.0,0.0,208.0698903096726,1.0
2,100,0.0,0.0,295.71436284137883,1.0
0,200,0.0,0.0,-22.78753538113543,0.005235602847828583
1,200,0.0,0.0,84.63606465888077,0.999999996561306
2,200,0.0,0.0,49.90284338065912,0.9999897738720873
0,200,0.0,0.0,-22.787535994223962,0.005235602112594248
1,200,0.0,0.0,-5.959668522814833,0.20225424650905952
2,200,0.0,0.0,6.104493137111723,0.8030728375140782
0,200,0.1,0.0,-22.32691319938658,0.005818011440290344
1,200,0.1,0.0,51.948851264640545,0.9999936157174283
2,200,0.1,0.0,305.47747419488877,1.0
0,200,0.2,0.0,-21.95798270812853,0.006330582208985207
1,200,0.2,0.0,-17.014611252019563,0.01949788081989307
2,200,0.2,0.0,132.04531479467838,0.9999999999999376
0,200,0.3,0.0,-22.224634013626098,0.005955829839074514
1,200,0.3,0.0,3.1294548552350285,0.6727355189952455
2,200,0.3,0.0,94.34590154101308,0.999999999632371
0,200,0.0,0.0,-22.787534490188477,0.0052356039162793295
1,200,0.0,0.0,27.482635689486536,0.9982177782827947
2,200,0.0,0.0,-11.239902546722034,0.06990931401839887
0,200,0.0,0.1,-22.78234596823897,0.005241829829996071
1,200,0.0,0.1,260.29305710322865,1.0
2,200,0.0,0.1,333.8337021213008,1.0
0,200,0.0,0.2,-22.755655823656745,0.0052739729629860685
1,200,0.0,0.2,64.57630952020031,0.999999651366676
2,200,0.0,0.2,239.22557316434504,1.0
0,50,0.0,0.0,-21.839582507746464,0.006504406786948711
1,50,0.0,0.0,50.856739601728485,0.999991790390981
2,50,0.0,0.0,78.1564306604478,0.9999999847117799
0,100,0.0,0.0,-22.787438653830385,0.005235718847428402
1,100,0.0,0.0,208.0698903096726,1.0
2,100,0.0,0.0,295.71436284137883,1.0
0,200,0.0,0.0,-22.78753538113543,0.005235602847828583
1,200,0.0,0.0,84.63606465888077,0.999999996561306
2,200,0.0,0.0,49.90284338065912,0.9999897738720873
0,200,0.0,0.0,-22.787535994223962,0.005235602112594248
1,200,0.0,0.0,-5.959668522814833,0.20225424650905952
2,200,0.0,0.0,6.104493137111723,0.8030728375140782
0,200,0.1,0.0,-22.32691319938658,0.005818011440290344
1,200,0.1,0.0,51.948851264640545,0.9999936157174283
2,200,0.1,0.0,305.47747419488877,1.0
0,200,0.2,0.0,-21.95798270812853,0.006330582208985207
1,200,0.2,0.0,-17.014611252019563,0.01949788081989307
2,200,0.2,0.0,132.04531479467838,0.9999999999999376
0,200,0.3,0.0,-22.224634013626098,0.005955829839074514
1,200,0.3,0.0,3.1294548552350285,0.6727355189952455
2,200,0.3,0.0,94.34590154101308,0.999999999632371
0,200,0.0,0.0,-22.787534490188477,0.0052356039162793295
1,200,0.0,0.0,27.482635689486536,0.9982177782827947
2,200,0.0,0.0,-11.239902546722034,0.06990931401839887
0,200,0.0,0.1,-22.78234596823897,0.005241829829996071
1,200,0.0,0.1,260.29305710322865,1.0
2,200,0.0,0.1,333.8337021213008,1.0
0,200,0.0,0.2,-22.755655823656745,0.0052739729629860685
1,200,0.0,0.2,64.57630952020031,0.999999651366676
2,200,0.0,0.2,239.22557316434504,1.0
0,50,0.0,0.0,-21.839582507746464,0.006504406786948711
1,50,0.0,0.0,50.856739601728485,0.999991790390981
2,50,0.0,0.0,78.1564306604478,0.9999999847117799
0,100,0.0,0.0,-22.787438653830385,0.005235718847428402
1,100,0.0,0.0,208.0698903096726,1.0
2,100,0.0,0.0,295.71436284137883,1.0
0,200,0.0,0.0,-22.78753538113543,0.005235602847828583
1,200,0.0,0.0,84.63606465888077,0.999999996561306
2,200,0.0,0.0,49.90284338065912,0.9999897738720873
0,200,0.0,0.0,-22.787535994223962,0.005235602112594248
1,200,0.0,0.0,-5.959668522814833,0.20225424650905952
2,200,0.0,0.0,6.104493137111723,0.8030728375140782
0,200,0.1,0.0,-22.32691319938658,0.005818011440290344
1,200,0.1,0.0,51.948851264640545,0.9999936157174283
2,200,0.1,0.0,305.47747419488877,1.0
0,200,0.2,0.0,-21.95798270812853,0.006330582208985207
1,200,0.2,0.0,-17.014611252019563,0.01949788081989307
2,200,0.2,0.0,132.04531479467838,0.9999999999999376
0,200,0.3,0.0,-22.224634013626098,0.005955829839074514
1,200,0.3,0.0,3.1294548552350285,0.6727355189952455
2,200,0.3,0.0,94.34590154101308,0.999999999632371
0,200,0.0,0.0,-22.787534490188477,0.0052356039162793295
1,200,0.0,0.0,27.482635689486536,0.9982177782827947
2,200,0.0,0.0,-11.239902546722034,0.06990931401839887
0,200,0.0,0.1,-22.78234596823897,0.005241829829996071
1,200,0.0,0.1,260.29305710322865,1.0
2,200,0.0,0.1,333.8337021213008,1.0
0,200,0.0,0.2,-22.755655823656745,0.0052739729629860685
1,200,0.0,0.2,64.57630952020031,0.999999651366676
2,200,0.0,0.2,239.22557316434504,1.0
0,50,0.0,0.0,-21.839582507746464,0.006504406786948711
1,50,0.0,0.0,50.856739601728485,0.999991790390981
2,50,0.0,0.0,78.1564306604478,0.9999999847117799
0,100,0.0,0.0,-22.787438653830385,0.005235718847428402
1,100,0.0,0.0,208.0698903096726,1.0
2,100,0.0,0.0,295.71436284137883,1.0
0,200,0.0,0.0,-22.78753538113543,0.005235602847828583
1,200,0.0,0.0,84.63606465888077,0.999999996561306
2,200,0.0,0.0,49.90284338065912,0.9999897738720873
0,200,0.0,0.0,-22.787535994223962,0.005235602112594248
1,200,0.0,0.0,-5.959668522814833,0.20225424650905952
2,200,0.0,0.0,6.104493137111723,0.8030728375140782
0,200,0.1,0.0,-22.32691319938658,0.005818011440290344
1,200,0.1,0.0,51.948851264640545,0.9999936157174283
2,200,0.1,0.0,305.47747419488877,1.0
0,200,0.2,0.0,-21.95798270812853,0.006330582208985207
1,200,0.2,0.0,-17.014611252019563,0.01949788081989307
2,200,0.2,0.0,132.04531479467838,0.9999999999999376
0,200,0.3,0.0,-22.224634013626098,0.005955829839074514
1,200,0.3,0.0,3.1294548552350285,0.6727355189952455
2,200,0.3,0.0,94.34590154101308,0.999999999632371
0,200,0.0,0.0,-22.787534490188477,0.0052356039162793295
1,200,0.0,0.0,27.482635689486536,0.9982177782827947
2,200,0.0,0.0,-11.239902546722034,0.06990931401839887
0,200,0.0,0.1,-22.78234596823897,0.005241829829996071
1,200,0.0,0.1,260.29305710322865,1.0
2,200,0.0,0.1,333.8337021213008,1.0
0,200,0.0,0.2,-22.755655823656745,0.0052739729629860685
1,200,0.0,0.2,64.57630952020031,0.999999651366676
2,200,0.0,0.2,239.22557316434504,1.0
0,50,0.0,0.0,-21.839582507746464,0.006504406786948711
1,50,0.0,0.0,50.856739601728485,0.999991790390981
2,50,0.0,0.0,78.1564306604478,0.9999999847117799
0,100,0.0,0.0,-22.787438653830385,0.005235718847428402
1,100,0.0,0.0,208.0698903096726,1.0
2,100,0.0,0.0,295.71436284137883,1.0
0,200,0.0,0.0,-22.78753538113543,0.005235602847828583
1,200,0.0,0.0,84.63606465888077,0.999999996561306
2,200,0.0,0.0,49.90284338065912,0.9999897738720873
0,200,0.0,0.0,-22.787535994223962,0.005235602112594248
1,200,0.0,0.0,-5.959668522814833,0.20225424650905952
2,200,0.0,0.0,6.104493137111723,0.8030728375140782
0,200,0.1,0.0,-22.32691319938658,0.005818011440290344
1,200,0.1,0.0,51.948851264640545,0.9999936157174283
2,200,0.1,0.0,305.47747419488877,1.0
0,200,0.2,0.0,-21.95798270812853,0.006330582208985207
1,200,0.2,0.0,-17.014611252019563,0.01949788081989307
2,200,0.2,0.0,132.04531479467838,0.9999999999999376
0,200,0.3,0.0,-22.224634013626098,0.005955829839074514
1,200,0.3,0.0,3.1294548552350285,0.6727355189952455
2,200,0.3,0.0,94.34590154101308,0.999999999632371
0,200,0.0,0.0,-22.787534490188477,0.0052356039162793295
1,200,0.0,0.0,27.482635689486536,0.9982177782827947
2,200,0.0,0.0,-11.239902546722034,0.06990931401839887
0,200,0.0,0.1,-22.78234596823897,0.005241829829996071
1,200,0.0,0.1,260.29305710322865,1.0
2,200,0.0,0.1,333.8337021213008,1.0
0,200,0.0,0.2,-22.755655823656745,0.0052739729629860685
1,200,0.0,0.2,64.57630952020031,0.999999651366676
2,200,0.0,0.2,239.22557316434504,1.0
0,50,0.0,0.0,-21.839582507746464,0.006504406786948711
1,50,0.0,0.0,50.856739601728485,0.999991790390981
2,50,0.0,0.0,78.1564306604478,0.9999999847117799
0,100,0.0,0.0,-22.787438653830385,0.005235718847428402
1,100,0.0,0.0,208.0698903096726,1.0
2,100,0.0,0.0,295.71436284137883,1.0
0,200,0.0,0.0,-22.78753538113543,0.005235602847828583
1,200,0.0,0.0,84.63606465888077,0.999999996561306
2,200,0.0,0.0,49.90284338065912,0.9999897738720873
0,200,0.0,0.0,-22.787535994223962,0.005235602112594248
1,200,0.0,0.0,-5.959668522814833,0.20225424650905952
2,200,0.0,0.0,6.104493137111723,0.8030728375140782
0,200,0.1,0.0,-22.32691319938658,0.005818011440290344
1,200,0.1,0.0,51.948851264640545,0.9999936157174283
2,200,0.1,0.0,305.47747419488877,1.0
0,200,0.2,0.0,-21.95798270812853,0.006330582208985207
1,200,0.2,0.0,-17.014611252019563,0.01949788081989307
2,200,0.2,0.0,132.04531479467838,0.9999999999999376
0,200,0.3,0.0,-22.224634013626098,0.005955829839074514
1,200,0.3,0.0,3.1294548552350285,0.6727355189952455
2,200,0.3,0.0,94.34590154101308,0.999999999632371
0,200,0.0,0.0,-22.787534490188477,0.0052356039162793295
1,200,0.0,0.0,27.482635689486536,0.9982177782827947
2,200,0.0,0.0,-11.239902546722034,0.06990931401839887
0,200,0.0,0.1,-22.78234596823897,0.005241829829996071
1,200,0.0,0.1,260.29305710322865,1.0
2,200,0.0,0.1,333.8337021213008,1.0
0,200,0.0,0.2,-22.755655823656745,0.0052739729629860685
1,200,0.0,0.2,64.57630952020031,0.999999651366676
2,200,0.0,0.2,239.22557316434504,1.0
0,50,0.0,0.0,-21.839582507746464,0.006504406786948711
1,50,0.0,0.0,50.856739601728485,0.999991790390981
2,50,0.0,0.0,78.1564306604478,0.9999999847117799
0,100,0.0,0.0,-22.787438653830385,0.005235718847428402
1,100,0.0,0.0,208.0698903096726,1.0
2,100,0.0,0.0,295.71436284137883,1.0
0,200,0.0,0.0,-22.78753538113543,0.005235602847828583
1,200,0.0,0.0,84.63606465888077,0.999999996561306
2,200,0.0,0.0,49.90284338065912,0.9999897738720873
0,200,0.0,0.0,-22.787535994223962,0.005235602112594248
1,200,0.0,0.0,-5.959668522814833,0.20225424650905952
2,200,0.0,0.0,6.104493137111723,0.8030728375140782
0,200,0.1,0.0,-22.32691319938658,0.005818011440290344
1,200,0.1,0.0,51.948851264640545,0.9999936157174283
2,200,0.1,0.0,305.47747419488877,1.0
0,200,0.2,0.0,-21.95798270812853,0.006330582208985207
1,200,0.2,0.0,-17.014611252019563,0.01949788081989307
2,200,0.2,0.0,132.04531479467838,0.9999999999999376
0,200,0.3,0.0,-22.224634013626098,0.005955829839074514
1,200,0.3,0.0,3.1294548552350285,0.6727355189952455
2,200,0.3,0.0,94.34590154101308,0.999999999632371
0,200,0.0,0.0,-22.787534490188477,0.0052356039162793295
1,200,0.0,0.0,27.482635689486536,0.9982177782827947
2,200,0.0,0.0,-11.239902546722034,0.06990931401839887
0,200,0.0,0.1,-22.78234596823897,0.005241829829996071
1,200,0.0,0.1,260.29305710322865,1.0
2,200,0.0,0.1,333.8337021213008,1.0
0,200,0.0,0.2,-22.755655823656745,0.0052739729629860685
1,200,0.0,0.2,64.57630952020031,0.999999651366676
2,200,0.0,0.2,239.22557316434504,1.0
0,50,0.0,0.0,-21.839582507746464,0.006504406786948711
1,50,0.0,0.0,50.856739601728485,0.999991790390981
2,50,0.0,0.0,78.1564306604478,0.9999999847117799
0,100,0.0,0.0,-22.787438653830385,0.005235718847428402
1,100,0.0,0.0,208.0698903096726,1.0
2,100,0.0,0.0,295.71436284137883,1.0
0,200,0.0,0.0,-22.78753538113543,0.005235602847828583
1,200,0.0,0.0,84.63606465888077,0.999999996561306
2,200,0.0,0.0,49.90284338065912,0.9999897738720873
0,200,0.0,0.0,-22.787535994223962,0.005235602112594248
1,200,0.0,0.0,-5.959668522814833,0.20225424650905952
2,200,0.0,0.0,6.104493137111723,0.8030728375140782
0,200,0.1,0.0,-22.32691319938658,0.005818011440290344
1,200,0.1,0.0,51.948851264640545,0.9999936157174283
2,200,0.1,0.0,305.47747419488877,1.0
0,200,0.2,0.0,-21.95798270812853,0.006330582208985207
1,200,0.2,0.0,-17.014611252019563,0.01949788081989307
2,200,0.2,0.0,132.04531479467838,0.9999999999999376
0,200,0.3,0.0,-22.224634013626098,0.005955829839074514
1,200,0.3,0.0,3.1294548552350285,0.6727355189952455
2,200,0.3,0.0,94.34590154101308,0.999999999632371
0,200,0.0,0.0,-22.787534490188477,0.0052356039162793295
1,200,0.0,0.0,27.482635689486536,0.9982177782827947
2,200,0.0,0.0,-11.239902546722034,0.06990931401839887
0,200,0.0,0.1,-22.78234596823897,0.005241829829996071
1,200,0.0,0.1,260.29305710322865,1.0
2,200,0.0,0.1,333.8337021213008,1.0
0,200,0.0,0.2,-22.755655823656745,0.0052739729629860685
1,200,0.0,0.2,64.57630952020031,0.999999651366676
2,200,0.0,0.2,239.22557316434504,1.0
0,50,0.0,0.0,-22.543870825340505,0.0055360748190563525
1,50,0.0,0.0,37.50393564323809,0.9998223646963159
2,50,0.0,0.0,124.47779879092857,0.9999999999996434
0,100,0.0,0.0,-22.74882464440352,0.005282231264762638
1,100,0.0,0.0,-11.817295995047916,0.06174359843701277
2,100,0.0,0.0,405.65405245949796,1.0
0,200,0.0,0.0,-22.787535130006702,0.005235603148989788
1,200,0.0,0.0,213.2848738165011,1.0
2,200,0.0,0.0,38.04781200815902,0.9998432705075818
0,200,0.0,0.0,-22.787534428838853,0.005235603989851685
1,200,0.0,0.0,8.45612472080844,0.8751294997311622
2,200,0.0,0.0,80.7968696592937,0.999999991676365
0,200,0.1,0.0,-22.384704876200963,0.00574154542341354
1,200,0.1,0.0,40.52640630485618,0.9999114230138353
2,200,0.1,0.0,232.68658503245058,1.0
0,200,0.2,0.0,-20.292490983726378,0.009262104499488296
1,200,0.2,0.0,-7.3050011852473204,0.15682570228801854
2,200,0.2,0.0,125.09208234366477,0.9999999999996904
0,200,0.3,0.0,-21.444465829866832,0.00711951471347026
1,200,0.3,0.0,-16.537924300330506,0.021710751212081995
2,200,0.3,0.0,60.17773061365762,0.9999990400988283
0,200,0.0,0.0,-22.787531953474257,0.005235606958385556
1,200,0.0,0.0,284.24713043399726,1.0
2,200,0.0,0.0,285.04065041918057,1.0
0,200,0.0,0.1,-10.415984036127544,0.08329715626092836
1,200,0.0,0.1,253.0378266001148,1.0
2,200,0.0,0.1,315.49794036080294,1.0
0,200,0.0,0.2,-22.463235699904317,0.005639237798958296
1,200,0.0,0.2,45.66400656504185,0.9999728613926729
2,200,0.0,0.2,297.84966774230503,1.0
0,50,0.0,0.0,-22.543870825340505,0.0055360748190563525
1,50,0.0,0.0,37.50393564323809,0.9998223646963159
2,50,0.0,0.0,124.47779879092857,0.9999999999996434
0,100,0.0,0.0,-22.74882464440352,0.005282231264762638
1,100,0.0,0.0,-11.817295995047916,0.06174359843701277
2,100,0.0,0.0,405.65405245949796,1.0
0,200,0.0,0.0,-22.787535130006702,0.005235603148989788
1,200,0.0,0.0,213.2848738165011,1.0
2,200,0.0,0.0,38.04781200815902,0.9998432705075818
0,200,0.0,0.0,-22.787534428838853,0.005235603989851685
1,200,0.0,0.0,8.45612472080844,0.8751294997311622
2,200,0.0,0.0,80.7968696592937,0.999999991676365
0,200,0.1,0.0,-22.384704876200963,0.00574154542341354
1,200,0.1,0.0,40.52640630485618,0.9999114230138353
2,200,0.1,0.0,232.68658503245058,1.0
0,200,0.2,0.0,-20.292490983726378,0.009262104499488296
1,200,0.2,0.0,-7.3050011852473204,0.15682570228801854
2,200,0.2,0.0,125.09208234366477,0.9999999999996904
0,200,0.3,0.0,-21.444465829866832,0.00711951471347026
1,200,0.3,0.0,-16.537924300330506,0.021710751212081995
2,200,0.3,0.0,60.17773061365762,0.9999990400988283
0,200,0.0,0.0,-22.787531953474257,0.005235606958385556
1,200,0.0,0.0,284.24713043399726,1.0
2,200,0.0,0.0,285.04065041918057,1.0
0,200,0.0,0.1,-10.415984036127544,0.08329715626092836
1,200,0.0,0.1,253.0378266001148,1.0
2,200,0.0,0.1,315.49794036080294,1.0
0,200,0.0,0.2,-22.463235699904317,0.005639237798958296
1,200,0.0,0.2,45.66400656504185,0.9999728613926729
2,200,0.0,0.2,297.84966774230503,1.0
0,50,0.0,0.0,-22.543870825340505,0.0055360748190563525
1,50,0.0,0.0,37.50393564323809,0.9998223646963159
2,50,0.0,0.0,124.47779879092857,0.9999999999996434
0,100,0.0,0.0,-22.74882464440352,0.005282231264762638
1,100,0.0,0.0,-11.817295995047916,0.06174359843701277
2,100,0.0,0.0,405.65405245949796,1.0
0,200,0.0,0.0,-22.787535130006702,0.005235603148989788
1,200,0.0,0.0,213.2848738165011,1.0
2,200,0.0,0.0,38.04781200815902,0.9998432705075818
0,200,0.0,0.0,-22.787534428838853,0.005235603989851685
1,200,0.0,0.0,8.45612472080844,0.8751294997311622
2,200,0.0,0.0,80.7968696592937,0.999999991676365
0,200,0.1,0.0,-22.384704876200963,0.00574154542341354
1,200,0.1,0.0,40.52640630485618,0.9999114230138353
2,200,0.1,0.0,232.68658503245058,1.0
0,200,0.2,0.0,-20.292490983726378,0.009262104499488296
1,200,0.2,0.0,-7.3050011852473204,0.15682570228801854
2,200,0.2,0.0,125.09208234366477,0.9999999999996904
0,200,0.3,0.0,-21.444465829866832,0.00711951471347026
1,200,0.3,0.0,-16.537924300330506,0.021710751212081995
2,200,0.3,0.0,60.17773061365762,0.9999990400988283
0,200,0.0,0.0,-22.787531953474257,0.005235606958385556
1,200,0.0,0.0,284.24713043399726,1.0
2,200,0.0,0.0,285.04065041918057,1.0
0,200,0.0,0.1,-10.415984036127544,0.08329715626092836
1,200,0.0,0.1,253.0378266001148,1.0
2,200,0.0,0.1,315.49794036080294,1.0
0,200,0.0,0.2,-22.463235699904317,0.005639237798958296
1,200,0.0,0.2,45.66400656504185,0.9999728613926729
2,200,0.0,0.2,297.84966774230503,1.0
0,50,0.0,0.0,-22.543870825340505,0.0055360748190563525
1,50,0.0,0.0,37.50393564323809,0.9998223646963159
2,50,0.0,0.0,124.47779879092857,0.9999999999996434
0,100,0.0,0.0,-22.74882464440352,0.005282231264762638
1,100,0.0,0.0,-11.817295995047916,0.06174359843701277
2,100,0.0,0.0,405.65405245949796,1.0
0,200,0.0,0.0,-22.787535130006702,0.005235603148989788
1,200,0.0,0.0,213.2848738165011,1.0
2,200,0.0,0.0,38.04781200815902,0.9998432705075818
0,200,0.0,0.0,-22.787534428838853,0.005235603989851685
1,200,0.0,0.0,8.45612472080844,0.8751294997311622
2,200,0.0,0.0,80.7968696592937,0.999999991676365
0,200,0.1,0.0,-22.384704876200963,0.00574154542341354
1,200,0.1,0.0,40.52640630485618,0.9999114230138353
2,200,0.1,0.0,232.68658503245058,1.0
0,200,0.2,0.0,-20.292490983726378,0.009262104499488296
1,200,0.2,0.0,-7.3050011852473204,0.15682570228801854
2,200,0.2,0.0,125.09208234366477,0.9999999999996904
0,200,0.3,0.0,-21.444465829866832,0.00711951471347026
1,200,0.3,0.0,-16.537924300330506,0.021710751212081995
2,200,0.3,0.0,60.17773061365762,0.9999990400988283
0,200,0.0,0.0,-22.787531953474257,0.005235606958385556
1,200,0.0,0.0,284.24713043399726,1.0
2,200,0.0,0.0,285.04065041918057,1.0
0,200,0.0,0.1,-10.415984036127544,0.08329715626092836
1,200,0.0,0.1,253.0378266001148,1.0
2,200,0.0,0.1,315.49794036080294,1.0
0,200,0.0,0.2,-22.463235699904317,0.005639237798958296
1,200,0.0,0.2,45.66400656504185,0.9999728613926729
2,200,0.0,0.2,297.84966774230503,1.0
